<?xml version="1.0" encoding="UTF-8"?>
<kml xmlns="http://www.opengis.net/kml/2.2">
  <Document>
    <name>Na-Duar Sub-District Villages (Sonitpur, Assam)</name>
    <description>All 178 village boundary polygons and centroids of Na-Duar Circle, Sonitpur District, Assam, India.</description>
    <Style id="villageStyle">
      <LineStyle>
        <color>ff0050f0</color>
        <width>2.5</width>
      </LineStyle>
      <PolyStyle>
        <color>500284c7</color>
      </PolyStyle>
    </Style>
    <Placemark>
      <name>Un-named Block (11853)</name>
      <description><![CDATA[
        <h3>Un-named Block (11853)</h3>
        <p><b>Village ID:</b> 11853<br/>
        <b>Sub-District:</b> Na-Duar<br/>
        <b>District:</b> SONITPUR<br/>
        <b>Coordinates:</b> 26.64, 92.944</p>
      ]]></description>
      <styleUrl>#villageStyle</styleUrl>
      <MultiGeometry>
        <Point>
          <coordinates>92.944,26.64,0</coordinates>
        </Point>
        <Polygon>
          <outerBoundaryIs>
            <LinearRing>
              <coordinates>92.949,26.65,0 92.948,26.65,0 92.947,26.649,0 92.946,26.649,0 92.945,26.649,0 92.944,26.649,0 92.943,26.649,0 92.942,26.649,0 92.941,26.649,0 92.94,26.649,0 92.939,26.649,0 92.938,26.649,0 92.937,26.65,0 92.936,26.65,0 92.935,26.65,0 92.934,26.65,0 92.933,26.65,0 92.932,26.65,0 92.931,26.65,0 92.93,26.649,0 92.929,26.649,0 92.929,26.648,0 92.928,26.648,0 92.927,26.647,0 92.926,26.646,0 92.926,26.645,0 92.926,26.644,0 92.925,26.643,0 92.925,26.642,0 92.925,26.641,0 92.925,26.64,0 92.924,26.639,0 92.923,26.638,0 92.924,26.636,0 92.925,26.633,0 92.926,26.63,0 92.927,26.628,0 92.928,26.626,0 92.929,26.626,0 92.93,26.626,0 92.931,26.626,0 92.932,26.626,0 92.933,26.626,0 92.934,26.625,0 92.935,26.625,0 92.937,26.625,0 92.939,26.624,0 92.94,26.624,0 92.942,26.624,0 92.943,26.624,0 92.944,26.624,0 92.946,26.624,0 92.948,26.625,0 92.949,26.625,0 92.95,26.625,0 92.951,26.626,0 92.952,26.626,0 92.953,26.626,0 92.954,26.628,0 92.954,26.629,0 92.955,26.63,0 92.954,26.631,0 92.954,26.632,0 92.954,26.633,0 92.954,26.634,0 92.955,26.635,0 92.955,26.636,0 92.956,26.637,0 92.956,26.638,0 92.957,26.639,0 92.958,26.639,0 92.958,26.64,0 92.959,26.64,0 92.959,26.641,0 92.96,26.641,0 92.96,26.642,0 92.961,26.642,0 92.962,26.643,0 92.963,26.644,0 92.964,26.644,0 92.963,26.644,0 92.963,26.645,0 92.962,26.645,0 92.961,26.646,0 92.96,26.646,0 92.959,26.647,0 92.958,26.648,0 92.957,26.648,0 92.956,26.649,0 92.955,26.649,0 92.954,26.649,0 92.953,26.649,0 92.952,26.649,0 92.951,26.649,0 92.951,26.65,0 92.95,26.65,0 92.949,26.65,0</coordinates>
            </LinearRing>
          </outerBoundaryIs>
        </Polygon>
      </MultiGeometry>
    </Placemark>
    <Placemark>
      <name>Un-named Block (12215)</name>
      <description><![CDATA[
        <h3>Un-named Block (12215)</h3>
        <p><b>Village ID:</b> 12215<br/>
        <b>Sub-District:</b> Na-Duar<br/>
        <b>District:</b> SONITPUR<br/>
        <b>Coordinates:</b> 26.672, 92.996</p>
      ]]></description>
      <styleUrl>#villageStyle</styleUrl>
      <MultiGeometry>
        <Point>
          <coordinates>92.996,26.672,0</coordinates>
        </Point>
        <Polygon>
          <outerBoundaryIs>
            <LinearRing>
              <coordinates>92.996,26.675,0 92.995,26.675,0 92.994,26.675,0 92.992,26.675,0 92.991,26.675,0 92.99,26.674,0 92.989,26.674,0 92.989,26.673,0 92.988,26.672,0 92.988,26.671,0 92.988,26.67,0 92.989,26.67,0 92.99,26.67,0 92.992,26.67,0 92.994,26.67,0 92.996,26.67,0 92.997,26.67,0 92.998,26.671,0 92.999,26.671,0 93.0,26.671,0 93.001,26.671,0 93.002,26.671,0 93.003,26.671,0 93.003,26.672,0 93.004,26.672,0 93.003,26.672,0 93.002,26.673,0 93.001,26.673,0 93.0,26.674,0 92.999,26.674,0 92.998,26.675,0 92.997,26.675,0 92.996,26.675,0</coordinates>
            </LinearRing>
          </outerBoundaryIs>
        </Polygon>
      </MultiGeometry>
    </Placemark>
    <Placemark>
      <name>Un-named Block (12258)</name>
      <description><![CDATA[
        <h3>Un-named Block (12258)</h3>
        <p><b>Village ID:</b> 12258<br/>
        <b>Sub-District:</b> Na-Duar<br/>
        <b>District:</b> SONITPUR<br/>
        <b>Coordinates:</b> 26.656, 92.981</p>
      ]]></description>
      <styleUrl>#villageStyle</styleUrl>
      <MultiGeometry>
        <Point>
          <coordinates>92.981,26.656,0</coordinates>
        </Point>
        <Polygon>
          <outerBoundaryIs>
            <LinearRing>
              <coordinates>92.964,26.644,0 92.966,26.645,0 92.967,26.645,0 92.968,26.645,0 92.97,26.646,0 92.971,26.646,0 92.973,26.646,0 92.974,26.647,0 92.976,26.647,0 92.977,26.648,0 92.978,26.648,0 92.979,26.649,0 92.981,26.649,0 92.982,26.649,0 92.984,26.65,0 92.985,26.65,0 92.987,26.65,0 92.989,26.65,0 92.992,26.651,0 92.994,26.651,0 92.996,26.651,0 92.997,26.652,0 92.998,26.652,0 92.998,26.653,0 92.998,26.654,0 92.998,26.655,0 92.999,26.656,0 92.999,26.657,0 93.0,26.658,0 93.001,26.658,0 93.002,26.659,0 93.003,26.659,0 93.004,26.66,0 93.005,26.66,0 93.006,26.66,0 93.007,26.661,0 93.008,26.661,0 93.009,26.661,0 93.01,26.661,0 93.011,26.661,0 93.011,26.662,0 93.012,26.662,0 93.012,26.663,0 93.012,26.664,0 93.011,26.665,0 93.01,26.666,0 93.009,26.667,0 93.008,26.668,0 93.008,26.669,0 93.007,26.669,0 93.007,26.67,0 93.007,26.671,0 93.006,26.671,0 93.005,26.671,0 93.004,26.671,0 93.003,26.67,0 93.002,26.67,0 93.0,26.67,0 92.999,26.67,0 92.998,26.67,0 92.997,26.669,0 92.996,26.669,0 92.995,26.669,0 92.993,26.669,0 92.991,26.669,0 92.99,26.669,0 92.989,26.669,0 92.988,26.668,0 92.987,26.668,0 92.986,26.667,0 92.985,26.666,0 92.984,26.665,0 92.983,26.664,0 92.983,26.663,0 92.982,26.662,0 92.982,26.661,0 92.982,26.66,0 92.982,26.659,0 92.982,26.658,0 92.982,26.656,0 92.982,26.655,0 92.982,26.654,0 92.982,26.653,0 92.981,26.652,0 92.981,26.653,0 92.981,26.654,0 92.981,26.655,0 92.981,26.656,0 92.98,26.656,0 92.98,26.657,0 92.979,26.657,0 92.978,26.657,0 92.977,26.657,0 92.976,26.657,0 92.975,26.657,0 92.975,26.656,0 92.974,26.656,0 92.973,26.656,0 92.972,26.656,0 92.971,26.655,0 92.97,26.655,0 92.968,26.655,0 92.967,26.655,0 92.966,26.655,0 92.965,26.654,0 92.964,26.654,0 92.963,26.654,0 92.962,26.654,0 92.961,26.654,0 92.961,26.653,0 92.96,26.653,0 92.959,26.653,0 92.958,26.653,0 92.957,26.653,0 92.957,26.652,0 92.956,26.652,0 92.955,26.652,0 92.954,26.652,0 92.953,26.651,0 92.952,26.651,0 92.951,26.651,0 92.95,26.651,0 92.949,26.65,0 92.95,26.65,0 92.951,26.65,0 92.951,26.649,0 92.952,26.649,0 92.953,26.649,0 92.954,26.649,0 92.955,26.649,0 92.956,26.649,0 92.957,26.648,0 92.958,26.648,0 92.959,26.647,0 92.96,26.646,0 92.961,26.646,0 92.962,26.645,0 92.963,26.645,0 92.963,26.644,0 92.964,26.644,0</coordinates>
            </LinearRing>
          </outerBoundaryIs>
        </Polygon>
      </MultiGeometry>
    </Placemark>
    <Placemark>
      <name>Batiamari</name>
      <description><![CDATA[
        <h3>Batiamari</h3>
        <p><b>Village ID:</b> 12262<br/>
        <b>Sub-District:</b> Na-Duar<br/>
        <b>District:</b> SONITPUR<br/>
        <b>Coordinates:</b> 26.667, 92.927</p>
      ]]></description>
      <styleUrl>#villageStyle</styleUrl>
      <MultiGeometry>
        <Point>
          <coordinates>92.927,26.667,0</coordinates>
        </Point>
        <Polygon>
          <outerBoundaryIs>
            <LinearRing>
              <coordinates>92.914,26.677,0 92.913,26.677,0 92.913,26.676,0 92.913,26.675,0 92.914,26.674,0 92.915,26.672,0 92.915,26.671,0 92.916,26.669,0 92.916,26.668,0 92.916,26.667,0 92.916,26.666,0 92.915,26.665,0 92.916,26.661,0 92.918,26.66,0 92.921,26.659,0 92.923,26.658,0 92.925,26.658,0 92.926,26.657,0 92.928,26.656,0 92.929,26.655,0 92.93,26.655,0 92.93,26.654,0 92.931,26.654,0 92.932,26.655,0 92.933,26.655,0 92.934,26.656,0 92.935,26.657,0 92.936,26.657,0 92.937,26.658,0 92.937,26.659,0 92.937,26.66,0 92.937,26.661,0 92.937,26.663,0 92.937,26.664,0 92.937,26.666,0 92.936,26.667,0 92.936,26.668,0 92.936,26.669,0 92.935,26.67,0 92.935,26.671,0 92.936,26.674,0 92.935,26.674,0 92.935,26.675,0 92.935,26.674,0 92.934,26.673,0 92.933,26.673,0 92.932,26.672,0 92.931,26.671,0 92.93,26.671,0 92.929,26.671,0 92.928,26.671,0 92.926,26.671,0 92.925,26.671,0 92.924,26.671,0 92.923,26.672,0 92.922,26.673,0 92.921,26.674,0 92.92,26.675,0 92.918,26.676,0 92.917,26.676,0 92.915,26.677,0 92.914,26.677,0</coordinates>
            </LinearRing>
          </outerBoundaryIs>
        </Polygon>
      </MultiGeometry>
    </Placemark>
    <Placemark>
      <name>No.4 Panpor Ghat</name>
      <description><![CDATA[
        <h3>No.4 Panpor Ghat</h3>
        <p><b>Village ID:</b> 12274<br/>
        <b>Sub-District:</b> Na-Duar<br/>
        <b>District:</b> SONITPUR<br/>
        <b>Coordinates:</b> 26.67, 92.944</p>
      ]]></description>
      <styleUrl>#villageStyle</styleUrl>
      <MultiGeometry>
        <Point>
          <coordinates>92.944,26.67,0</coordinates>
        </Point>
        <Polygon>
          <outerBoundaryIs>
            <LinearRing>
              <coordinates>92.943,26.663,0 92.944,26.663,0 92.945,26.664,0 92.946,26.665,0 92.947,26.666,0 92.947,26.667,0 92.948,26.667,0 92.948,26.668,0 92.949,26.671,0 92.949,26.673,0 92.948,26.674,0 92.947,26.675,0 92.947,26.676,0 92.946,26.677,0 92.946,26.678,0 92.945,26.677,0 92.944,26.677,0 92.943,26.676,0 92.942,26.675,0 92.941,26.674,0 92.941,26.673,0 92.94,26.672,0 92.94,26.671,0 92.94,26.67,0 92.941,26.669,0 92.941,26.668,0 92.941,26.667,0 92.942,26.666,0 92.942,26.665,0 92.942,26.664,0 92.942,26.663,0 92.942,26.662,0 92.943,26.663,0</coordinates>
            </LinearRing>
          </outerBoundaryIs>
        </Polygon>
      </MultiGeometry>
    </Placemark>
    <Placemark>
      <name>No.4 Bhojmari</name>
      <description><![CDATA[
        <h3>No.4 Bhojmari</h3>
        <p><b>Village ID:</b> 12275<br/>
        <b>Sub-District:</b> Na-Duar<br/>
        <b>District:</b> SONITPUR<br/>
        <b>Coordinates:</b> 26.668, 93.084</p>
      ]]></description>
      <styleUrl>#villageStyle</styleUrl>
      <MultiGeometry>
        <Point>
          <coordinates>93.084,26.668,0</coordinates>
        </Point>
        <Polygon>
          <outerBoundaryIs>
            <LinearRing>
              <coordinates>93.109,26.673,0 93.101,26.676,0 93.099,26.676,0 93.097,26.677,0 93.095,26.677,0 93.094,26.677,0 93.092,26.677,0 93.09,26.677,0 93.088,26.676,0 93.087,26.676,0 93.085,26.676,0 93.083,26.676,0 93.081,26.675,0 93.08,26.675,0 93.079,26.675,0 93.077,26.675,0 93.076,26.675,0 93.075,26.675,0 93.074,26.675,0 93.072,26.675,0 93.07,26.675,0 93.069,26.675,0 93.069,26.674,0 93.068,26.674,0 93.067,26.674,0 93.066,26.674,0 93.065,26.673,0 93.064,26.673,0 93.063,26.673,0 93.062,26.673,0 93.061,26.673,0 93.061,26.672,0 93.06,26.672,0 93.058,26.672,0 93.057,26.672,0 93.056,26.671,0 93.056,26.67,0 93.057,26.669,0 93.057,26.668,0 93.058,26.668,0 93.058,26.667,0 93.059,26.667,0 93.06,26.667,0 93.061,26.667,0 93.063,26.667,0 93.064,26.667,0 93.065,26.667,0 93.066,26.667,0 93.067,26.667,0 93.068,26.667,0 93.069,26.667,0 93.071,26.666,0 93.072,26.666,0 93.073,26.666,0 93.076,26.665,0 93.077,26.665,0 93.078,26.665,0 93.08,26.665,0 93.082,26.666,0 93.083,26.666,0 93.084,26.666,0 93.085,26.666,0 93.086,26.666,0 93.087,26.666,0 93.088,26.665,0 93.091,26.665,0 93.092,26.664,0 93.094,26.664,0 93.095,26.663,0 93.097,26.663,0 93.098,26.663,0 93.1,26.663,0 93.102,26.662,0 93.104,26.662,0 93.106,26.661,0 93.107,26.661,0 93.108,26.661,0 93.109,26.66,0 93.11,26.66,0 93.111,26.659,0 93.112,26.658,0 93.112,26.657,0 93.113,26.656,0 93.114,26.656,0 93.115,26.655,0 93.116,26.655,0 93.118,26.655,0 93.125,26.655,0 93.125,26.656,0 93.123,26.66,0 93.121,26.662,0 93.116,26.666,0 93.109,26.673,0</coordinates>
            </LinearRing>
          </outerBoundaryIs>
        </Polygon>
      </MultiGeometry>
    </Placemark>
    <Placemark>
      <name>Un-named Block (12276)</name>
      <description><![CDATA[
        <h3>Un-named Block (12276)</h3>
        <p><b>Village ID:</b> 12276<br/>
        <b>Sub-District:</b> Na-Duar<br/>
        <b>District:</b> SONITPUR<br/>
        <b>Coordinates:</b> 26.674, 93.013</p>
      ]]></description>
      <styleUrl>#villageStyle</styleUrl>
      <MultiGeometry>
        <Point>
          <coordinates>93.013,26.674,0</coordinates>
        </Point>
        <Polygon>
          <outerBoundaryIs>
            <LinearRing>
              <coordinates>93.001,26.685,0 93.0,26.684,0 92.999,26.684,0 92.998,26.684,0 92.997,26.683,0 92.996,26.682,0 92.995,26.682,0 92.994,26.681,0 92.993,26.681,0 92.993,26.68,0 92.992,26.679,0 92.992,26.678,0 92.991,26.677,0 92.99,26.676,0 92.989,26.675,0 92.989,26.674,0 92.99,26.675,0 92.991,26.675,0 92.992,26.675,0 92.992,26.676,0 92.993,26.676,0 92.994,26.676,0 92.995,26.676,0 92.996,26.676,0 92.997,26.676,0 92.998,26.675,0 92.999,26.675,0 93.0,26.675,0 93.001,26.674,0 93.002,26.674,0 93.003,26.674,0 93.004,26.673,0 93.005,26.673,0 93.006,26.673,0 93.007,26.672,0 93.008,26.671,0 93.008,26.67,0 93.009,26.669,0 93.01,26.668,0 93.01,26.667,0 93.011,26.667,0 93.012,26.666,0 93.013,26.665,0 93.014,26.664,0 93.014,26.663,0 93.014,26.662,0 93.014,26.661,0 93.015,26.66,0 93.016,26.66,0 93.017,26.66,0 93.018,26.66,0 93.019,26.66,0 93.021,26.66,0 93.022,26.66,0 93.023,26.66,0 93.024,26.66,0 93.025,26.66,0 93.025,26.661,0 93.026,26.661,0 93.027,26.661,0 93.028,26.662,0 93.029,26.662,0 93.029,26.663,0 93.03,26.664,0 93.031,26.664,0 93.031,26.665,0 93.032,26.665,0 93.033,26.666,0 93.033,26.667,0 93.033,26.668,0 93.033,26.669,0 93.032,26.669,0 93.032,26.67,0 93.031,26.67,0 93.031,26.671,0 93.03,26.671,0 93.03,26.672,0 93.029,26.672,0 93.028,26.672,0 93.028,26.673,0 93.028,26.674,0 93.027,26.674,0 93.027,26.675,0 93.027,26.676,0 93.026,26.677,0 93.026,26.678,0 93.026,26.68,0 93.025,26.681,0 93.024,26.681,0 93.024,26.682,0 93.023,26.682,0 93.022,26.682,0 93.021,26.683,0 93.02,26.683,0 93.019,26.683,0 93.018,26.683,0 93.017,26.683,0 93.017,26.682,0 93.016,26.682,0 93.015,26.682,0 93.015,26.681,0 93.014,26.681,0 93.013,26.681,0 93.013,26.68,0 93.012,26.68,0 93.011,26.68,0 93.01,26.68,0 93.01,26.681,0 93.009,26.681,0 93.008,26.681,0 93.007,26.681,0 93.006,26.682,0 93.005,26.682,0 93.005,26.683,0 93.004,26.683,0 93.003,26.683,0 93.003,26.684,0 93.002,26.684,0 93.001,26.685,0</coordinates>
            </LinearRing>
          </outerBoundaryIs>
        </Polygon>
      </MultiGeometry>
    </Placemark>
    <Placemark>
      <name>Niz-Gorpal</name>
      <description><![CDATA[
        <h3>Niz-Gorpal</h3>
        <p><b>Village ID:</b> 12325<br/>
        <b>Sub-District:</b> Na-Duar<br/>
        <b>District:</b> SONITPUR<br/>
        <b>Coordinates:</b> 26.668, 92.975</p>
      ]]></description>
      <styleUrl>#villageStyle</styleUrl>
      <MultiGeometry>
        <Point>
          <coordinates>92.975,26.668,0</coordinates>
        </Point>
        <Polygon>
          <outerBoundaryIs>
            <LinearRing>
              <coordinates>92.984,26.671,0 92.984,26.672,0 92.984,26.673,0 92.983,26.675,0 92.983,26.676,0 92.983,26.677,0 92.982,26.676,0 92.98,26.676,0 92.978,26.676,0 92.976,26.676,0 92.974,26.676,0 92.971,26.675,0 92.969,26.676,0 92.968,26.676,0 92.968,26.675,0 92.968,26.673,0 92.968,26.671,0 92.968,26.67,0 92.967,26.667,0 92.967,26.665,0 92.967,26.663,0 92.967,26.662,0 92.967,26.66,0 92.967,26.659,0 92.968,26.659,0 92.97,26.658,0 92.972,26.658,0 92.973,26.658,0 92.974,26.658,0 92.975,26.659,0 92.976,26.659,0 92.977,26.661,0 92.978,26.662,0 92.979,26.663,0 92.98,26.665,0 92.982,26.666,0 92.983,26.668,0 92.984,26.67,0 92.984,26.671,0</coordinates>
            </LinearRing>
          </outerBoundaryIs>
        </Polygon>
      </MultiGeometry>
    </Placemark>
    <Placemark>
      <name>Khalihamari</name>
      <description><![CDATA[
        <h3>Khalihamari</h3>
        <p><b>Village ID:</b> 12326<br/>
        <b>Sub-District:</b> Na-Duar<br/>
        <b>District:</b> SONITPUR<br/>
        <b>Coordinates:</b> 26.667, 92.952</p>
      ]]></description>
      <styleUrl>#villageStyle</styleUrl>
      <MultiGeometry>
        <Point>
          <coordinates>92.952,26.667,0</coordinates>
        </Point>
        <Polygon>
          <outerBoundaryIs>
            <LinearRing>
              <coordinates>92.959,26.658,0 92.959,26.659,0 92.959,26.66,0 92.959,26.662,0 92.959,26.664,0 92.959,26.665,0 92.958,26.666,0 92.958,26.668,0 92.958,26.669,0 92.958,26.671,0 92.958,26.673,0 92.957,26.674,0 92.957,26.677,0 92.956,26.678,0 92.956,26.679,0 92.955,26.68,0 92.954,26.681,0 92.954,26.682,0 92.952,26.681,0 92.95,26.68,0 92.949,26.68,0 92.948,26.679,0 92.947,26.678,0 92.946,26.678,0 92.946,26.677,0 92.947,26.676,0 92.947,26.675,0 92.948,26.674,0 92.949,26.673,0 92.949,26.671,0 92.948,26.668,0 92.948,26.667,0 92.947,26.667,0 92.947,26.666,0 92.946,26.665,0 92.945,26.664,0 92.944,26.663,0 92.943,26.663,0 92.944,26.663,0 92.945,26.663,0 92.945,26.662,0 92.946,26.662,0 92.947,26.661,0 92.948,26.66,0 92.949,26.659,0 92.949,26.658,0 92.95,26.657,0 92.951,26.656,0 92.952,26.655,0 92.953,26.655,0 92.954,26.656,0 92.955,26.657,0 92.956,26.657,0 92.957,26.657,0 92.958,26.658,0 92.959,26.658,0</coordinates>
            </LinearRing>
          </outerBoundaryIs>
        </Polygon>
      </MultiGeometry>
    </Placemark>
    <Placemark>
      <name>No.1 Gorpal</name>
      <description><![CDATA[
        <h3>No.1 Gorpal</h3>
        <p><b>Village ID:</b> 12327<br/>
        <b>Sub-District:</b> Na-Duar<br/>
        <b>District:</b> SONITPUR<br/>
        <b>Coordinates:</b> 26.682, 93.044</p>
      ]]></description>
      <styleUrl>#villageStyle</styleUrl>
      <MultiGeometry>
        <Point>
          <coordinates>93.044,26.682,0</coordinates>
        </Point>
        <Polygon>
          <outerBoundaryIs>
            <LinearRing>
              <coordinates>93.048,26.686,0 93.047,26.686,0 93.045,26.686,0 93.044,26.686,0 93.043,26.686,0 93.042,26.687,0 93.041,26.687,0 93.04,26.687,0 93.039,26.687,0 93.038,26.687,0 93.037,26.687,0 93.037,26.686,0 93.037,26.685,0 93.037,26.684,0 93.037,26.682,0 93.038,26.68,0 93.038,26.679,0 93.039,26.679,0 93.04,26.679,0 93.041,26.679,0 93.042,26.679,0 93.044,26.678,0 93.045,26.677,0 93.046,26.677,0 93.047,26.677,0 93.049,26.676,0 93.05,26.676,0 93.05,26.677,0 93.05,26.678,0 93.05,26.679,0 93.05,26.68,0 93.05,26.681,0 93.049,26.682,0 93.049,26.683,0 93.048,26.683,0 93.048,26.684,0 93.048,26.685,0 93.048,26.686,0</coordinates>
            </LinearRing>
          </outerBoundaryIs>
        </Polygon>
      </MultiGeometry>
    </Placemark>
    <Placemark>
      <name>Chital Mari</name>
      <description><![CDATA[
        <h3>Chital Mari</h3>
        <p><b>Village ID:</b> 12337<br/>
        <b>Sub-District:</b> Na-Duar<br/>
        <b>District:</b> SONITPUR<br/>
        <b>Coordinates:</b> 26.672, 92.962</p>
      ]]></description>
      <styleUrl>#villageStyle</styleUrl>
      <MultiGeometry>
        <Point>
          <coordinates>92.962,26.672,0</coordinates>
        </Point>
        <Polygon>
          <outerBoundaryIs>
            <LinearRing>
              <coordinates>92.964,26.687,0 92.962,26.686,0 92.961,26.686,0 92.96,26.686,0 92.959,26.685,0 92.958,26.685,0 92.957,26.684,0 92.955,26.683,0 92.954,26.682,0 92.954,26.681,0 92.955,26.68,0 92.956,26.679,0 92.956,26.678,0 92.957,26.677,0 92.957,26.674,0 92.958,26.673,0 92.958,26.671,0 92.958,26.669,0 92.958,26.668,0 92.958,26.666,0 92.959,26.665,0 92.959,26.664,0 92.959,26.662,0 92.959,26.66,0 92.959,26.659,0 92.959,26.658,0 92.96,26.658,0 92.961,26.658,0 92.962,26.658,0 92.963,26.659,0 92.965,26.659,0 92.966,26.659,0 92.967,26.659,0 92.967,26.66,0 92.967,26.662,0 92.967,26.663,0 92.967,26.665,0 92.967,26.667,0 92.968,26.67,0 92.968,26.671,0 92.968,26.673,0 92.968,26.675,0 92.968,26.676,0 92.968,26.678,0 92.967,26.679,0 92.967,26.682,0 92.966,26.682,0 92.965,26.684,0 92.964,26.686,0 92.964,26.687,0</coordinates>
            </LinearRing>
          </outerBoundaryIs>
        </Polygon>
      </MultiGeometry>
    </Placemark>
    <Placemark>
      <name>Un-named Block (12362)</name>
      <description><![CDATA[
        <h3>Un-named Block (12362)</h3>
        <p><b>Village ID:</b> 12362<br/>
        <b>Sub-District:</b> Na-Duar<br/>
        <b>District:</b> SONITPUR<br/>
        <b>Coordinates:</b> 26.651, 92.926</p>
      ]]></description>
      <styleUrl>#villageStyle</styleUrl>
      <MultiGeometry>
        <Point>
          <coordinates>92.926,26.651,0</coordinates>
        </Point>
        <Polygon>
          <outerBoundaryIs>
            <LinearRing>
              <coordinates>92.933,26.655,0 92.932,26.655,0 92.931,26.654,0 92.93,26.654,0 92.93,26.655,0 92.929,26.655,0 92.928,26.656,0 92.926,26.657,0 92.925,26.658,0 92.923,26.658,0 92.921,26.659,0 92.918,26.66,0 92.916,26.661,0 92.918,26.658,0 92.918,26.655,0 92.918,26.653,0 92.918,26.652,0 92.919,26.65,0 92.92,26.644,0 92.921,26.643,0 92.922,26.64,0 92.923,26.64,0 92.923,26.641,0 92.924,26.642,0 92.924,26.643,0 92.925,26.644,0 92.925,26.645,0 92.925,26.646,0 92.925,26.647,0 92.925,26.648,0 92.925,26.649,0 92.926,26.649,0 92.927,26.65,0 92.928,26.65,0 92.929,26.651,0 92.93,26.651,0 92.931,26.652,0 92.932,26.652,0 92.933,26.652,0 92.934,26.652,0 92.933,26.653,0 92.933,26.654,0 92.933,26.655,0</coordinates>
            </LinearRing>
          </outerBoundaryIs>
        </Polygon>
      </MultiGeometry>
    </Placemark>
    <Placemark>
      <name>Talaka Bari</name>
      <description><![CDATA[
        <h3>Talaka Bari</h3>
        <p><b>Village ID:</b> 12647<br/>
        <b>Sub-District:</b> Na-Duar<br/>
        <b>District:</b> SONITPUR<br/>
        <b>Coordinates:</b> 26.714, 92.944</p>
      ]]></description>
      <styleUrl>#villageStyle</styleUrl>
      <MultiGeometry>
        <Point>
          <coordinates>92.944,26.714,0</coordinates>
        </Point>
        <Polygon>
          <outerBoundaryIs>
            <LinearRing>
              <coordinates>92.954,26.722,0 92.954,26.723,0 92.953,26.723,0 92.952,26.723,0 92.951,26.723,0 92.95,26.723,0 92.949,26.723,0 92.947,26.723,0 92.945,26.723,0 92.944,26.723,0 92.942,26.723,0 92.94,26.723,0 92.938,26.723,0 92.938,26.722,0 92.938,26.721,0 92.939,26.72,0 92.939,26.719,0 92.939,26.718,0 92.939,26.717,0 92.938,26.717,0 92.938,26.716,0 92.937,26.716,0 92.937,26.715,0 92.936,26.715,0 92.936,26.714,0 92.936,26.713,0 92.936,26.712,0 92.937,26.712,0 92.937,26.711,0 92.938,26.711,0 92.938,26.71,0 92.938,26.709,0 92.937,26.709,0 92.937,26.708,0 92.936,26.708,0 92.935,26.707,0 92.934,26.706,0 92.935,26.706,0 92.936,26.705,0 92.938,26.705,0 92.939,26.705,0 92.941,26.705,0 92.942,26.705,0 92.944,26.706,0 92.945,26.706,0 92.946,26.706,0 92.947,26.706,0 92.948,26.706,0 92.95,26.706,0 92.952,26.706,0 92.954,26.707,0 92.954,26.708,0 92.954,26.71,0 92.954,26.711,0 92.954,26.713,0 92.954,26.714,0 92.954,26.715,0 92.954,26.717,0 92.954,26.718,0 92.954,26.719,0 92.954,26.721,0 92.954,26.722,0</coordinates>
            </LinearRing>
          </outerBoundaryIs>
        </Polygon>
      </MultiGeometry>
    </Placemark>
    <Placemark>
      <name>Chaporial</name>
      <description><![CDATA[
        <h3>Chaporial</h3>
        <p><b>Village ID:</b> 12665<br/>
        <b>Sub-District:</b> Na-Duar<br/>
        <b>District:</b> SONITPUR<br/>
        <b>Coordinates:</b> 26.717, 93.021</p>
      ]]></description>
      <styleUrl>#villageStyle</styleUrl>
      <MultiGeometry>
        <Point>
          <coordinates>93.021,26.717,0</coordinates>
        </Point>
        <Polygon>
          <outerBoundaryIs>
            <LinearRing>
              <coordinates>93.029,26.716,0 93.029,26.717,0 93.03,26.719,0 93.031,26.72,0 93.031,26.722,0 93.031,26.724,0 93.03,26.723,0 93.029,26.723,0 93.028,26.723,0 93.027,26.722,0 93.026,26.721,0 93.025,26.721,0 93.024,26.721,0 93.022,26.722,0 93.02,26.722,0 93.018,26.722,0 93.016,26.722,0 93.014,26.722,0 93.013,26.722,0 93.011,26.722,0 93.01,26.722,0 93.009,26.719,0 93.009,26.715,0 93.009,26.714,0 93.009,26.713,0 93.009,26.712,0 93.009,26.711,0 93.01,26.711,0 93.011,26.711,0 93.013,26.712,0 93.014,26.712,0 93.017,26.712,0 93.02,26.712,0 93.023,26.712,0 93.026,26.712,0 93.027,26.712,0 93.027,26.713,0 93.028,26.714,0 93.028,26.715,0 93.029,26.716,0</coordinates>
            </LinearRing>
          </outerBoundaryIs>
        </Polygon>
      </MultiGeometry>
    </Placemark>
    <Placemark>
      <name>Palasani</name>
      <description><![CDATA[
        <h3>Palasani</h3>
        <p><b>Village ID:</b> 12667<br/>
        <b>Sub-District:</b> Na-Duar<br/>
        <b>District:</b> SONITPUR<br/>
        <b>Coordinates:</b> 26.713, 93.055</p>
      ]]></description>
      <styleUrl>#villageStyle</styleUrl>
      <MultiGeometry>
        <Point>
          <coordinates>93.055,26.713,0</coordinates>
        </Point>
        <Polygon>
          <outerBoundaryIs>
            <LinearRing>
              <coordinates>93.062,26.72,0 93.06,26.719,0 93.058,26.719,0 93.055,26.719,0 93.053,26.718,0 93.051,26.718,0 93.047,26.718,0 93.046,26.718,0 93.045,26.718,0 93.046,26.716,0 93.046,26.714,0 93.047,26.712,0 93.047,26.711,0 93.048,26.71,0 93.047,26.708,0 93.048,26.708,0 93.049,26.709,0 93.05,26.71,0 93.051,26.71,0 93.051,26.711,0 93.052,26.711,0 93.053,26.711,0 93.054,26.711,0 93.055,26.711,0 93.056,26.711,0 93.057,26.711,0 93.058,26.711,0 93.059,26.711,0 93.059,26.71,0 93.06,26.71,0 93.061,26.709,0 93.061,26.71,0 93.061,26.711,0 93.062,26.711,0 93.062,26.713,0 93.062,26.714,0 93.062,26.716,0 93.062,26.717,0 93.062,26.718,0 93.062,26.72,0</coordinates>
            </LinearRing>
          </outerBoundaryIs>
        </Polygon>
      </MultiGeometry>
    </Placemark>
    <Placemark>
      <name>No.1 Gosain Chapori</name>
      <description><![CDATA[
        <h3>No.1 Gosain Chapori</h3>
        <p><b>Village ID:</b> 12674<br/>
        <b>Sub-District:</b> Na-Duar<br/>
        <b>District:</b> SONITPUR<br/>
        <b>Coordinates:</b> 26.686, 92.989</p>
      ]]></description>
      <styleUrl>#villageStyle</styleUrl>
      <MultiGeometry>
        <Point>
          <coordinates>92.989,26.686,0</coordinates>
        </Point>
        <Polygon>
          <outerBoundaryIs>
            <LinearRing>
              <coordinates>93.0,26.696,0 92.999,26.696,0 92.998,26.696,0 92.997,26.696,0 92.996,26.696,0 92.995,26.696,0 92.993,26.696,0 92.992,26.696,0 92.991,26.695,0 92.989,26.695,0 92.988,26.695,0 92.987,26.695,0 92.985,26.694,0 92.983,26.693,0 92.982,26.693,0 92.98,26.692,0 92.979,26.692,0 92.979,26.691,0 92.98,26.691,0 92.98,26.69,0 92.98,26.689,0 92.981,26.688,0 92.981,26.687,0 92.981,26.686,0 92.982,26.685,0 92.982,26.683,0 92.982,26.682,0 92.982,26.681,0 92.982,26.68,0 92.982,26.679,0 92.983,26.679,0 92.983,26.678,0 92.983,26.677,0 92.983,26.676,0 92.983,26.675,0 92.984,26.673,0 92.984,26.672,0 92.984,26.671,0 92.985,26.672,0 92.985,26.674,0 92.986,26.675,0 92.987,26.676,0 92.987,26.677,0 92.988,26.678,0 92.989,26.679,0 92.99,26.68,0 92.99,26.681,0 92.991,26.681,0 92.992,26.682,0 92.993,26.683,0 92.994,26.683,0 92.994,26.684,0 92.995,26.685,0 92.996,26.685,0 92.997,26.686,0 92.998,26.686,0 92.999,26.687,0 92.999,26.688,0 93.0,26.688,0 93.001,26.689,0 93.001,26.69,0 93.001,26.691,0 93.0,26.692,0 93.0,26.693,0 93.0,26.694,0 93.0,26.695,0 93.0,26.696,0</coordinates>
            </LinearRing>
          </outerBoundaryIs>
        </Polygon>
      </MultiGeometry>
    </Placemark>
    <Placemark>
      <name>Talakabari Bangali</name>
      <description><![CDATA[
        <h3>Talakabari Bangali</h3>
        <p><b>Village ID:</b> 12691<br/>
        <b>Sub-District:</b> Na-Duar<br/>
        <b>District:</b> SONITPUR<br/>
        <b>Coordinates:</b> 26.714, 92.969</p>
      ]]></description>
      <styleUrl>#villageStyle</styleUrl>
      <MultiGeometry>
        <Point>
          <coordinates>92.969,26.714,0</coordinates>
        </Point>
        <Polygon>
          <outerBoundaryIs>
            <LinearRing>
              <coordinates>92.979,26.722,0 92.978,26.722,0 92.977,26.722,0 92.975,26.722,0 92.973,26.722,0 92.971,26.721,0 92.969,26.721,0 92.968,26.722,0 92.967,26.722,0 92.965,26.722,0 92.964,26.723,0 92.963,26.723,0 92.962,26.723,0 92.961,26.723,0 92.96,26.723,0 92.958,26.722,0 92.956,26.722,0 92.955,26.722,0 92.954,26.722,0 92.954,26.721,0 92.954,26.719,0 92.954,26.718,0 92.954,26.717,0 92.954,26.715,0 92.954,26.714,0 92.954,26.713,0 92.954,26.711,0 92.954,26.71,0 92.954,26.708,0 92.954,26.707,0 92.956,26.707,0 92.958,26.707,0 92.961,26.706,0 92.963,26.706,0 92.965,26.706,0 92.967,26.706,0 92.968,26.706,0 92.969,26.707,0 92.97,26.707,0 92.971,26.707,0 92.971,26.706,0 92.972,26.706,0 92.973,26.706,0 92.974,26.706,0 92.975,26.706,0 92.976,26.706,0 92.977,26.707,0 92.978,26.707,0 92.979,26.707,0 92.979,26.708,0 92.98,26.708,0 92.981,26.709,0 92.982,26.71,0 92.982,26.711,0 92.983,26.711,0 92.983,26.712,0 92.983,26.713,0 92.983,26.714,0 92.983,26.715,0 92.982,26.716,0 92.982,26.717,0 92.981,26.718,0 92.981,26.719,0 92.98,26.72,0 92.98,26.721,0 92.979,26.721,0 92.979,26.722,0</coordinates>
            </LinearRing>
          </outerBoundaryIs>
        </Polygon>
      </MultiGeometry>
    </Placemark>
    <Placemark>
      <name>Karaiani</name>
      <description><![CDATA[
        <h3>Karaiani</h3>
        <p><b>Village ID:</b> 12723<br/>
        <b>Sub-District:</b> Na-Duar<br/>
        <b>District:</b> SONITPUR<br/>
        <b>Coordinates:</b> 26.68, 93.062</p>
      ]]></description>
      <styleUrl>#villageStyle</styleUrl>
      <MultiGeometry>
        <Point>
          <coordinates>93.062,26.68,0</coordinates>
        </Point>
        <Polygon>
          <outerBoundaryIs>
            <LinearRing>
              <coordinates>93.08,26.683,0 93.079,26.684,0 93.078,26.684,0 93.076,26.684,0 93.074,26.685,0 93.072,26.685,0 93.07,26.686,0 93.067,26.686,0 93.065,26.687,0 93.064,26.687,0 93.062,26.687,0 93.06,26.688,0 93.058,26.688,0 93.056,26.688,0 93.054,26.689,0 93.053,26.689,0 93.051,26.69,0 93.049,26.69,0 93.047,26.691,0 93.046,26.692,0 93.045,26.692,0 93.046,26.691,0 93.046,26.689,0 93.047,26.688,0 93.047,26.687,0 93.048,26.686,0 93.048,26.685,0 93.048,26.684,0 93.048,26.683,0 93.049,26.683,0 93.049,26.682,0 93.05,26.681,0 93.05,26.68,0 93.05,26.679,0 93.05,26.678,0 93.05,26.677,0 93.05,26.676,0 93.051,26.675,0 93.052,26.675,0 93.054,26.674,0 93.055,26.673,0 93.055,26.672,0 93.056,26.671,0 93.057,26.672,0 93.058,26.672,0 93.06,26.672,0 93.061,26.672,0 93.061,26.673,0 93.062,26.673,0 93.063,26.673,0 93.064,26.673,0 93.065,26.673,0 93.066,26.674,0 93.067,26.674,0 93.068,26.674,0 93.069,26.674,0 93.069,26.675,0 93.07,26.675,0 93.072,26.675,0 93.074,26.675,0 93.075,26.675,0 93.076,26.675,0 93.077,26.675,0 93.079,26.675,0 93.08,26.675,0 93.08,26.677,0 93.08,26.678,0 93.08,26.679,0 93.08,26.68,0 93.08,26.681,0 93.08,26.683,0</coordinates>
            </LinearRing>
          </outerBoundaryIs>
        </Polygon>
      </MultiGeometry>
    </Placemark>
    <Placemark>
      <name>Ghiladhari Mukh</name>
      <description><![CDATA[
        <h3>Ghiladhari Mukh</h3>
        <p><b>Village ID:</b> 12733<br/>
        <b>Sub-District:</b> Na-Duar<br/>
        <b>District:</b> SONITPUR<br/>
        <b>Coordinates:</b> 26.7, 93.03</p>
      ]]></description>
      <styleUrl>#villageStyle</styleUrl>
      <MultiGeometry>
        <Point>
          <coordinates>93.03,26.7,0</coordinates>
        </Point>
        <Polygon>
          <outerBoundaryIs>
            <LinearRing>
              <coordinates>93.046,26.704,0 93.045,26.704,0 93.041,26.704,0 93.04,26.704,0 93.039,26.704,0 93.037,26.703,0 93.034,26.702,0 93.033,26.702,0 93.031,26.702,0 93.03,26.701,0 93.029,26.701,0 93.028,26.701,0 93.027,26.702,0 93.025,26.702,0 93.024,26.702,0 93.023,26.702,0 93.022,26.703,0 93.021,26.703,0 93.02,26.702,0 93.019,26.702,0 93.018,26.702,0 93.017,26.702,0 93.016,26.701,0 93.015,26.701,0 93.015,26.699,0 93.015,26.697,0 93.016,26.696,0 93.017,26.695,0 93.019,26.695,0 93.022,26.696,0 93.025,26.696,0 93.027,26.696,0 93.03,26.696,0 93.033,26.696,0 93.035,26.696,0 93.039,26.697,0 93.042,26.697,0 93.045,26.697,0 93.046,26.698,0 93.046,26.7,0 93.046,26.701,0 93.046,26.702,0 93.046,26.704,0</coordinates>
            </LinearRing>
          </outerBoundaryIs>
        </Polygon>
      </MultiGeometry>
    </Placemark>
    <Placemark>
      <name>Kurhati</name>
      <description><![CDATA[
        <h3>Kurhati</h3>
        <p><b>Village ID:</b> 12740<br/>
        <b>Sub-District:</b> Na-Duar<br/>
        <b>District:</b> SONITPUR<br/>
        <b>Coordinates:</b> 26.708, 93.056</p>
      ]]></description>
      <styleUrl>#villageStyle</styleUrl>
      <MultiGeometry>
        <Point>
          <coordinates>93.056,26.708,0</coordinates>
        </Point>
        <Polygon>
          <outerBoundaryIs>
            <LinearRing>
              <coordinates>93.061,26.709,0 93.06,26.71,0 93.059,26.71,0 93.059,26.711,0 93.058,26.711,0 93.057,26.711,0 93.056,26.711,0 93.055,26.711,0 93.054,26.711,0 93.053,26.711,0 93.052,26.711,0 93.051,26.711,0 93.051,26.71,0 93.05,26.71,0 93.049,26.709,0 93.048,26.708,0 93.047,26.708,0 93.048,26.707,0 93.049,26.707,0 93.05,26.707,0 93.051,26.706,0 93.052,26.706,0 93.054,26.706,0 93.056,26.705,0 93.057,26.705,0 93.059,26.705,0 93.061,26.704,0 93.063,26.704,0 93.064,26.704,0 93.064,26.705,0 93.063,26.706,0 93.062,26.707,0 93.062,26.708,0 93.061,26.708,0 93.06,26.708,0 93.06,26.709,0 93.061,26.709,0</coordinates>
            </LinearRing>
          </outerBoundaryIs>
        </Polygon>
      </MultiGeometry>
    </Placemark>
    <Placemark>
      <name>Bakara Patta</name>
      <description><![CDATA[
        <h3>Bakara Patta</h3>
        <p><b>Village ID:</b> 12761<br/>
        <b>Sub-District:</b> Na-Duar<br/>
        <b>District:</b> SONITPUR<br/>
        <b>Coordinates:</b> 26.705, 93.073</p>
      ]]></description>
      <styleUrl>#villageStyle</styleUrl>
      <MultiGeometry>
        <Point>
          <coordinates>93.073,26.705,0</coordinates>
        </Point>
        <Polygon>
          <outerBoundaryIs>
            <LinearRing>
              <coordinates>93.083,26.705,0 93.08,26.707,0 93.079,26.708,0 93.078,26.708,0 93.078,26.709,0 93.077,26.709,0 93.076,26.709,0 93.075,26.709,0 93.075,26.708,0 93.074,26.708,0 93.073,26.708,0 93.072,26.708,0 93.071,26.708,0 93.071,26.709,0 93.07,26.709,0 93.069,26.709,0 93.068,26.709,0 93.067,26.708,0 93.066,26.708,0 93.065,26.708,0 93.064,26.708,0 93.063,26.708,0 93.062,26.707,0 93.063,26.706,0 93.064,26.705,0 93.064,26.704,0 93.066,26.703,0 93.068,26.703,0 93.07,26.703,0 93.071,26.702,0 93.072,26.702,0 93.073,26.701,0 93.075,26.699,0 93.076,26.698,0 93.077,26.697,0 93.078,26.697,0 93.079,26.697,0 93.08,26.697,0 93.089,26.699,0 93.086,26.7,0 93.085,26.701,0 93.084,26.702,0 93.083,26.705,0</coordinates>
            </LinearRing>
          </outerBoundaryIs>
        </Polygon>
      </MultiGeometry>
    </Placemark>
    <Placemark>
      <name>Goal Gaon</name>
      <description><![CDATA[
        <h3>Goal Gaon</h3>
        <p><b>Village ID:</b> 12765<br/>
        <b>Sub-District:</b> Na-Duar<br/>
        <b>District:</b> SONITPUR<br/>
        <b>Coordinates:</b> 26.714, 92.896</p>
      ]]></description>
      <styleUrl>#villageStyle</styleUrl>
      <MultiGeometry>
        <Point>
          <coordinates>92.896,26.714,0</coordinates>
        </Point>
        <Polygon>
          <outerBoundaryIs>
            <LinearRing>
              <coordinates>92.897,26.721,0 92.895,26.721,0 92.894,26.721,0 92.892,26.721,0 92.89,26.721,0 92.889,26.722,0 92.888,26.722,0 92.887,26.721,0 92.886,26.721,0 92.885,26.72,0 92.884,26.719,0 92.884,26.718,0 92.883,26.718,0 92.883,26.717,0 92.882,26.717,0 92.882,26.716,0 92.881,26.716,0 92.881,26.715,0 92.881,26.714,0 92.883,26.713,0 92.884,26.712,0 92.886,26.711,0 92.887,26.71,0 92.889,26.709,0 92.89,26.709,0 92.891,26.708,0 92.892,26.708,0 92.894,26.708,0 92.895,26.707,0 92.896,26.707,0 92.897,26.706,0 92.898,26.705,0 92.899,26.705,0 92.901,26.706,0 92.902,26.706,0 92.906,26.706,0 92.907,26.706,0 92.908,26.706,0 92.909,26.706,0 92.909,26.707,0 92.909,26.708,0 92.909,26.709,0 92.908,26.71,0 92.908,26.711,0 92.907,26.712,0 92.907,26.713,0 92.906,26.714,0 92.905,26.715,0 92.905,26.716,0 92.905,26.717,0 92.904,26.718,0 92.903,26.719,0 92.903,26.72,0 92.902,26.721,0 92.901,26.72,0 92.9,26.72,0 92.899,26.72,0 92.898,26.72,0 92.898,26.719,0 92.898,26.72,0 92.897,26.721,0</coordinates>
            </LinearRing>
          </outerBoundaryIs>
        </Polygon>
      </MultiGeometry>
    </Placemark>
    <Placemark>
      <name>Chamar Doloni</name>
      <description><![CDATA[
        <h3>Chamar Doloni</h3>
        <p><b>Village ID:</b> 12766<br/>
        <b>Sub-District:</b> Na-Duar<br/>
        <b>District:</b> SONITPUR<br/>
        <b>Coordinates:</b> 26.709, 92.987</p>
      ]]></description>
      <styleUrl>#villageStyle</styleUrl>
      <MultiGeometry>
        <Point>
          <coordinates>92.987,26.709,0</coordinates>
        </Point>
        <Polygon>
          <outerBoundaryIs>
            <LinearRing>
              <coordinates>92.995,26.713,0 92.993,26.713,0 92.991,26.714,0 92.989,26.714,0 92.987,26.714,0 92.985,26.713,0 92.984,26.713,0 92.983,26.714,0 92.983,26.713,0 92.983,26.712,0 92.983,26.711,0 92.982,26.711,0 92.982,26.71,0 92.981,26.709,0 92.98,26.708,0 92.979,26.708,0 92.979,26.707,0 92.978,26.707,0 92.979,26.707,0 92.98,26.705,0 92.981,26.705,0 92.981,26.704,0 92.982,26.704,0 92.983,26.704,0 92.984,26.704,0 92.985,26.704,0 92.987,26.704,0 92.988,26.704,0 92.989,26.705,0 92.99,26.705,0 92.991,26.705,0 92.992,26.706,0 92.992,26.707,0 92.993,26.708,0 92.993,26.709,0 92.993,26.71,0 92.993,26.711,0 92.994,26.711,0 92.994,26.712,0 92.994,26.713,0 92.995,26.713,0</coordinates>
            </LinearRing>
          </outerBoundaryIs>
        </Polygon>
      </MultiGeometry>
    </Placemark>
    <Placemark>
      <name>Batia Roka</name>
      <description><![CDATA[
        <h3>Batia Roka</h3>
        <p><b>Village ID:</b> 12767<br/>
        <b>Sub-District:</b> Na-Duar<br/>
        <b>District:</b> SONITPUR<br/>
        <b>Coordinates:</b> 26.702, 92.984</p>
      ]]></description>
      <styleUrl>#villageStyle</styleUrl>
      <MultiGeometry>
        <Point>
          <coordinates>92.984,26.702,0</coordinates>
        </Point>
        <Polygon>
          <outerBoundaryIs>
            <LinearRing>
              <coordinates>93.009,26.711,0 93.008,26.711,0 93.007,26.712,0 93.006,26.712,0 93.006,26.713,0 93.005,26.713,0 93.004,26.713,0 93.002,26.713,0 93.001,26.713,0 92.999,26.713,0 92.997,26.713,0 92.995,26.713,0 92.994,26.713,0 92.994,26.712,0 92.994,26.711,0 92.993,26.711,0 92.993,26.71,0 92.993,26.709,0 92.993,26.708,0 92.992,26.707,0 92.992,26.706,0 92.991,26.705,0 92.99,26.705,0 92.989,26.705,0 92.988,26.704,0 92.987,26.704,0 92.985,26.704,0 92.984,26.704,0 92.983,26.704,0 92.982,26.704,0 92.981,26.704,0 92.981,26.705,0 92.98,26.705,0 92.979,26.707,0 92.978,26.707,0 92.977,26.707,0 92.976,26.706,0 92.975,26.706,0 92.974,26.706,0 92.973,26.706,0 92.972,26.706,0 92.971,26.706,0 92.97,26.705,0 92.969,26.705,0 92.969,26.704,0 92.968,26.704,0 92.968,26.703,0 92.969,26.703,0 92.969,26.702,0 92.97,26.702,0 92.971,26.702,0 92.972,26.702,0 92.972,26.701,0 92.972,26.7,0 92.971,26.7,0 92.97,26.699,0 92.969,26.699,0 92.967,26.699,0 92.966,26.699,0 92.965,26.699,0 92.964,26.698,0 92.964,26.697,0 92.962,26.696,0 92.961,26.695,0 92.96,26.694,0 92.96,26.693,0 92.96,26.692,0 92.961,26.691,0 92.962,26.691,0 92.963,26.691,0 92.964,26.691,0 92.965,26.692,0 92.966,26.692,0 92.967,26.693,0 92.968,26.693,0 92.968,26.694,0 92.97,26.694,0 92.971,26.694,0 92.972,26.694,0 92.973,26.694,0 92.974,26.694,0 92.975,26.694,0 92.976,26.694,0 92.977,26.694,0 92.978,26.694,0 92.979,26.695,0 92.98,26.695,0 92.982,26.695,0 92.983,26.696,0 92.984,26.696,0 92.985,26.696,0 92.986,26.697,0 92.988,26.697,0 92.989,26.698,0 92.99,26.698,0 92.991,26.698,0 92.993,26.699,0 92.994,26.699,0 92.996,26.699,0 92.997,26.699,0 92.998,26.699,0 92.999,26.699,0 93.0,26.699,0 93.001,26.699,0 93.002,26.698,0 93.003,26.698,0 93.005,26.698,0 93.006,26.697,0 93.007,26.697,0 93.008,26.697,0 93.008,26.698,0 93.009,26.698,0 93.008,26.7,0 93.007,26.702,0 93.006,26.704,0 93.005,26.706,0 93.005,26.707,0 93.005,26.709,0 93.006,26.71,0 93.008,26.71,0 93.009,26.711,0</coordinates>
            </LinearRing>
          </outerBoundaryIs>
        </Polygon>
      </MultiGeometry>
    </Placemark>
    <Placemark>
      <name>Chengeli Mara</name>
      <description><![CDATA[
        <h3>Chengeli Mara</h3>
        <p><b>Village ID:</b> 12785<br/>
        <b>Sub-District:</b> Na-Duar<br/>
        <b>District:</b> SONITPUR<br/>
        <b>Coordinates:</b> 26.684, 92.94</p>
      ]]></description>
      <styleUrl>#villageStyle</styleUrl>
      <MultiGeometry>
        <Point>
          <coordinates>92.94,26.684,0</coordinates>
        </Point>
        <Polygon>
          <outerBoundaryIs>
            <LinearRing>
              <coordinates>92.942,26.689,0 92.941,26.69,0 92.938,26.69,0 92.937,26.691,0 92.936,26.691,0 92.933,26.691,0 92.933,26.692,0 92.932,26.692,0 92.932,26.689,0 92.933,26.688,0 92.933,26.687,0 92.933,26.686,0 92.934,26.684,0 92.934,26.683,0 92.934,26.681,0 92.934,26.68,0 92.935,26.678,0 92.935,26.677,0 92.935,26.676,0 92.935,26.675,0 92.935,26.674,0 92.936,26.674,0 92.937,26.674,0 92.937,26.675,0 92.938,26.676,0 92.938,26.677,0 92.939,26.677,0 92.939,26.679,0 92.941,26.68,0 92.942,26.681,0 92.944,26.682,0 92.945,26.682,0 92.946,26.682,0 92.947,26.682,0 92.949,26.683,0 92.95,26.683,0 92.949,26.684,0 92.949,26.685,0 92.949,26.686,0 92.949,26.687,0 92.948,26.687,0 92.948,26.688,0 92.947,26.688,0 92.946,26.688,0 92.945,26.688,0 92.944,26.688,0 92.943,26.688,0 92.942,26.688,0 92.942,26.689,0</coordinates>
            </LinearRing>
          </outerBoundaryIs>
        </Polygon>
      </MultiGeometry>
    </Placemark>
    <Placemark>
      <name>Hatbor</name>
      <description><![CDATA[
        <h3>Hatbor</h3>
        <p><b>Village ID:</b> 12790<br/>
        <b>Sub-District:</b> Na-Duar<br/>
        <b>District:</b> SONITPUR<br/>
        <b>Coordinates:</b> 26.714, 92.913</p>
      ]]></description>
      <styleUrl>#villageStyle</styleUrl>
      <MultiGeometry>
        <Point>
          <coordinates>92.913,26.714,0</coordinates>
        </Point>
        <Polygon>
          <outerBoundaryIs>
            <LinearRing>
              <coordinates>92.919,26.722,0 92.918,26.722,0 92.916,26.722,0 92.914,26.722,0 92.912,26.721,0 92.909,26.721,0 92.907,26.721,0 92.906,26.721,0 92.905,26.721,0 92.903,26.721,0 92.902,26.721,0 92.903,26.72,0 92.903,26.719,0 92.904,26.718,0 92.905,26.717,0 92.905,26.716,0 92.905,26.715,0 92.906,26.714,0 92.907,26.713,0 92.907,26.712,0 92.908,26.711,0 92.908,26.71,0 92.909,26.709,0 92.909,26.708,0 92.909,26.707,0 92.909,26.706,0 92.91,26.706,0 92.912,26.706,0 92.914,26.705,0 92.916,26.705,0 92.918,26.705,0 92.919,26.705,0 92.92,26.705,0 92.922,26.705,0 92.921,26.706,0 92.92,26.708,0 92.919,26.709,0 92.919,26.71,0 92.918,26.711,0 92.918,26.712,0 92.919,26.713,0 92.92,26.714,0 92.92,26.715,0 92.92,26.716,0 92.92,26.717,0 92.919,26.718,0 92.919,26.719,0 92.919,26.72,0 92.919,26.721,0 92.919,26.722,0</coordinates>
            </LinearRing>
          </outerBoundaryIs>
        </Polygon>
      </MultiGeometry>
    </Placemark>
    <Placemark>
      <name>Kumar Gaon</name>
      <description><![CDATA[
        <h3>Kumar Gaon</h3>
        <p><b>Village ID:</b> 12795<br/>
        <b>Sub-District:</b> Na-Duar<br/>
        <b>District:</b> SONITPUR<br/>
        <b>Coordinates:</b> 26.692, 92.951</p>
      ]]></description>
      <styleUrl>#villageStyle</styleUrl>
      <MultiGeometry>
        <Point>
          <coordinates>92.951,26.692,0</coordinates>
        </Point>
        <Polygon>
          <outerBoundaryIs>
            <LinearRing>
              <coordinates>92.961,26.695,0 92.961,26.696,0 92.961,26.697,0 92.961,26.698,0 92.96,26.698,0 92.959,26.698,0 92.958,26.698,0 92.957,26.698,0 92.956,26.698,0 92.955,26.698,0 92.954,26.699,0 92.954,26.7,0 92.953,26.7,0 92.952,26.7,0 92.951,26.699,0 92.949,26.699,0 92.947,26.699,0 92.945,26.698,0 92.944,26.697,0 92.943,26.697,0 92.941,26.697,0 92.94,26.697,0 92.94,26.696,0 92.94,26.695,0 92.94,26.694,0 92.941,26.693,0 92.941,26.692,0 92.942,26.692,0 92.942,26.691,0 92.942,26.69,0 92.942,26.689,0 92.942,26.688,0 92.943,26.688,0 92.944,26.688,0 92.945,26.688,0 92.946,26.688,0 92.947,26.688,0 92.948,26.688,0 92.948,26.687,0 92.949,26.687,0 92.949,26.686,0 92.949,26.685,0 92.949,26.684,0 92.95,26.683,0 92.951,26.683,0 92.952,26.684,0 92.953,26.685,0 92.954,26.686,0 92.956,26.687,0 92.957,26.688,0 92.958,26.689,0 92.959,26.69,0 92.96,26.69,0 92.961,26.691,0 92.96,26.692,0 92.96,26.693,0 92.96,26.694,0 92.961,26.695,0</coordinates>
            </LinearRing>
          </outerBoundaryIs>
        </Polygon>
      </MultiGeometry>
    </Placemark>
    <Placemark>
      <name>Dighali Chapari</name>
      <description><![CDATA[
        <h3>Dighali Chapari</h3>
        <p><b>Village ID:</b> 12796<br/>
        <b>Sub-District:</b> Na-Duar<br/>
        <b>District:</b> SONITPUR<br/>
        <b>Coordinates:</b> 26.683, 92.911</p>
      ]]></description>
      <styleUrl>#villageStyle</styleUrl>
      <MultiGeometry>
        <Point>
          <coordinates>92.911,26.683,0</coordinates>
        </Point>
        <Polygon>
          <outerBoundaryIs>
            <LinearRing>
              <coordinates>92.913,26.697,0 92.912,26.697,0 92.911,26.697,0 92.909,26.698,0 92.907,26.698,0 92.906,26.698,0 92.905,26.698,0 92.905,26.697,0 92.904,26.696,0 92.904,26.694,0 92.903,26.693,0 92.903,26.691,0 92.901,26.688,0 92.902,26.687,0 92.904,26.685,0 92.905,26.682,0 92.906,26.679,0 92.907,26.676,0 92.908,26.674,0 92.908,26.673,0 92.91,26.672,0 92.912,26.67,0 92.913,26.668,0 92.914,26.666,0 92.915,26.665,0 92.916,26.666,0 92.916,26.667,0 92.916,26.668,0 92.916,26.669,0 92.915,26.671,0 92.915,26.672,0 92.914,26.674,0 92.913,26.675,0 92.913,26.676,0 92.913,26.677,0 92.914,26.677,0 92.914,26.678,0 92.915,26.679,0 92.915,26.68,0 92.915,26.682,0 92.915,26.683,0 92.915,26.684,0 92.914,26.685,0 92.914,26.686,0 92.914,26.687,0 92.915,26.69,0 92.914,26.691,0 92.914,26.692,0 92.914,26.693,0 92.914,26.694,0 92.914,26.695,0 92.913,26.696,0 92.913,26.697,0</coordinates>
            </LinearRing>
          </outerBoundaryIs>
        </Polygon>
      </MultiGeometry>
    </Placemark>
    <Placemark>
      <name>Talaka Bari Pathar</name>
      <description><![CDATA[
        <h3>Talaka Bari Pathar</h3>
        <p><b>Village ID:</b> 12806<br/>
        <b>Sub-District:</b> Na-Duar<br/>
        <b>District:</b> SONITPUR<br/>
        <b>Coordinates:</b> 26.702, 92.964</p>
      ]]></description>
      <styleUrl>#villageStyle</styleUrl>
      <MultiGeometry>
        <Point>
          <coordinates>92.964,26.702,0</coordinates>
        </Point>
        <Polygon>
          <outerBoundaryIs>
            <LinearRing>
              <coordinates>92.971,26.706,0 92.971,26.707,0 92.97,26.707,0 92.969,26.707,0 92.968,26.706,0 92.967,26.706,0 92.965,26.706,0 92.963,26.706,0 92.961,26.706,0 92.958,26.707,0 92.956,26.707,0 92.954,26.707,0 92.952,26.706,0 92.952,26.704,0 92.953,26.703,0 92.953,26.702,0 92.953,26.701,0 92.954,26.7,0 92.954,26.699,0 92.955,26.698,0 92.956,26.698,0 92.957,26.698,0 92.958,26.698,0 92.959,26.698,0 92.96,26.698,0 92.961,26.698,0 92.961,26.697,0 92.961,26.696,0 92.961,26.695,0 92.962,26.696,0 92.964,26.697,0 92.964,26.698,0 92.965,26.699,0 92.966,26.699,0 92.967,26.699,0 92.969,26.699,0 92.97,26.699,0 92.971,26.7,0 92.972,26.7,0 92.972,26.701,0 92.972,26.702,0 92.971,26.702,0 92.97,26.702,0 92.969,26.702,0 92.969,26.703,0 92.968,26.703,0 92.968,26.704,0 92.969,26.704,0 92.969,26.705,0 92.97,26.705,0 92.971,26.706,0</coordinates>
            </LinearRing>
          </outerBoundaryIs>
        </Polygon>
      </MultiGeometry>
    </Placemark>
    <Placemark>
      <name>Bagori Ati</name>
      <description><![CDATA[
        <h3>Bagori Ati</h3>
        <p><b>Village ID:</b> 12807<br/>
        <b>Sub-District:</b> Na-Duar<br/>
        <b>District:</b> SONITPUR<br/>
        <b>Coordinates:</b> 26.706, 93.027</p>
      ]]></description>
      <styleUrl>#villageStyle</styleUrl>
      <MultiGeometry>
        <Point>
          <coordinates>93.027,26.706,0</coordinates>
        </Point>
        <Polygon>
          <outerBoundaryIs>
            <LinearRing>
              <coordinates>93.037,26.705,0 93.036,26.706,0 93.034,26.707,0 93.03,26.709,0 93.026,26.712,0 93.023,26.712,0 93.02,26.712,0 93.017,26.712,0 93.017,26.709,0 93.018,26.706,0 93.018,26.704,0 93.019,26.704,0 93.02,26.704,0 93.021,26.704,0 93.022,26.704,0 93.023,26.703,0 93.024,26.703,0 93.025,26.703,0 93.026,26.703,0 93.027,26.703,0 93.03,26.703,0 93.032,26.703,0 93.033,26.704,0 93.034,26.704,0 93.035,26.704,0 93.037,26.704,0 93.037,26.705,0</coordinates>
            </LinearRing>
          </outerBoundaryIs>
        </Polygon>
      </MultiGeometry>
    </Placemark>
    <Placemark>
      <name>Dakhin Dol</name>
      <description><![CDATA[
        <h3>Dakhin Dol</h3>
        <p><b>Village ID:</b> 12808<br/>
        <b>Sub-District:</b> Na-Duar<br/>
        <b>District:</b> SONITPUR<br/>
        <b>Coordinates:</b> 26.713, 93.038</p>
      ]]></description>
      <styleUrl>#villageStyle</styleUrl>
      <MultiGeometry>
        <Point>
          <coordinates>93.038,26.713,0</coordinates>
        </Point>
        <Polygon>
          <outerBoundaryIs>
            <LinearRing>
              <coordinates>93.045,26.718,0 93.044,26.717,0 93.043,26.717,0 93.043,26.718,0 93.042,26.718,0 93.041,26.718,0 93.04,26.717,0 93.039,26.717,0 93.039,26.718,0 93.038,26.718,0 93.037,26.718,0 93.037,26.717,0 93.036,26.716,0 93.035,26.716,0 93.034,26.716,0 93.033,26.716,0 93.033,26.717,0 93.032,26.717,0 93.031,26.717,0 93.031,26.716,0 93.03,26.716,0 93.029,26.716,0 93.028,26.715,0 93.028,26.714,0 93.027,26.713,0 93.027,26.712,0 93.026,26.712,0 93.03,26.709,0 93.034,26.707,0 93.036,26.706,0 93.037,26.705,0 93.038,26.705,0 93.039,26.705,0 93.041,26.706,0 93.042,26.706,0 93.045,26.707,0 93.046,26.707,0 93.047,26.708,0 93.048,26.71,0 93.047,26.711,0 93.047,26.712,0 93.046,26.714,0 93.046,26.716,0 93.045,26.718,0</coordinates>
            </LinearRing>
          </outerBoundaryIs>
        </Polygon>
      </MultiGeometry>
    </Placemark>
    <Placemark>
      <name>Boka Bil</name>
      <description><![CDATA[
        <h3>Boka Bil</h3>
        <p><b>Village ID:</b> 12811<br/>
        <b>Sub-District:</b> Na-Duar<br/>
        <b>District:</b> SONITPUR<br/>
        <b>Coordinates:</b> 26.693, 93.023</p>
      ]]></description>
      <styleUrl>#villageStyle</styleUrl>
      <MultiGeometry>
        <Point>
          <coordinates>93.023,26.693,0</coordinates>
        </Point>
        <Polygon>
          <outerBoundaryIs>
            <LinearRing>
              <coordinates>93.045,26.697,0 93.042,26.697,0 93.039,26.697,0 93.035,26.696,0 93.033,26.696,0 93.03,26.696,0 93.027,26.696,0 93.025,26.696,0 93.022,26.696,0 93.019,26.695,0 93.017,26.695,0 93.016,26.696,0 93.015,26.697,0 93.015,26.699,0 93.015,26.701,0 93.014,26.7,0 93.013,26.699,0 93.012,26.699,0 93.012,26.698,0 93.011,26.698,0 93.011,26.697,0 93.011,26.696,0 93.012,26.696,0 93.012,26.695,0 93.013,26.694,0 93.014,26.693,0 93.014,26.692,0 93.014,26.691,0 93.015,26.69,0 93.015,26.689,0 93.015,26.688,0 93.016,26.688,0 93.017,26.688,0 93.018,26.688,0 93.019,26.688,0 93.02,26.688,0 93.021,26.688,0 93.023,26.687,0 93.024,26.687,0 93.026,26.687,0 93.027,26.687,0 93.029,26.687,0 93.028,26.688,0 93.029,26.69,0 93.03,26.69,0 93.032,26.691,0 93.035,26.691,0 93.037,26.692,0 93.04,26.693,0 93.045,26.694,0 93.045,26.695,0 93.045,26.697,0</coordinates>
            </LinearRing>
          </outerBoundaryIs>
        </Polygon>
      </MultiGeometry>
    </Placemark>
    <Placemark>
      <name>Kalakati</name>
      <description><![CDATA[
        <h3>Kalakati</h3>
        <p><b>Village ID:</b> 12812<br/>
        <b>Sub-District:</b> Na-Duar<br/>
        <b>District:</b> SONITPUR<br/>
        <b>Coordinates:</b> 26.692, 93.078</p>
      ]]></description>
      <styleUrl>#villageStyle</styleUrl>
      <MultiGeometry>
        <Point>
          <coordinates>93.078,26.692,0</coordinates>
        </Point>
        <Polygon>
          <outerBoundaryIs>
            <LinearRing>
              <coordinates>93.064,26.704,0 93.063,26.704,0 93.061,26.704,0 93.059,26.705,0 93.057,26.705,0 93.056,26.705,0 93.054,26.706,0 93.052,26.706,0 93.051,26.706,0 93.052,26.706,0 93.055,26.704,0 93.057,26.703,0 93.059,26.703,0 93.06,26.701,0 93.061,26.7,0 93.062,26.697,0 93.063,26.695,0 93.065,26.694,0 93.069,26.694,0 93.072,26.694,0 93.074,26.694,0 93.076,26.693,0 93.077,26.693,0 93.077,26.692,0 93.078,26.691,0 93.079,26.69,0 93.08,26.689,0 93.08,26.688,0 93.08,26.687,0 93.08,26.685,0 93.08,26.684,0 93.08,26.683,0 93.08,26.681,0 93.08,26.68,0 93.08,26.679,0 93.08,26.678,0 93.08,26.677,0 93.08,26.675,0 93.081,26.675,0 93.083,26.676,0 93.085,26.676,0 93.087,26.676,0 93.088,26.676,0 93.09,26.677,0 93.092,26.677,0 93.094,26.677,0 93.095,26.677,0 93.097,26.677,0 93.099,26.676,0 93.101,26.676,0 93.109,26.673,0 93.107,26.677,0 93.106,26.681,0 93.105,26.685,0 93.105,26.691,0 93.105,26.694,0 93.104,26.695,0 93.102,26.696,0 93.099,26.696,0 93.095,26.696,0 93.092,26.698,0 93.089,26.699,0 93.08,26.697,0 93.079,26.697,0 93.078,26.697,0 93.077,26.697,0 93.076,26.698,0 93.075,26.699,0 93.073,26.701,0 93.072,26.702,0 93.071,26.702,0 93.07,26.703,0 93.068,26.703,0 93.066,26.703,0 93.064,26.704,0</coordinates>
            </LinearRing>
          </outerBoundaryIs>
        </Polygon>
      </MultiGeometry>
    </Placemark>
    <Placemark>
      <name>Hukai Gaon</name>
      <description><![CDATA[
        <h3>Hukai Gaon</h3>
        <p><b>Village ID:</b> 12814<br/>
        <b>Sub-District:</b> Na-Duar<br/>
        <b>District:</b> SONITPUR<br/>
        <b>Coordinates:</b> 26.702, 92.943</p>
      ]]></description>
      <styleUrl>#villageStyle</styleUrl>
      <MultiGeometry>
        <Point>
          <coordinates>92.943,26.702,0</coordinates>
        </Point>
        <Polygon>
          <outerBoundaryIs>
            <LinearRing>
              <coordinates>92.952,26.706,0 92.95,26.706,0 92.948,26.706,0 92.947,26.706,0 92.946,26.706,0 92.945,26.706,0 92.944,26.706,0 92.942,26.705,0 92.941,26.705,0 92.939,26.705,0 92.938,26.705,0 92.936,26.705,0 92.935,26.706,0 92.934,26.706,0 92.934,26.705,0 92.934,26.704,0 92.934,26.703,0 92.935,26.702,0 92.935,26.701,0 92.936,26.701,0 92.937,26.701,0 92.937,26.7,0 92.938,26.7,0 92.939,26.699,0 92.94,26.699,0 92.94,26.698,0 92.94,26.697,0 92.941,26.697,0 92.943,26.697,0 92.944,26.697,0 92.945,26.698,0 92.947,26.699,0 92.949,26.699,0 92.951,26.699,0 92.952,26.7,0 92.953,26.7,0 92.954,26.7,0 92.953,26.701,0 92.953,26.702,0 92.953,26.703,0 92.952,26.704,0 92.952,26.706,0</coordinates>
            </LinearRing>
          </outerBoundaryIs>
        </Polygon>
      </MultiGeometry>
    </Placemark>
    <Placemark>
      <name>Barbhati</name>
      <description><![CDATA[
        <h3>Barbhati</h3>
        <p><b>Village ID:</b> 12815<br/>
        <b>Sub-District:</b> Na-Duar<br/>
        <b>District:</b> SONITPUR<br/>
        <b>Coordinates:</b> 26.713, 93.071</p>
      ]]></description>
      <styleUrl>#villageStyle</styleUrl>
      <MultiGeometry>
        <Point>
          <coordinates>93.071,26.713,0</coordinates>
        </Point>
        <Polygon>
          <outerBoundaryIs>
            <LinearRing>
              <coordinates>93.08,26.722,0 93.074,26.722,0 93.073,26.722,0 93.072,26.722,0 93.07,26.721,0 93.068,26.721,0 93.067,26.721,0 93.066,26.72,0 93.065,26.72,0 93.064,26.72,0 93.063,26.72,0 93.062,26.72,0 93.062,26.718,0 93.062,26.717,0 93.062,26.716,0 93.062,26.714,0 93.062,26.713,0 93.062,26.711,0 93.061,26.711,0 93.061,26.71,0 93.061,26.709,0 93.06,26.709,0 93.06,26.708,0 93.061,26.708,0 93.062,26.708,0 93.062,26.707,0 93.063,26.708,0 93.064,26.708,0 93.065,26.708,0 93.066,26.708,0 93.067,26.708,0 93.068,26.709,0 93.069,26.709,0 93.07,26.709,0 93.071,26.709,0 93.071,26.708,0 93.072,26.708,0 93.073,26.708,0 93.074,26.708,0 93.075,26.708,0 93.075,26.709,0 93.076,26.709,0 93.077,26.709,0 93.078,26.709,0 93.078,26.708,0 93.079,26.708,0 93.08,26.707,0 93.083,26.705,0 93.083,26.711,0 93.084,26.711,0 93.085,26.71,0 93.087,26.711,0 93.087,26.712,0 93.086,26.715,0 93.084,26.717,0 93.081,26.719,0 93.08,26.72,0 93.08,26.722,0</coordinates>
            </LinearRing>
          </outerBoundaryIs>
        </Polygon>
      </MultiGeometry>
    </Placemark>
    <Placemark>
      <name>Major Ati</name>
      <description><![CDATA[
        <h3>Major Ati</h3>
        <p><b>Village ID:</b> 12817<br/>
        <b>Sub-District:</b> Na-Duar<br/>
        <b>District:</b> SONITPUR<br/>
        <b>Coordinates:</b> 26.717, 93.003</p>
      ]]></description>
      <styleUrl>#villageStyle</styleUrl>
      <MultiGeometry>
        <Point>
          <coordinates>93.003,26.717,0</coordinates>
        </Point>
        <Polygon>
          <outerBoundaryIs>
            <LinearRing>
              <coordinates>93.009,26.722,0 93.006,26.722,0 93.005,26.722,0 93.004,26.722,0 93.003,26.722,0 93.002,26.722,0 93.0,26.722,0 92.999,26.722,0 92.999,26.721,0 92.998,26.72,0 92.997,26.719,0 92.996,26.718,0 92.996,26.716,0 92.995,26.715,0 92.995,26.713,0 92.997,26.713,0 92.999,26.713,0 93.001,26.713,0 93.002,26.713,0 93.004,26.713,0 93.005,26.713,0 93.006,26.713,0 93.006,26.712,0 93.007,26.712,0 93.008,26.711,0 93.009,26.711,0 93.009,26.712,0 93.009,26.713,0 93.009,26.714,0 93.009,26.715,0 93.009,26.719,0 93.01,26.722,0 93.009,26.722,0</coordinates>
            </LinearRing>
          </outerBoundaryIs>
        </Polygon>
      </MultiGeometry>
    </Placemark>
    <Placemark>
      <name>Chutiuam</name>
      <description><![CDATA[
        <h3>Chutiuam</h3>
        <p><b>Village ID:</b> 12825<br/>
        <b>Sub-District:</b> Na-Duar<br/>
        <b>District:</b> SONITPUR<br/>
        <b>Coordinates:</b> 26.702, 92.908</p>
      ]]></description>
      <styleUrl>#villageStyle</styleUrl>
      <MultiGeometry>
        <Point>
          <coordinates>92.908,26.702,0</coordinates>
        </Point>
        <Polygon>
          <outerBoundaryIs>
            <LinearRing>
              <coordinates>92.909,26.706,0 92.908,26.706,0 92.907,26.706,0 92.906,26.706,0 92.902,26.706,0 92.901,26.706,0 92.899,26.705,0 92.898,26.705,0 92.899,26.705,0 92.899,26.704,0 92.9,26.704,0 92.9,26.703,0 92.9,26.702,0 92.901,26.702,0 92.901,26.701,0 92.901,26.7,0 92.902,26.699,0 92.902,26.698,0 92.904,26.698,0 92.905,26.698,0 92.906,26.698,0 92.907,26.698,0 92.909,26.698,0 92.911,26.697,0 92.912,26.697,0 92.913,26.697,0 92.914,26.697,0 92.914,26.698,0 92.915,26.698,0 92.916,26.699,0 92.917,26.7,0 92.917,26.701,0 92.917,26.702,0 92.917,26.703,0 92.917,26.704,0 92.918,26.705,0 92.916,26.705,0 92.914,26.705,0 92.912,26.706,0 92.91,26.706,0 92.909,26.706,0</coordinates>
            </LinearRing>
          </outerBoundaryIs>
        </Polygon>
      </MultiGeometry>
    </Placemark>
    <Placemark>
      <name>No.2 Gorpal</name>
      <description><![CDATA[
        <h3>No.2 Gorpal</h3>
        <p><b>Village ID:</b> 12826<br/>
        <b>Sub-District:</b> Na-Duar<br/>
        <b>District:</b> SONITPUR<br/>
        <b>Coordinates:</b> 26.688, 93.017</p>
      ]]></description>
      <styleUrl>#villageStyle</styleUrl>
      <MultiGeometry>
        <Point>
          <coordinates>93.017,26.688,0</coordinates>
        </Point>
        <Polygon>
          <outerBoundaryIs>
            <LinearRing>
              <coordinates>93.029,26.687,0 93.027,26.687,0 93.026,26.687,0 93.024,26.687,0 93.023,26.687,0 93.021,26.688,0 93.02,26.688,0 93.019,26.688,0 93.018,26.688,0 93.017,26.688,0 93.016,26.688,0 93.015,26.688,0 93.015,26.689,0 93.015,26.69,0 93.014,26.691,0 93.014,26.692,0 93.014,26.693,0 93.013,26.694,0 93.012,26.695,0 93.012,26.696,0 93.011,26.696,0 93.011,26.697,0 93.011,26.698,0 93.01,26.697,0 93.01,26.696,0 93.009,26.696,0 93.008,26.695,0 93.007,26.695,0 93.006,26.695,0 93.005,26.695,0 93.003,26.695,0 93.002,26.695,0 93.001,26.695,0 93.0,26.696,0 93.0,26.695,0 93.0,26.694,0 93.0,26.693,0 93.0,26.692,0 93.001,26.691,0 93.001,26.69,0 93.001,26.689,0 93.0,26.688,0 92.999,26.688,0 92.999,26.687,0 92.998,26.686,0 93.0,26.687,0 93.001,26.687,0 93.003,26.687,0 93.004,26.687,0 93.005,26.687,0 93.006,26.688,0 93.008,26.688,0 93.01,26.688,0 93.011,26.688,0 93.012,26.689,0 93.013,26.688,0 93.015,26.688,0 93.017,26.687,0 93.017,26.686,0 93.019,26.686,0 93.02,26.685,0 93.022,26.684,0 93.023,26.683,0 93.025,26.683,0 93.026,26.682,0 93.027,26.682,0 93.028,26.681,0 93.029,26.681,0 93.03,26.68,0 93.031,26.68,0 93.032,26.679,0 93.033,26.679,0 93.034,26.679,0 93.035,26.679,0 93.036,26.679,0 93.038,26.679,0 93.038,26.68,0 93.037,26.682,0 93.037,26.684,0 93.037,26.685,0 93.037,26.686,0 93.037,26.687,0 93.036,26.687,0 93.034,26.687,0 93.033,26.687,0 93.031,26.687,0 93.03,26.687,0 93.029,26.687,0</coordinates>
            </LinearRing>
          </outerBoundaryIs>
        </Polygon>
      </MultiGeometry>
    </Placemark>
    <Placemark>
      <name>Chaki Ghat</name>
      <description><![CDATA[
        <h3>Chaki Ghat</h3>
        <p><b>Village ID:</b> 12833<br/>
        <b>Sub-District:</b> Na-Duar<br/>
        <b>District:</b> SONITPUR<br/>
        <b>Coordinates:</b> 26.706, 92.885</p>
      ]]></description>
      <styleUrl>#villageStyle</styleUrl>
      <MultiGeometry>
        <Point>
          <coordinates>92.885,26.706,0</coordinates>
        </Point>
        <Polygon>
          <outerBoundaryIs>
            <LinearRing>
              <coordinates>92.871,26.718,0 92.868,26.719,0 92.867,26.719,0 92.86,26.722,0 92.86,26.721,0 92.86,26.719,0 92.86,26.718,0 92.861,26.716,0 92.861,26.715,0 92.862,26.714,0 92.863,26.712,0 92.864,26.711,0 92.866,26.709,0 92.868,26.707,0 92.87,26.705,0 92.873,26.703,0 92.875,26.701,0 92.877,26.7,0 92.878,26.7,0 92.881,26.699,0 92.881,26.698,0 92.882,26.698,0 92.883,26.699,0 92.883,26.701,0 92.883,26.702,0 92.884,26.702,0 92.885,26.701,0 92.886,26.7,0 92.888,26.699,0 92.891,26.698,0 92.894,26.697,0 92.895,26.696,0 92.896,26.695,0 92.897,26.694,0 92.9,26.69,0 92.901,26.688,0 92.903,26.691,0 92.903,26.693,0 92.904,26.694,0 92.904,26.696,0 92.905,26.697,0 92.905,26.698,0 92.904,26.698,0 92.902,26.698,0 92.902,26.699,0 92.901,26.7,0 92.901,26.701,0 92.901,26.702,0 92.9,26.702,0 92.9,26.703,0 92.9,26.704,0 92.899,26.704,0 92.899,26.705,0 92.898,26.705,0 92.897,26.706,0 92.896,26.707,0 92.895,26.707,0 92.894,26.708,0 92.892,26.708,0 92.891,26.708,0 92.89,26.709,0 92.889,26.709,0 92.887,26.71,0 92.886,26.711,0 92.884,26.712,0 92.883,26.713,0 92.881,26.714,0 92.88,26.714,0 92.878,26.715,0 92.877,26.715,0 92.875,26.716,0 92.874,26.716,0 92.874,26.717,0 92.872,26.717,0 92.871,26.718,0</coordinates>
            </LinearRing>
          </outerBoundaryIs>
        </Polygon>
      </MultiGeometry>
    </Placemark>
    <Placemark>
      <name>Un-named Block (12853)</name>
      <description><![CDATA[
        <h3>Un-named Block (12853)</h3>
        <p><b>Village ID:</b> 12853<br/>
        <b>Sub-District:</b> Na-Duar<br/>
        <b>District:</b> SONITPUR<br/>
        <b>Coordinates:</b> 26.689, 93.039</p>
      ]]></description>
      <styleUrl>#villageStyle</styleUrl>
      <MultiGeometry>
        <Point>
          <coordinates>93.039,26.689,0</coordinates>
        </Point>
        <Polygon>
          <outerBoundaryIs>
            <LinearRing>
              <coordinates>93.045,26.692,0 93.045,26.693,0 93.045,26.694,0 93.04,26.693,0 93.037,26.692,0 93.035,26.691,0 93.032,26.691,0 93.03,26.69,0 93.029,26.69,0 93.028,26.688,0 93.029,26.687,0 93.03,26.687,0 93.031,26.687,0 93.033,26.687,0 93.034,26.687,0 93.036,26.687,0 93.037,26.687,0 93.038,26.687,0 93.039,26.687,0 93.04,26.687,0 93.041,26.687,0 93.042,26.687,0 93.043,26.686,0 93.044,26.686,0 93.045,26.686,0 93.047,26.686,0 93.048,26.686,0 93.047,26.687,0 93.047,26.688,0 93.046,26.689,0 93.046,26.691,0 93.045,26.692,0</coordinates>
            </LinearRing>
          </outerBoundaryIs>
        </Polygon>
      </MultiGeometry>
    </Placemark>
    <Placemark>
      <name>Pachi Gaon</name>
      <description><![CDATA[
        <h3>Pachi Gaon</h3>
        <p><b>Village ID:</b> 12858<br/>
        <b>Sub-District:</b> Na-Duar<br/>
        <b>District:</b> SONITPUR<br/>
        <b>Coordinates:</b> 26.698, 92.922</p>
      ]]></description>
      <styleUrl>#villageStyle</styleUrl>
      <MultiGeometry>
        <Point>
          <coordinates>92.922,26.698,0</coordinates>
        </Point>
        <Polygon>
          <outerBoundaryIs>
            <LinearRing>
              <coordinates>92.928,26.705,0 92.927,26.705,0 92.925,26.705,0 92.924,26.705,0 92.923,26.705,0 92.922,26.705,0 92.92,26.705,0 92.919,26.705,0 92.918,26.705,0 92.917,26.704,0 92.917,26.703,0 92.917,26.702,0 92.917,26.701,0 92.917,26.7,0 92.916,26.699,0 92.915,26.698,0 92.914,26.698,0 92.914,26.697,0 92.913,26.697,0 92.913,26.696,0 92.914,26.695,0 92.914,26.694,0 92.914,26.693,0 92.914,26.692,0 92.914,26.691,0 92.915,26.69,0 92.916,26.69,0 92.917,26.69,0 92.92,26.691,0 92.922,26.691,0 92.924,26.691,0 92.926,26.691,0 92.928,26.691,0 92.93,26.691,0 92.932,26.692,0 92.931,26.694,0 92.931,26.695,0 92.931,26.697,0 92.93,26.698,0 92.93,26.699,0 92.931,26.7,0 92.93,26.701,0 92.929,26.702,0 92.928,26.704,0 92.928,26.705,0</coordinates>
            </LinearRing>
          </outerBoundaryIs>
        </Polygon>
      </MultiGeometry>
    </Placemark>
    <Placemark>
      <name>Mohmara</name>
      <description><![CDATA[
        <h3>Mohmara</h3>
        <p><b>Village ID:</b> 12859<br/>
        <b>Sub-District:</b> Na-Duar<br/>
        <b>District:</b> SONITPUR<br/>
        <b>Coordinates:</b> 26.698, 92.936</p>
      ]]></description>
      <styleUrl>#villageStyle</styleUrl>
      <MultiGeometry>
        <Point>
          <coordinates>92.936,26.698,0</coordinates>
        </Point>
        <Polygon>
          <outerBoundaryIs>
            <LinearRing>
              <coordinates>92.94,26.697,0 92.94,26.698,0 92.94,26.699,0 92.939,26.699,0 92.938,26.7,0 92.937,26.7,0 92.937,26.701,0 92.936,26.701,0 92.935,26.701,0 92.935,26.702,0 92.934,26.703,0 92.934,26.704,0 92.934,26.705,0 92.934,26.706,0 92.932,26.706,0 92.931,26.705,0 92.929,26.705,0 92.928,26.705,0 92.928,26.704,0 92.929,26.702,0 92.93,26.701,0 92.931,26.7,0 92.93,26.699,0 92.93,26.698,0 92.931,26.697,0 92.931,26.695,0 92.931,26.694,0 92.932,26.692,0 92.933,26.692,0 92.933,26.691,0 92.936,26.691,0 92.937,26.691,0 92.938,26.69,0 92.941,26.69,0 92.942,26.689,0 92.942,26.69,0 92.942,26.691,0 92.942,26.692,0 92.941,26.692,0 92.941,26.693,0 92.94,26.694,0 92.94,26.695,0 92.94,26.696,0 92.94,26.697,0</coordinates>
            </LinearRing>
          </outerBoundaryIs>
        </Polygon>
      </MultiGeometry>
    </Placemark>
    <Placemark>
      <name>Adabheti</name>
      <description><![CDATA[
        <h3>Adabheti</h3>
        <p><b>Village ID:</b> 12861<br/>
        <b>Sub-District:</b> Na-Duar<br/>
        <b>District:</b> SONITPUR<br/>
        <b>Coordinates:</b> 26.694, 93.061</p>
      ]]></description>
      <styleUrl>#villageStyle</styleUrl>
      <MultiGeometry>
        <Point>
          <coordinates>93.061,26.694,0</coordinates>
        </Point>
        <Polygon>
          <outerBoundaryIs>
            <LinearRing>
              <coordinates>93.051,26.706,0 93.05,26.707,0 93.049,26.707,0 93.048,26.707,0 93.047,26.708,0 93.047,26.706,0 93.047,26.705,0 93.046,26.704,0 93.046,26.702,0 93.046,26.701,0 93.046,26.7,0 93.046,26.698,0 93.045,26.697,0 93.045,26.695,0 93.045,26.694,0 93.045,26.693,0 93.045,26.692,0 93.046,26.692,0 93.047,26.691,0 93.049,26.69,0 93.051,26.69,0 93.053,26.689,0 93.054,26.689,0 93.056,26.688,0 93.058,26.688,0 93.06,26.688,0 93.062,26.687,0 93.064,26.687,0 93.065,26.687,0 93.067,26.686,0 93.07,26.686,0 93.072,26.685,0 93.074,26.685,0 93.076,26.684,0 93.078,26.684,0 93.079,26.684,0 93.08,26.683,0 93.08,26.684,0 93.08,26.685,0 93.08,26.687,0 93.08,26.688,0 93.08,26.689,0 93.079,26.69,0 93.078,26.691,0 93.077,26.692,0 93.077,26.693,0 93.076,26.693,0 93.074,26.694,0 93.072,26.694,0 93.069,26.694,0 93.065,26.694,0 93.063,26.695,0 93.062,26.697,0 93.061,26.7,0 93.06,26.701,0 93.059,26.703,0 93.057,26.703,0 93.055,26.704,0 93.052,26.706,0 93.051,26.706,0</coordinates>
            </LinearRing>
          </outerBoundaryIs>
        </Polygon>
      </MultiGeometry>
    </Placemark>
    <Placemark>
      <name>Hokoma</name>
      <description><![CDATA[
        <h3>Hokoma</h3>
        <p><b>Village ID:</b> 12863<br/>
        <b>Sub-District:</b> Na-Duar<br/>
        <b>District:</b> SONITPUR<br/>
        <b>Coordinates:</b> 26.68, 92.925</p>
      ]]></description>
      <styleUrl>#villageStyle</styleUrl>
      <MultiGeometry>
        <Point>
          <coordinates>92.925,26.68,0</coordinates>
        </Point>
        <Polygon>
          <outerBoundaryIs>
            <LinearRing>
              <coordinates>92.935,26.675,0 92.935,26.676,0 92.935,26.677,0 92.935,26.678,0 92.934,26.68,0 92.934,26.681,0 92.934,26.683,0 92.934,26.684,0 92.933,26.686,0 92.933,26.687,0 92.933,26.688,0 92.932,26.689,0 92.932,26.692,0 92.93,26.691,0 92.928,26.691,0 92.926,26.691,0 92.924,26.691,0 92.922,26.691,0 92.92,26.691,0 92.917,26.69,0 92.916,26.69,0 92.915,26.69,0 92.914,26.687,0 92.914,26.686,0 92.914,26.685,0 92.915,26.684,0 92.915,26.683,0 92.915,26.682,0 92.915,26.68,0 92.915,26.679,0 92.914,26.678,0 92.914,26.677,0 92.915,26.677,0 92.917,26.676,0 92.918,26.676,0 92.92,26.675,0 92.921,26.674,0 92.922,26.673,0 92.923,26.672,0 92.924,26.671,0 92.925,26.671,0 92.926,26.671,0 92.928,26.671,0 92.929,26.671,0 92.93,26.671,0 92.931,26.671,0 92.932,26.672,0 92.933,26.673,0 92.934,26.673,0 92.935,26.674,0 92.935,26.675,0</coordinates>
            </LinearRing>
          </outerBoundaryIs>
        </Polygon>
      </MultiGeometry>
    </Placemark>
    <Placemark>
      <name>No.2 Gosain Chapori</name>
      <description><![CDATA[
        <h3>No.2 Gosain Chapori</h3>
        <p><b>Village ID:</b> 12864<br/>
        <b>Sub-District:</b> Na-Duar<br/>
        <b>District:</b> SONITPUR<br/>
        <b>Coordinates:</b> 26.684, 92.975</p>
      ]]></description>
      <styleUrl>#villageStyle</styleUrl>
      <MultiGeometry>
        <Point>
          <coordinates>92.975,26.684,0</coordinates>
        </Point>
        <Polygon>
          <outerBoundaryIs>
            <LinearRing>
              <coordinates>92.983,26.677,0 92.983,26.678,0 92.983,26.679,0 92.982,26.679,0 92.982,26.68,0 92.982,26.681,0 92.982,26.682,0 92.982,26.683,0 92.982,26.685,0 92.981,26.686,0 92.981,26.687,0 92.981,26.688,0 92.98,26.689,0 92.98,26.69,0 92.98,26.691,0 92.979,26.691,0 92.979,26.692,0 92.978,26.692,0 92.977,26.692,0 92.976,26.691,0 92.975,26.691,0 92.974,26.691,0 92.973,26.691,0 92.972,26.69,0 92.971,26.69,0 92.971,26.689,0 92.97,26.689,0 92.968,26.688,0 92.967,26.688,0 92.966,26.688,0 92.965,26.687,0 92.964,26.687,0 92.964,26.686,0 92.965,26.684,0 92.966,26.682,0 92.967,26.682,0 92.967,26.679,0 92.968,26.678,0 92.968,26.676,0 92.969,26.676,0 92.971,26.675,0 92.974,26.676,0 92.976,26.676,0 92.978,26.676,0 92.98,26.676,0 92.982,26.676,0 92.983,26.677,0</coordinates>
            </LinearRing>
          </outerBoundaryIs>
        </Polygon>
      </MultiGeometry>
    </Placemark>
    <Placemark>
      <name>Un-named Block (12880)</name>
      <description><![CDATA[
        <h3>Un-named Block (12880)</h3>
        <p><b>Village ID:</b> 12880<br/>
        <b>Sub-District:</b> Na-Duar<br/>
        <b>District:</b> SONITPUR<br/>
        <b>Coordinates:</b> 26.705, 93.011</p>
      ]]></description>
      <styleUrl>#villageStyle</styleUrl>
      <MultiGeometry>
        <Point>
          <coordinates>93.011,26.705,0</coordinates>
        </Point>
        <Polygon>
          <outerBoundaryIs>
            <LinearRing>
              <coordinates>93.018,26.704,0 93.018,26.706,0 93.017,26.709,0 93.017,26.712,0 93.014,26.712,0 93.013,26.712,0 93.011,26.711,0 93.01,26.711,0 93.009,26.711,0 93.008,26.71,0 93.006,26.71,0 93.005,26.709,0 93.005,26.707,0 93.005,26.706,0 93.006,26.704,0 93.007,26.702,0 93.008,26.7,0 93.009,26.698,0 93.008,26.698,0 93.01,26.698,0 93.011,26.7,0 93.012,26.701,0 93.013,26.701,0 93.014,26.702,0 93.015,26.703,0 93.016,26.703,0 93.018,26.704,0</coordinates>
            </LinearRing>
          </outerBoundaryIs>
        </Polygon>
      </MultiGeometry>
    </Placemark>
    <Placemark>
      <name>Dakhin Dol</name>
      <description><![CDATA[
        <h3>Dakhin Dol</h3>
        <p><b>Village ID:</b> 13006<br/>
        <b>Sub-District:</b> Na-Duar<br/>
        <b>District:</b> SONITPUR<br/>
        <b>Coordinates:</b> 26.66, 92.999</p>
      ]]></description>
      <styleUrl>#villageStyle</styleUrl>
      <MultiGeometry>
        <Point>
          <coordinates>92.999,26.66,0</coordinates>
        </Point>
        <Polygon>
          <outerBoundaryIs>
            <LinearRing>
              <coordinates>93.046,26.704,0 93.047,26.705,0 93.047,26.706,0 93.047,26.708,0 93.046,26.707,0 93.045,26.707,0 93.042,26.706,0 93.041,26.706,0 93.039,26.705,0 93.038,26.705,0 93.037,26.705,0 93.037,26.704,0 93.035,26.704,0 93.034,26.704,0 93.033,26.704,0 93.032,26.703,0 93.03,26.703,0 93.027,26.703,0 93.026,26.703,0 93.025,26.703,0 93.024,26.703,0 93.023,26.703,0 93.022,26.704,0 93.021,26.704,0 93.02,26.704,0 93.019,26.704,0 93.018,26.704,0 93.016,26.703,0 93.015,26.703,0 93.014,26.702,0 93.013,26.701,0 93.012,26.701,0 93.011,26.7,0 93.01,26.698,0 93.008,26.698,0 93.008,26.697,0 93.007,26.697,0 93.006,26.697,0 93.005,26.698,0 93.003,26.698,0 93.002,26.698,0 93.001,26.699,0 93.0,26.699,0 92.999,26.699,0 92.998,26.699,0 92.997,26.699,0 92.996,26.699,0 92.994,26.699,0 92.993,26.699,0 92.991,26.698,0 92.99,26.698,0 92.989,26.698,0 92.988,26.697,0 92.986,26.697,0 92.985,26.696,0 92.984,26.696,0 92.983,26.696,0 92.982,26.695,0 92.98,26.695,0 92.979,26.695,0 92.978,26.694,0 92.977,26.694,0 92.976,26.694,0 92.975,26.694,0 92.974,26.694,0 92.973,26.694,0 92.972,26.694,0 92.971,26.694,0 92.97,26.694,0 92.968,26.694,0 92.968,26.693,0 92.967,26.693,0 92.966,26.692,0 92.965,26.692,0 92.964,26.691,0 92.963,26.691,0 92.962,26.691,0 92.961,26.691,0 92.96,26.69,0 92.959,26.69,0 92.958,26.689,0 92.957,26.688,0 92.956,26.687,0 92.954,26.686,0 92.953,26.685,0 92.952,26.684,0 92.951,26.683,0 92.95,26.683,0 92.949,26.683,0 92.947,26.682,0 92.946,26.682,0 92.945,26.682,0 92.944,26.682,0 92.942,26.681,0 92.941,26.68,0 92.939,26.679,0 92.939,26.677,0 92.938,26.677,0 92.938,26.676,0 92.937,26.675,0 92.937,26.674,0 92.936,26.674,0 92.935,26.671,0 92.935,26.67,0 92.936,26.669,0 92.936,26.668,0 92.936,26.667,0 92.937,26.666,0 92.937,26.664,0 92.937,26.663,0 92.937,26.661,0 92.937,26.66,0 92.937,26.659,0 92.937,26.658,0 92.936,26.657,0 92.935,26.657,0 92.934,26.656,0 92.933,26.655,0 92.933,26.654,0 92.933,26.653,0 92.934,26.652,0 92.933,26.652,0 92.932,26.652,0 92.931,26.652,0 92.93,26.651,0 92.929,26.651,0 92.928,26.65,0 92.927,26.65,0 92.926,26.649,0 92.925,26.649,0 92.925,26.648,0 92.925,26.647,0 92.925,26.646,0 92.925,26.645,0 92.925,26.644,0 92.924,26.643,0 92.924,26.642,0 92.923,26.641,0 92.923,26.64,0 92.922,26.64,0 92.923,26.639,0 92.923,26.638,0 92.924,26.639,0 92.925,26.64,0 92.925,26.641,0 92.925,26.642,0 92.925,26.643,0 92.926,26.644,0 92.926,26.645,0 92.926,26.646,0 92.927,26.647,0 92.928,26.648,0 92.929,26.648,0 92.929,26.649,0 92.93,26.649,0 92.931,26.65,0 92.932,26.65,0 92.933,26.65,0 92.934,26.65,0 92.935,26.65,0 92.936,26.65,0 92.937,26.65,0 92.938,26.649,0 92.939,26.649,0 92.94,26.649,0 92.941,26.649,0 92.942,26.649,0 92.943,26.649,0 92.944,26.649,0 92.945,26.649,0 92.946,26.649,0 92.947,26.649,0 92.948,26.65,0 92.949,26.65,0 92.95,26.651,0 92.951,26.651,0 92.952,26.651,0 92.953,26.651,0 92.954,26.652,0 92.955,26.652,0 92.956,26.652,0 92.957,26.652,0 92.957,26.653,0 92.958,26.653,0 92.959,26.653,0 92.96,26.653,0 92.961,26.653,0 92.961,26.654,0 92.962,26.654,0 92.963,26.654,0 92.964,26.654,0 92.965,26.654,0 92.966,26.655,0 92.967,26.655,0 92.968,26.655,0 92.97,26.655,0 92.971,26.655,0 92.972,26.656,0 92.973,26.656,0 92.974,26.656,0 92.975,26.656,0 92.975,26.657,0 92.976,26.657,0 92.977,26.657,0 92.978,26.657,0 92.979,26.657,0 92.98,26.657,0 92.98,26.656,0 92.981,26.656,0 92.981,26.655,0 92.981,26.654,0 92.981,26.653,0 92.981,26.652,0 92.982,26.653,0 92.982,26.654,0 92.982,26.655,0 92.982,26.656,0 92.982,26.658,0 92.982,26.659,0 92.982,26.66,0 92.982,26.661,0 92.982,26.662,0 92.983,26.663,0 92.983,26.664,0 92.984,26.665,0 92.985,26.666,0 92.986,26.667,0 92.987,26.668,0 92.988,26.668,0 92.989,26.669,0 92.99,26.669,0 92.991,26.669,0 92.993,26.669,0 92.995,26.669,0 92.996,26.669,0 92.997,26.669,0 92.998,26.67,0 92.999,26.67,0 93.0,26.67,0 93.002,26.67,0 93.003,26.67,0 93.004,26.671,0 93.005,26.671,0 93.006,26.671,0 93.007,26.671,0 93.007,26.67,0 93.007,26.669,0 93.008,26.669,0 93.008,26.668,0 93.009,26.667,0 93.01,26.666,0 93.011,26.665,0 93.012,26.664,0 93.012,26.663,0 93.012,26.662,0 93.011,26.662,0 93.011,26.661,0 93.01,26.661,0 93.009,26.661,0 93.008,26.661,0 93.007,26.661,0 93.006,26.66,0 93.005,26.66,0 93.004,26.66,0 93.003,26.659,0 93.002,26.659,0 93.001,26.658,0 93.0,26.658,0 92.999,26.657,0 92.999,26.656,0 92.998,26.655,0 92.998,26.654,0 92.998,26.653,0 92.998,26.652,0 92.997,26.652,0 92.996,26.651,0 92.994,26.651,0 92.992,26.651,0 92.989,26.65,0 92.987,26.65,0 92.985,26.65,0 92.984,26.65,0 92.982,26.649,0 92.981,26.649,0 92.979,26.649,0 92.978,26.648,0 92.977,26.648,0 92.976,26.647,0 92.974,26.647,0 92.973,26.646,0 92.971,26.646,0 92.97,26.646,0 92.968,26.645,0 92.967,26.645,0 92.966,26.645,0 92.964,26.644,0 92.963,26.644,0 92.962,26.643,0 92.961,26.642,0 92.96,26.642,0 92.96,26.641,0 92.959,26.641,0 92.959,26.64,0 92.958,26.64,0 92.958,26.639,0 92.957,26.639,0 92.956,26.638,0 92.956,26.637,0 92.955,26.636,0 92.955,26.635,0 92.954,26.634,0 92.954,26.633,0 92.954,26.632,0 92.954,26.631,0 92.955,26.63,0 92.954,26.629,0 92.954,26.628,0 92.953,26.626,0 92.952,26.626,0 92.951,26.626,0 92.95,26.625,0 92.949,26.625,0 92.948,26.625,0 92.946,26.624,0 92.944,26.624,0 92.943,26.624,0 92.942,26.624,0 92.94,26.624,0 92.939,26.624,0 92.937,26.625,0 92.935,26.625,0 92.934,26.625,0 92.933,26.626,0 92.932,26.626,0 92.931,26.626,0 92.93,26.626,0 92.929,26.626,0 92.928,26.626,0 92.929,26.625,0 92.931,26.62,0 92.932,26.617,0 92.933,26.616,0 92.934,26.615,0 92.935,26.616,0 92.936,26.616,0 92.937,26.617,0 92.938,26.617,0 92.941,26.619,0 92.942,26.619,0 92.943,26.619,0 92.946,26.619,0 92.947,26.62,0 92.949,26.62,0 92.95,26.62,0 92.951,26.62,0 92.952,26.62,0 92.953,26.62,0 92.953,26.619,0 92.954,26.619,0 92.955,26.618,0 92.956,26.618,0 92.957,26.618,0 92.957,26.619,0 92.958,26.619,0 92.959,26.619,0 92.96,26.619,0 92.961,26.619,0 92.962,26.618,0 92.963,26.618,0 92.965,26.618,0 92.967,26.618,0 92.969,26.618,0 92.97,26.618,0 92.971,26.618,0 92.974,26.618,0 92.975,26.618,0 92.977,26.618,0 92.978,26.618,0 92.979,26.618,0 92.98,26.617,0 92.98,26.616,0 92.981,26.616,0 92.982,26.616,0 92.983,26.615,0 92.984,26.615,0 92.985,26.614,0 92.986,26.614,0 92.987,26.614,0 92.988,26.614,0 92.989,26.614,0 92.992,26.614,0 92.993,26.614,0 92.993,26.613,0 92.994,26.613,0 92.994,26.612,0 92.995,26.612,0 92.995,26.611,0 92.996,26.611,0 92.997,26.611,0 92.996,26.61,0 92.996,26.609,0 92.995,26.609,0 92.995,26.606,0 92.995,26.605,0 92.996,26.604,0 92.997,26.604,0 92.997,26.603,0 93.0,26.602,0 93.006,26.6,0 93.008,26.599,0 93.01,26.599,0 93.014,26.598,0 93.02,26.597,0 93.022,26.597,0 93.023,26.597,0 93.025,26.597,0 93.028,26.597,0 93.03,26.598,0 93.032,26.598,0 93.034,26.598,0 93.036,26.598,0 93.039,26.597,0 93.043,26.597,0 93.047,26.596,0 93.049,26.596,0 93.052,26.595,0 93.054,26.595,0 93.055,26.595,0 93.057,26.595,0 93.06,26.596,0 93.061,26.596,0 93.063,26.596,0 93.063,26.597,0 93.064,26.597,0 93.066,26.597,0 93.067,26.598,0 93.068,26.598,0 93.07,26.598,0 93.071,26.598,0 93.073,26.597,0 93.074,26.596,0 93.075,26.596,0 93.075,26.595,0 93.075,26.594,0 93.077,26.593,0 93.079,26.591,0 93.082,26.588,0 93.084,26.587,0 93.085,26.586,0 93.088,26.584,0 93.088,26.583,0 93.089,26.583,0 93.092,26.58,0 93.095,26.578,0 93.097,26.577,0 93.098,26.577,0 93.099,26.577,0 93.102,26.577,0 93.104,26.577,0 93.107,26.577,0 93.11,26.578,0 93.113,26.579,0 93.114,26.579,0 93.115,26.579,0 93.116,26.579,0 93.117,26.58,0 93.118,26.58,0 93.119,26.58,0 93.122,26.581,0 93.123,26.582,0 93.124,26.582,0 93.126,26.583,0 93.128,26.585,0 93.13,26.586,0 93.131,26.586,0 93.132,26.587,0 93.135,26.588,0 93.136,26.589,0 93.138,26.589,0 93.14,26.59,0 93.142,26.591,0 93.143,26.591,0 93.144,26.591,0 93.145,26.592,0 93.136,26.622,0 93.132,26.636,0 93.131,26.639,0 93.13,26.643,0 93.125,26.655,0 93.118,26.655,0 93.116,26.655,0 93.115,26.655,0 93.114,26.656,0 93.113,26.656,0 93.112,26.657,0 93.112,26.658,0 93.111,26.659,0 93.11,26.66,0 93.109,26.66,0 93.108,26.661,0 93.107,26.661,0 93.106,26.661,0 93.104,26.662,0 93.102,26.662,0 93.1,26.663,0 93.098,26.663,0 93.097,26.663,0 93.095,26.663,0 93.094,26.664,0 93.092,26.664,0 93.091,26.665,0 93.088,26.665,0 93.087,26.666,0 93.086,26.666,0 93.085,26.666,0 93.084,26.666,0 93.083,26.666,0 93.082,26.666,0 93.08,26.665,0 93.078,26.665,0 93.077,26.665,0 93.076,26.665,0 93.073,26.666,0 93.072,26.666,0 93.071,26.666,0 93.069,26.667,0 93.068,26.667,0 93.067,26.667,0 93.066,26.667,0 93.065,26.667,0 93.064,26.667,0 93.063,26.667,0 93.061,26.667,0 93.06,26.667,0 93.059,26.667,0 93.058,26.667,0 93.058,26.668,0 93.057,26.668,0 93.057,26.669,0 93.056,26.67,0 93.056,26.671,0 93.055,26.672,0 93.055,26.673,0 93.054,26.674,0 93.052,26.675,0 93.051,26.675,0 93.05,26.676,0 93.049,26.676,0 93.047,26.677,0 93.046,26.677,0 93.045,26.677,0 93.044,26.678,0 93.042,26.679,0 93.041,26.679,0 93.04,26.679,0 93.039,26.679,0 93.038,26.679,0 93.036,26.679,0 93.035,26.679,0 93.034,26.679,0 93.033,26.679,0 93.032,26.679,0 93.031,26.68,0 93.03,26.68,0 93.029,26.681,0 93.028,26.681,0 93.027,26.682,0 93.026,26.682,0 93.025,26.683,0 93.023,26.683,0 93.022,26.684,0 93.02,26.685,0 93.019,26.686,0 93.017,26.686,0 93.017,26.687,0 93.015,26.688,0 93.013,26.688,0 93.012,26.689,0 93.011,26.688,0 93.01,26.688,0 93.008,26.688,0 93.006,26.688,0 93.005,26.687,0 93.004,26.687,0 93.003,26.687,0 93.001,26.687,0 93.0,26.687,0 92.998,26.686,0 92.997,26.686,0 92.996,26.685,0 92.995,26.685,0 92.994,26.684,0 92.994,26.683,0 92.993,26.683,0 92.992,26.682,0 92.991,26.681,0 92.99,26.681,0 92.99,26.68,0 92.989,26.679,0 92.988,26.678,0 92.987,26.677,0 92.987,26.676,0 92.986,26.675,0 92.985,26.674,0 92.985,26.672,0 92.984,26.671,0 92.984,26.67,0 92.983,26.668,0 92.982,26.666,0 92.98,26.665,0 92.979,26.663,0 92.978,26.662,0 92.977,26.661,0 92.976,26.659,0 92.975,26.659,0 92.974,26.658,0 92.973,26.658,0 92.972,26.658,0 92.97,26.658,0 92.968,26.659,0 92.967,26.659,0 92.966,26.659,0 92.965,26.659,0 92.963,26.659,0 92.962,26.658,0 92.961,26.658,0 92.96,26.658,0 92.959,26.658,0 92.958,26.658,0 92.957,26.657,0 92.956,26.657,0 92.955,26.657,0 92.954,26.656,0 92.953,26.655,0 92.952,26.655,0 92.951,26.656,0 92.95,26.657,0 92.949,26.658,0 92.949,26.659,0 92.948,26.66,0 92.947,26.661,0 92.946,26.662,0 92.945,26.662,0 92.945,26.663,0 92.944,26.663,0 92.943,26.663,0 92.942,26.662,0 92.942,26.663,0 92.942,26.664,0 92.942,26.665,0 92.942,26.666,0 92.941,26.667,0 92.941,26.668,0 92.941,26.669,0 92.94,26.67,0 92.94,26.671,0 92.94,26.672,0 92.941,26.673,0 92.941,26.674,0 92.942,26.675,0 92.943,26.676,0 92.944,26.677,0 92.945,26.677,0 92.946,26.678,0 92.947,26.678,0 92.948,26.679,0 92.949,26.68,0 92.95,26.68,0 92.952,26.681,0 92.954,26.682,0 92.955,26.683,0 92.957,26.684,0 92.958,26.685,0 92.959,26.685,0 92.96,26.686,0 92.961,26.686,0 92.962,26.686,0 92.964,26.687,0 92.965,26.687,0 92.966,26.688,0 92.967,26.688,0 92.968,26.688,0 92.97,26.689,0 92.971,26.689,0 92.971,26.69,0 92.972,26.69,0 92.973,26.691,0 92.974,26.691,0 92.975,26.691,0 92.976,26.691,0 92.977,26.692,0 92.978,26.692,0 92.979,26.692,0 92.98,26.692,0 92.982,26.693,0 92.983,26.693,0 92.985,26.694,0 92.987,26.695,0 92.988,26.695,0 92.989,26.695,0 92.991,26.695,0 92.992,26.696,0 92.993,26.696,0 92.995,26.696,0 92.996,26.696,0 92.997,26.696,0 92.998,26.696,0 92.999,26.696,0 93.0,26.696,0 93.001,26.695,0 93.002,26.695,0 93.003,26.695,0 93.005,26.695,0 93.006,26.695,0 93.007,26.695,0 93.008,26.695,0 93.009,26.696,0 93.01,26.696,0 93.01,26.697,0 93.011,26.698,0 93.012,26.698,0 93.012,26.699,0 93.013,26.699,0 93.014,26.7,0 93.015,26.701,0 93.016,26.701,0 93.017,26.702,0 93.018,26.702,0 93.019,26.702,0 93.02,26.702,0 93.021,26.703,0 93.022,26.703,0 93.023,26.702,0 93.024,26.702,0 93.025,26.702,0 93.027,26.702,0 93.028,26.701,0 93.029,26.701,0 93.03,26.701,0 93.031,26.702,0 93.033,26.702,0 93.034,26.702,0 93.037,26.703,0 93.039,26.704,0 93.04,26.704,0 93.041,26.704,0 93.045,26.704,0 93.046,26.704,0</coordinates>
            </LinearRing>
          </outerBoundaryIs>
          <innerBoundaryIs>
            <LinearRing>
              <coordinates>92.996,26.675,0 92.997,26.675,0 92.998,26.675,0 92.999,26.674,0 93.0,26.674,0 93.001,26.673,0 93.002,26.673,0 93.003,26.672,0 93.004,26.672,0 93.003,26.672,0 93.003,26.671,0 93.002,26.671,0 93.001,26.671,0 93.0,26.671,0 92.999,26.671,0 92.998,26.671,0 92.997,26.67,0 92.996,26.67,0 92.994,26.67,0 92.992,26.67,0 92.99,26.67,0 92.989,26.67,0 92.988,26.67,0 92.988,26.671,0 92.988,26.672,0 92.989,26.673,0 92.989,26.674,0 92.99,26.674,0 92.991,26.675,0 92.992,26.675,0 92.994,26.675,0 92.995,26.675,0 92.996,26.675,0</coordinates>
            </LinearRing>
          </innerBoundaryIs>
          <innerBoundaryIs>
            <LinearRing>
              <coordinates>93.001,26.685,0 93.002,26.684,0 93.003,26.684,0 93.003,26.683,0 93.004,26.683,0 93.005,26.683,0 93.005,26.682,0 93.006,26.682,0 93.007,26.681,0 93.008,26.681,0 93.009,26.681,0 93.01,26.681,0 93.01,26.68,0 93.011,26.68,0 93.012,26.68,0 93.013,26.68,0 93.013,26.681,0 93.014,26.681,0 93.015,26.681,0 93.015,26.682,0 93.016,26.682,0 93.017,26.682,0 93.017,26.683,0 93.018,26.683,0 93.019,26.683,0 93.02,26.683,0 93.021,26.683,0 93.022,26.682,0 93.023,26.682,0 93.024,26.682,0 93.024,26.681,0 93.025,26.681,0 93.026,26.68,0 93.026,26.678,0 93.026,26.677,0 93.027,26.676,0 93.027,26.675,0 93.027,26.674,0 93.028,26.674,0 93.028,26.673,0 93.028,26.672,0 93.029,26.672,0 93.03,26.672,0 93.03,26.671,0 93.031,26.671,0 93.031,26.67,0 93.032,26.67,0 93.032,26.669,0 93.033,26.669,0 93.033,26.668,0 93.033,26.667,0 93.033,26.666,0 93.032,26.665,0 93.031,26.665,0 93.031,26.664,0 93.03,26.664,0 93.029,26.663,0 93.029,26.662,0 93.028,26.662,0 93.027,26.661,0 93.026,26.661,0 93.025,26.661,0 93.025,26.66,0 93.024,26.66,0 93.023,26.66,0 93.022,26.66,0 93.021,26.66,0 93.019,26.66,0 93.018,26.66,0 93.017,26.66,0 93.016,26.66,0 93.015,26.66,0 93.014,26.661,0 93.014,26.662,0 93.014,26.663,0 93.014,26.664,0 93.013,26.665,0 93.012,26.666,0 93.011,26.667,0 93.01,26.667,0 93.01,26.668,0 93.009,26.669,0 93.008,26.67,0 93.008,26.671,0 93.007,26.672,0 93.006,26.673,0 93.005,26.673,0 93.004,26.673,0 93.003,26.674,0 93.002,26.674,0 93.001,26.674,0 93.0,26.675,0 92.999,26.675,0 92.998,26.675,0 92.997,26.676,0 92.996,26.676,0 92.995,26.676,0 92.994,26.676,0 92.993,26.676,0 92.992,26.676,0 92.992,26.675,0 92.991,26.675,0 92.99,26.675,0 92.989,26.674,0 92.989,26.675,0 92.99,26.676,0 92.991,26.677,0 92.992,26.678,0 92.992,26.679,0 92.993,26.68,0 92.993,26.681,0 92.994,26.681,0 92.995,26.682,0 92.996,26.682,0 92.997,26.683,0 92.998,26.684,0 92.999,26.684,0 93.0,26.684,0 93.001,26.685,0</coordinates>
            </LinearRing>
          </innerBoundaryIs>
        </Polygon>
      </MultiGeometry>
    </Placemark>
    <Placemark>
      <name>No.1 Gataimara</name>
      <description><![CDATA[
        <h3>No.1 Gataimara</h3>
        <p><b>Village ID:</b> 13105<br/>
        <b>Sub-District:</b> Na-Duar<br/>
        <b>District:</b> SONITPUR<br/>
        <b>Coordinates:</b> 26.726, 92.871</p>
      ]]></description>
      <styleUrl>#villageStyle</styleUrl>
      <MultiGeometry>
        <Point>
          <coordinates>92.871,26.726,0</coordinates>
        </Point>
        <Polygon>
          <outerBoundaryIs>
            <LinearRing>
              <coordinates>92.879,26.728,0 92.878,26.728,0 92.877,26.728,0 92.875,26.729,0 92.874,26.729,0 92.872,26.729,0 92.871,26.73,0 92.87,26.73,0 92.869,26.73,0 92.868,26.73,0 92.867,26.73,0 92.867,26.729,0 92.866,26.729,0 92.865,26.728,0 92.865,26.727,0 92.86,26.724,0 92.86,26.723,0 92.86,26.722,0 92.867,26.719,0 92.868,26.719,0 92.871,26.718,0 92.872,26.719,0 92.873,26.721,0 92.874,26.722,0 92.875,26.723,0 92.876,26.724,0 92.876,26.725,0 92.877,26.725,0 92.878,26.727,0 92.879,26.728,0</coordinates>
            </LinearRing>
          </outerBoundaryIs>
        </Polygon>
      </MultiGeometry>
    </Placemark>
    <Placemark>
      <name>Chilabandha Sonari</name>
      <description><![CDATA[
        <h3>Chilabandha Sonari</h3>
        <p><b>Village ID:</b> 13120<br/>
        <b>Sub-District:</b> Na-Duar<br/>
        <b>District:</b> SONITPUR<br/>
        <b>Coordinates:</b> 26.728, 92.89</p>
      ]]></description>
      <styleUrl>#villageStyle</styleUrl>
      <MultiGeometry>
        <Point>
          <coordinates>92.89,26.728,0</coordinates>
        </Point>
        <Polygon>
          <outerBoundaryIs>
            <LinearRing>
              <coordinates>92.899,26.735,0 92.898,26.735,0 92.897,26.735,0 92.895,26.735,0 92.893,26.735,0 92.892,26.735,0 92.891,26.735,0 92.89,26.734,0 92.887,26.733,0 92.885,26.733,0 92.884,26.733,0 92.883,26.733,0 92.883,26.732,0 92.882,26.731,0 92.881,26.73,0 92.88,26.728,0 92.879,26.728,0 92.88,26.727,0 92.882,26.726,0 92.883,26.726,0 92.884,26.725,0 92.885,26.724,0 92.887,26.723,0 92.888,26.723,0 92.888,26.722,0 92.889,26.722,0 92.89,26.721,0 92.892,26.721,0 92.894,26.721,0 92.895,26.721,0 92.897,26.721,0 92.897,26.722,0 92.897,26.723,0 92.896,26.724,0 92.896,26.726,0 92.896,26.727,0 92.897,26.729,0 92.897,26.731,0 92.898,26.733,0 92.899,26.735,0</coordinates>
            </LinearRing>
          </outerBoundaryIs>
        </Polygon>
      </MultiGeometry>
    </Placemark>
    <Placemark>
      <name>Khatowal</name>
      <description><![CDATA[
        <h3>Khatowal</h3>
        <p><b>Village ID:</b> 13166<br/>
        <b>Sub-District:</b> Na-Duar<br/>
        <b>District:</b> SONITPUR<br/>
        <b>Coordinates:</b> 26.733, 93.053</p>
      ]]></description>
      <styleUrl>#villageStyle</styleUrl>
      <MultiGeometry>
        <Point>
          <coordinates>93.053,26.733,0</coordinates>
        </Point>
        <Polygon>
          <outerBoundaryIs>
            <LinearRing>
              <coordinates>93.056,26.731,0 93.056,26.733,0 93.057,26.734,0 93.057,26.735,0 93.059,26.736,0 93.06,26.736,0 93.061,26.736,0 93.063,26.737,0 93.064,26.738,0 93.064,26.739,0 93.064,26.74,0 93.061,26.74,0 93.059,26.74,0 93.058,26.74,0 93.057,26.74,0 93.056,26.74,0 93.055,26.74,0 93.054,26.739,0 93.053,26.738,0 93.049,26.737,0 93.044,26.736,0 93.044,26.735,0 93.045,26.735,0 93.045,26.734,0 93.045,26.733,0 93.045,26.732,0 93.046,26.731,0 93.046,26.73,0 93.046,26.729,0 93.046,26.728,0 93.046,26.726,0 93.046,26.725,0 93.047,26.725,0 93.047,26.724,0 93.048,26.724,0 93.049,26.725,0 93.05,26.727,0 93.051,26.728,0 93.052,26.729,0 93.054,26.73,0 93.055,26.731,0 93.056,26.731,0</coordinates>
            </LinearRing>
          </outerBoundaryIs>
        </Polygon>
      </MultiGeometry>
    </Placemark>
    <Placemark>
      <name>Sangia Major Chuk</name>
      <description><![CDATA[
        <h3>Sangia Major Chuk</h3>
        <p><b>Village ID:</b> 13167<br/>
        <b>Sub-District:</b> Na-Duar<br/>
        <b>District:</b> SONITPUR<br/>
        <b>Coordinates:</b> 26.745, 92.93</p>
      ]]></description>
      <styleUrl>#villageStyle</styleUrl>
      <MultiGeometry>
        <Point>
          <coordinates>92.93,26.745,0</coordinates>
        </Point>
        <Polygon>
          <outerBoundaryIs>
            <LinearRing>
              <coordinates>92.935,26.738,0 92.936,26.74,0 92.936,26.742,0 92.937,26.743,0 92.936,26.744,0 92.936,26.745,0 92.936,26.747,0 92.936,26.748,0 92.936,26.749,0 92.936,26.75,0 92.936,26.752,0 92.935,26.751,0 92.933,26.751,0 92.931,26.751,0 92.929,26.751,0 92.927,26.751,0 92.925,26.751,0 92.924,26.751,0 92.923,26.751,0 92.923,26.75,0 92.923,26.749,0 92.924,26.748,0 92.924,26.747,0 92.924,26.745,0 92.924,26.742,0 92.924,26.74,0 92.924,26.739,0 92.924,26.738,0 92.925,26.738,0 92.927,26.739,0 92.93,26.738,0 92.932,26.738,0 92.934,26.738,0 92.935,26.738,0</coordinates>
            </LinearRing>
          </outerBoundaryIs>
        </Polygon>
      </MultiGeometry>
    </Placemark>
    <Placemark>
      <name>Madhav Barhampur</name>
      <description><![CDATA[
        <h3>Madhav Barhampur</h3>
        <p><b>Village ID:</b> 13168<br/>
        <b>Sub-District:</b> Na-Duar<br/>
        <b>District:</b> SONITPUR<br/>
        <b>Coordinates:</b> 26.744, 92.946</p>
      ]]></description>
      <styleUrl>#villageStyle</styleUrl>
      <MultiGeometry>
        <Point>
          <coordinates>92.946,26.744,0</coordinates>
        </Point>
        <Polygon>
          <outerBoundaryIs>
            <LinearRing>
              <coordinates>92.95,26.749,0 92.948,26.75,0 92.946,26.75,0 92.944,26.751,0 92.941,26.751,0 92.936,26.752,0 92.936,26.75,0 92.936,26.749,0 92.936,26.748,0 92.936,26.747,0 92.936,26.745,0 92.936,26.744,0 92.937,26.743,0 92.936,26.742,0 92.936,26.74,0 92.935,26.738,0 92.937,26.738,0 92.939,26.738,0 92.942,26.737,0 92.943,26.737,0 92.945,26.737,0 92.946,26.737,0 92.948,26.736,0 92.951,26.736,0 92.951,26.737,0 92.952,26.738,0 92.952,26.739,0 92.953,26.74,0 92.953,26.741,0 92.954,26.742,0 92.954,26.743,0 92.954,26.744,0 92.954,26.745,0 92.954,26.747,0 92.955,26.748,0 92.957,26.748,0 92.956,26.749,0 92.953,26.749,0 92.95,26.749,0</coordinates>
            </LinearRing>
          </outerBoundaryIs>
        </Polygon>
      </MultiGeometry>
    </Placemark>
    <Placemark>
      <name>Bharali Chapori</name>
      <description><![CDATA[
        <h3>Bharali Chapori</h3>
        <p><b>Village ID:</b> 13184<br/>
        <b>Sub-District:</b> Na-Duar<br/>
        <b>District:</b> SONITPUR<br/>
        <b>Coordinates:</b> 26.732, 92.873</p>
      ]]></description>
      <styleUrl>#villageStyle</styleUrl>
      <MultiGeometry>
        <Point>
          <coordinates>92.873,26.732,0</coordinates>
        </Point>
        <Polygon>
          <outerBoundaryIs>
            <LinearRing>
              <coordinates>92.883,26.733,0 92.883,26.734,0 92.882,26.734,0 92.882,26.735,0 92.881,26.736,0 92.88,26.736,0 92.879,26.736,0 92.878,26.737,0 92.877,26.738,0 92.873,26.741,0 92.869,26.74,0 92.869,26.739,0 92.867,26.737,0 92.865,26.735,0 92.863,26.733,0 92.862,26.731,0 92.861,26.728,0 92.86,26.726,0 92.86,26.724,0 92.865,26.727,0 92.865,26.728,0 92.866,26.729,0 92.867,26.729,0 92.867,26.73,0 92.868,26.73,0 92.869,26.73,0 92.87,26.73,0 92.871,26.73,0 92.872,26.729,0 92.874,26.729,0 92.875,26.729,0 92.877,26.728,0 92.878,26.728,0 92.879,26.728,0 92.88,26.728,0 92.881,26.73,0 92.882,26.731,0 92.883,26.732,0 92.883,26.733,0</coordinates>
            </LinearRing>
          </outerBoundaryIs>
        </Polygon>
      </MultiGeometry>
    </Placemark>
    <Placemark>
      <name>Solal Sonar</name>
      <description><![CDATA[
        <h3>Solal Sonar</h3>
        <p><b>Village ID:</b> 13218<br/>
        <b>Sub-District:</b> Na-Duar<br/>
        <b>District:</b> SONITPUR<br/>
        <b>Coordinates:</b> 26.74, 93.003</p>
      ]]></description>
      <styleUrl>#villageStyle</styleUrl>
      <MultiGeometry>
        <Point>
          <coordinates>93.003,26.74,0</coordinates>
        </Point>
        <Polygon>
          <outerBoundaryIs>
            <LinearRing>
              <coordinates>93.014,26.737,0 93.014,26.738,0 93.014,26.74,0 93.014,26.741,0 93.014,26.742,0 93.013,26.745,0 93.012,26.748,0 93.011,26.749,0 93.01,26.749,0 93.008,26.748,0 93.007,26.747,0 93.006,26.747,0 93.005,26.747,0 93.002,26.746,0 93.0,26.746,0 92.998,26.745,0 92.997,26.744,0 92.995,26.744,0 92.994,26.744,0 92.993,26.744,0 92.993,26.743,0 92.993,26.742,0 92.993,26.741,0 92.993,26.74,0 92.993,26.739,0 92.994,26.738,0 92.994,26.737,0 92.995,26.737,0 92.995,26.736,0 92.995,26.735,0 92.995,26.734,0 92.996,26.734,0 92.998,26.735,0 93.0,26.735,0 93.001,26.735,0 93.003,26.735,0 93.004,26.736,0 93.006,26.736,0 93.007,26.736,0 93.009,26.736,0 93.011,26.736,0 93.013,26.737,0 93.014,26.737,0</coordinates>
            </LinearRing>
          </outerBoundaryIs>
        </Polygon>
      </MultiGeometry>
    </Placemark>
    <Placemark>
      <name>Niz-Chilabandha</name>
      <description><![CDATA[
        <h3>Niz-Chilabandha</h3>
        <p><b>Village ID:</b> 13219<br/>
        <b>Sub-District:</b> Na-Duar<br/>
        <b>District:</b> SONITPUR<br/>
        <b>Coordinates:</b> 26.727, 92.902</p>
      ]]></description>
      <styleUrl>#villageStyle</styleUrl>
      <MultiGeometry>
        <Point>
          <coordinates>92.902,26.727,0</coordinates>
        </Point>
        <Polygon>
          <outerBoundaryIs>
            <LinearRing>
              <coordinates>92.903,26.734,0 92.902,26.734,0 92.901,26.734,0 92.9,26.733,0 92.9,26.734,0 92.899,26.734,0 92.899,26.735,0 92.898,26.733,0 92.897,26.731,0 92.897,26.729,0 92.896,26.727,0 92.896,26.726,0 92.896,26.724,0 92.897,26.723,0 92.897,26.722,0 92.897,26.721,0 92.898,26.72,0 92.898,26.719,0 92.898,26.72,0 92.899,26.72,0 92.9,26.72,0 92.901,26.72,0 92.902,26.721,0 92.903,26.721,0 92.905,26.721,0 92.906,26.721,0 92.907,26.721,0 92.909,26.721,0 92.908,26.722,0 92.908,26.723,0 92.908,26.724,0 92.908,26.726,0 92.908,26.727,0 92.908,26.728,0 92.908,26.729,0 92.907,26.73,0 92.907,26.731,0 92.906,26.731,0 92.905,26.731,0 92.904,26.732,0 92.903,26.732,0 92.903,26.733,0 92.903,26.734,0</coordinates>
            </LinearRing>
          </outerBoundaryIs>
        </Polygon>
      </MultiGeometry>
    </Placemark>
    <Placemark>
      <name>Ghahibaz</name>
      <description><![CDATA[
        <h3>Ghahibaz</h3>
        <p><b>Village ID:</b> 13239<br/>
        <b>Sub-District:</b> Na-Duar<br/>
        <b>District:</b> SONITPUR<br/>
        <b>Coordinates:</b> 26.739, 92.901</p>
      ]]></description>
      <styleUrl>#villageStyle</styleUrl>
      <MultiGeometry>
        <Point>
          <coordinates>92.901,26.739,0</coordinates>
        </Point>
        <Polygon>
          <outerBoundaryIs>
            <LinearRing>
              <coordinates>92.907,26.738,0 92.907,26.74,0 92.907,26.741,0 92.907,26.742,0 92.908,26.744,0 92.908,26.745,0 92.907,26.746,0 92.907,26.747,0 92.904,26.746,0 92.902,26.745,0 92.9,26.744,0 92.899,26.744,0 92.897,26.743,0 92.894,26.742,0 92.893,26.742,0 92.893,26.741,0 92.893,26.74,0 92.892,26.738,0 92.892,26.737,0 92.892,26.736,0 92.892,26.735,0 92.893,26.735,0 92.895,26.735,0 92.897,26.735,0 92.898,26.735,0 92.899,26.735,0 92.899,26.734,0 92.9,26.734,0 92.9,26.733,0 92.901,26.734,0 92.902,26.734,0 92.903,26.734,0 92.903,26.735,0 92.904,26.735,0 92.905,26.736,0 92.906,26.737,0 92.907,26.737,0 92.907,26.738,0</coordinates>
            </LinearRing>
          </outerBoundaryIs>
        </Polygon>
      </MultiGeometry>
    </Placemark>
    <Placemark>
      <name>Dikarai Pam</name>
      <description><![CDATA[
        <h3>Dikarai Pam</h3>
        <p><b>Village ID:</b> 13244<br/>
        <b>Sub-District:</b> Na-Duar<br/>
        <b>District:</b> SONITPUR<br/>
        <b>Coordinates:</b> 26.744, 92.971</p>
      ]]></description>
      <styleUrl>#villageStyle</styleUrl>
      <MultiGeometry>
        <Point>
          <coordinates>92.971,26.744,0</coordinates>
        </Point>
        <Polygon>
          <outerBoundaryIs>
            <LinearRing>
              <coordinates>92.975,26.744,0 92.973,26.747,0 92.973,26.748,0 92.972,26.749,0 92.972,26.75,0 92.971,26.75,0 92.971,26.751,0 92.97,26.751,0 92.969,26.751,0 92.968,26.75,0 92.968,26.749,0 92.967,26.748,0 92.967,26.747,0 92.966,26.747,0 92.966,26.746,0 92.966,26.745,0 92.966,26.744,0 92.966,26.743,0 92.967,26.742,0 92.968,26.741,0 92.968,26.74,0 92.968,26.739,0 92.968,26.738,0 92.969,26.738,0 92.97,26.738,0 92.971,26.738,0 92.972,26.738,0 92.973,26.739,0 92.974,26.739,0 92.974,26.74,0 92.975,26.74,0 92.976,26.741,0 92.977,26.741,0 92.976,26.742,0 92.976,26.743,0 92.975,26.744,0</coordinates>
            </LinearRing>
          </outerBoundaryIs>
        </Polygon>
      </MultiGeometry>
    </Placemark>
    <Placemark>
      <name>No.2 Gataimara</name>
      <description><![CDATA[
        <h3>No.2 Gataimara</h3>
        <p><b>Village ID:</b> 13261<br/>
        <b>Sub-District:</b> Na-Duar<br/>
        <b>District:</b> SONITPUR<br/>
        <b>Coordinates:</b> 26.72, 92.88</p>
      ]]></description>
      <styleUrl>#villageStyle</styleUrl>
      <MultiGeometry>
        <Point>
          <coordinates>92.88,26.72,0</coordinates>
        </Point>
        <Polygon>
          <outerBoundaryIs>
            <LinearRing>
              <coordinates>92.888,26.722,0 92.888,26.723,0 92.887,26.723,0 92.885,26.724,0 92.884,26.725,0 92.883,26.726,0 92.882,26.726,0 92.88,26.727,0 92.879,26.728,0 92.878,26.727,0 92.877,26.725,0 92.876,26.725,0 92.876,26.724,0 92.875,26.723,0 92.874,26.722,0 92.873,26.721,0 92.872,26.719,0 92.871,26.718,0 92.872,26.717,0 92.874,26.717,0 92.874,26.716,0 92.875,26.716,0 92.877,26.715,0 92.878,26.715,0 92.88,26.714,0 92.881,26.714,0 92.881,26.715,0 92.881,26.716,0 92.882,26.716,0 92.882,26.717,0 92.883,26.717,0 92.883,26.718,0 92.884,26.718,0 92.884,26.719,0 92.885,26.72,0 92.886,26.721,0 92.887,26.721,0 92.888,26.722,0</coordinates>
            </LinearRing>
          </outerBoundaryIs>
        </Polygon>
      </MultiGeometry>
    </Placemark>
    <Placemark>
      <name>Karchan Tola</name>
      <description><![CDATA[
        <h3>Karchan Tola</h3>
        <p><b>Village ID:</b> 13267<br/>
        <b>Sub-District:</b> Na-Duar<br/>
        <b>District:</b> SONITPUR<br/>
        <b>Coordinates:</b> 26.733, 92.972</p>
      ]]></description>
      <styleUrl>#villageStyle</styleUrl>
      <MultiGeometry>
        <Point>
          <coordinates>92.972,26.733,0</coordinates>
        </Point>
        <Polygon>
          <outerBoundaryIs>
            <LinearRing>
              <coordinates>92.966,26.747,0 92.965,26.747,0 92.965,26.746,0 92.965,26.744,0 92.965,26.743,0 92.966,26.742,0 92.966,26.741,0 92.966,26.74,0 92.967,26.739,0 92.967,26.738,0 92.967,26.737,0 92.967,26.736,0 92.968,26.735,0 92.968,26.734,0 92.966,26.734,0 92.966,26.733,0 92.965,26.732,0 92.964,26.731,0 92.963,26.731,0 92.962,26.73,0 92.962,26.729,0 92.962,26.728,0 92.962,26.727,0 92.962,26.725,0 92.962,26.724,0 92.962,26.723,0 92.963,26.723,0 92.964,26.723,0 92.965,26.722,0 92.967,26.722,0 92.968,26.722,0 92.969,26.721,0 92.971,26.721,0 92.973,26.722,0 92.975,26.722,0 92.977,26.722,0 92.978,26.722,0 92.979,26.722,0 92.978,26.723,0 92.977,26.724,0 92.977,26.725,0 92.977,26.726,0 92.978,26.727,0 92.979,26.727,0 92.98,26.727,0 92.981,26.727,0 92.981,26.728,0 92.982,26.728,0 92.982,26.729,0 92.983,26.729,0 92.983,26.73,0 92.982,26.731,0 92.981,26.731,0 92.98,26.731,0 92.98,26.732,0 92.979,26.732,0 92.979,26.733,0 92.978,26.733,0 92.978,26.734,0 92.978,26.735,0 92.979,26.736,0 92.979,26.737,0 92.98,26.738,0 92.98,26.739,0 92.98,26.74,0 92.979,26.741,0 92.978,26.741,0 92.977,26.741,0 92.976,26.741,0 92.975,26.74,0 92.974,26.74,0 92.974,26.739,0 92.973,26.739,0 92.972,26.738,0 92.971,26.738,0 92.97,26.738,0 92.969,26.738,0 92.968,26.738,0 92.968,26.739,0 92.968,26.74,0 92.968,26.741,0 92.967,26.742,0 92.966,26.743,0 92.966,26.744,0 92.966,26.745,0 92.966,26.746,0 92.966,26.747,0</coordinates>
            </LinearRing>
          </outerBoundaryIs>
        </Polygon>
      </MultiGeometry>
    </Placemark>
    <Placemark>
      <name>Metera</name>
      <description><![CDATA[
        <h3>Metera</h3>
        <p><b>Village ID:</b> 13268<br/>
        <b>Sub-District:</b> Na-Duar<br/>
        <b>District:</b> SONITPUR<br/>
        <b>Coordinates:</b> 26.729, 93.005</p>
      ]]></description>
      <styleUrl>#villageStyle</styleUrl>
      <MultiGeometry>
        <Point>
          <coordinates>93.005,26.729,0</coordinates>
        </Point>
        <Polygon>
          <outerBoundaryIs>
            <LinearRing>
              <coordinates>93.009,26.722,0 93.01,26.723,0 93.01,26.724,0 93.011,26.725,0 93.011,26.726,0 93.011,26.727,0 93.011,26.728,0 93.011,26.73,0 93.012,26.73,0 93.012,26.731,0 93.012,26.732,0 93.012,26.733,0 93.012,26.734,0 93.013,26.735,0 93.014,26.736,0 93.014,26.737,0 93.013,26.737,0 93.011,26.736,0 93.009,26.736,0 93.007,26.736,0 93.006,26.736,0 93.004,26.736,0 93.003,26.735,0 93.001,26.735,0 93.0,26.735,0 92.998,26.735,0 92.996,26.734,0 92.997,26.734,0 92.997,26.732,0 92.998,26.73,0 92.998,26.729,0 92.998,26.728,0 92.999,26.727,0 92.999,26.726,0 92.999,26.725,0 92.999,26.724,0 92.999,26.723,0 92.999,26.722,0 93.0,26.722,0 93.002,26.722,0 93.003,26.722,0 93.004,26.722,0 93.005,26.722,0 93.006,26.722,0 93.009,26.722,0</coordinates>
            </LinearRing>
          </outerBoundaryIs>
        </Polygon>
      </MultiGeometry>
    </Placemark>
    <Placemark>
      <name>Niz-Borbhagia</name>
      <description><![CDATA[
        <h3>Niz-Borbhagia</h3>
        <p><b>Village ID:</b> 13271<br/>
        <b>Sub-District:</b> Na-Duar<br/>
        <b>District:</b> SONITPUR<br/>
        <b>Coordinates:</b> 26.715, 92.93</p>
      ]]></description>
      <styleUrl>#villageStyle</styleUrl>
      <MultiGeometry>
        <Point>
          <coordinates>92.93,26.715,0</coordinates>
        </Point>
        <Polygon>
          <outerBoundaryIs>
            <LinearRing>
              <coordinates>92.938,26.723,0 92.938,26.725,0 92.938,26.726,0 92.938,26.727,0 92.937,26.726,0 92.935,26.725,0 92.932,26.723,0 92.931,26.723,0 92.93,26.723,0 92.928,26.723,0 92.926,26.723,0 92.923,26.722,0 92.92,26.722,0 92.919,26.722,0 92.919,26.721,0 92.919,26.72,0 92.919,26.719,0 92.919,26.718,0 92.92,26.717,0 92.92,26.716,0 92.92,26.715,0 92.92,26.714,0 92.919,26.713,0 92.918,26.712,0 92.918,26.711,0 92.919,26.71,0 92.919,26.709,0 92.92,26.708,0 92.921,26.706,0 92.922,26.705,0 92.923,26.705,0 92.924,26.705,0 92.925,26.705,0 92.927,26.705,0 92.928,26.705,0 92.929,26.705,0 92.931,26.705,0 92.932,26.706,0 92.934,26.706,0 92.935,26.707,0 92.936,26.708,0 92.937,26.708,0 92.937,26.709,0 92.938,26.709,0 92.938,26.71,0 92.938,26.711,0 92.937,26.711,0 92.937,26.712,0 92.936,26.712,0 92.936,26.713,0 92.936,26.714,0 92.936,26.715,0 92.937,26.715,0 92.937,26.716,0 92.938,26.716,0 92.938,26.717,0 92.939,26.717,0 92.939,26.718,0 92.939,26.719,0 92.939,26.72,0 92.938,26.721,0 92.938,26.722,0 92.938,26.723,0</coordinates>
            </LinearRing>
          </outerBoundaryIs>
        </Polygon>
      </MultiGeometry>
    </Placemark>
    <Placemark>
      <name>Un-named Block (13274)</name>
      <description><![CDATA[
        <h3>Un-named Block (13274)</h3>
        <p><b>Village ID:</b> 13274<br/>
        <b>Sub-District:</b> Na-Duar<br/>
        <b>District:</b> SONITPUR<br/>
        <b>Coordinates:</b> 26.745, 93.023</p>
      ]]></description>
      <styleUrl>#villageStyle</styleUrl>
      <MultiGeometry>
        <Point>
          <coordinates>93.023,26.745,0</coordinates>
        </Point>
        <Polygon>
          <outerBoundaryIs>
            <LinearRing>
              <coordinates>93.031,26.744,0 93.032,26.745,0 93.032,26.746,0 93.032,26.747,0 93.031,26.748,0 93.03,26.749,0 93.029,26.75,0 93.028,26.751,0 93.027,26.751,0 93.025,26.75,0 93.024,26.75,0 93.024,26.751,0 93.023,26.751,0 93.023,26.752,0 93.022,26.752,0 93.021,26.751,0 93.02,26.751,0 93.019,26.751,0 93.018,26.75,0 93.016,26.75,0 93.013,26.75,0 93.011,26.75,0 93.011,26.749,0 93.012,26.748,0 93.013,26.745,0 93.014,26.742,0 93.014,26.741,0 93.014,26.74,0 93.014,26.738,0 93.014,26.737,0 93.016,26.737,0 93.019,26.737,0 93.022,26.737,0 93.024,26.737,0 93.026,26.737,0 93.028,26.737,0 93.03,26.737,0 93.031,26.737,0 93.032,26.738,0 93.031,26.741,0 93.031,26.742,0 93.031,26.743,0 93.031,26.744,0</coordinates>
            </LinearRing>
          </outerBoundaryIs>
        </Polygon>
      </MultiGeometry>
    </Placemark>
    <Placemark>
      <name>Major Chuk</name>
      <description><![CDATA[
        <h3>Major Chuk</h3>
        <p><b>Village ID:</b> 13281<br/>
        <b>Sub-District:</b> Na-Duar<br/>
        <b>District:</b> SONITPUR<br/>
        <b>Coordinates:</b> 26.729, 92.913</p>
      ]]></description>
      <styleUrl>#villageStyle</styleUrl>
      <MultiGeometry>
        <Point>
          <coordinates>92.913,26.729,0</coordinates>
        </Point>
        <Polygon>
          <outerBoundaryIs>
            <LinearRing>
              <coordinates>92.919,26.722,0 92.92,26.723,0 92.921,26.723,0 92.922,26.723,0 92.923,26.724,0 92.924,26.724,0 92.924,26.725,0 92.924,26.727,0 92.924,26.729,0 92.924,26.731,0 92.924,26.733,0 92.924,26.736,0 92.924,26.738,0 92.922,26.738,0 92.919,26.738,0 92.914,26.738,0 92.91,26.738,0 92.907,26.738,0 92.907,26.737,0 92.906,26.737,0 92.905,26.736,0 92.904,26.735,0 92.903,26.735,0 92.903,26.734,0 92.903,26.733,0 92.903,26.732,0 92.904,26.732,0 92.905,26.731,0 92.906,26.731,0 92.907,26.731,0 92.907,26.73,0 92.908,26.729,0 92.908,26.728,0 92.908,26.727,0 92.908,26.726,0 92.908,26.724,0 92.908,26.723,0 92.908,26.722,0 92.909,26.721,0 92.912,26.721,0 92.914,26.722,0 92.916,26.722,0 92.918,26.722,0 92.919,26.722,0</coordinates>
            </LinearRing>
          </outerBoundaryIs>
        </Polygon>
      </MultiGeometry>
    </Placemark>
    <Placemark>
      <name>Sarubhogia</name>
      <description><![CDATA[
        <h3>Sarubhogia</h3>
        <p><b>Village ID:</b> 13283<br/>
        <b>Sub-District:</b> Na-Duar<br/>
        <b>District:</b> SONITPUR<br/>
        <b>Coordinates:</b> 26.729, 92.953</p>
      ]]></description>
      <styleUrl>#villageStyle</styleUrl>
      <MultiGeometry>
        <Point>
          <coordinates>92.953,26.729,0</coordinates>
        </Point>
        <Polygon>
          <outerBoundaryIs>
            <LinearRing>
              <coordinates>92.951,26.736,0 92.948,26.736,0 92.946,26.737,0 92.945,26.737,0 92.943,26.737,0 92.942,26.737,0 92.942,26.736,0 92.941,26.734,0 92.94,26.733,0 92.94,26.732,0 92.939,26.73,0 92.939,26.729,0 92.939,26.728,0 92.938,26.727,0 92.938,26.726,0 92.938,26.725,0 92.938,26.723,0 92.94,26.723,0 92.942,26.723,0 92.944,26.723,0 92.945,26.723,0 92.947,26.723,0 92.949,26.723,0 92.95,26.723,0 92.951,26.723,0 92.952,26.723,0 92.953,26.723,0 92.954,26.723,0 92.954,26.722,0 92.955,26.722,0 92.956,26.722,0 92.958,26.722,0 92.96,26.723,0 92.961,26.723,0 92.962,26.723,0 92.963,26.723,0 92.962,26.723,0 92.962,26.724,0 92.962,26.725,0 92.962,26.727,0 92.962,26.728,0 92.962,26.729,0 92.962,26.73,0 92.963,26.731,0 92.964,26.731,0 92.965,26.732,0 92.966,26.733,0 92.966,26.734,0 92.964,26.734,0 92.963,26.734,0 92.962,26.734,0 92.961,26.734,0 92.96,26.735,0 92.959,26.735,0 92.958,26.735,0 92.956,26.735,0 92.954,26.736,0 92.952,26.736,0 92.951,26.736,0</coordinates>
            </LinearRing>
          </outerBoundaryIs>
        </Polygon>
      </MultiGeometry>
    </Placemark>
    <Placemark>
      <name>Deka Sundar</name>
      <description><![CDATA[
        <h3>Deka Sundar</h3>
        <p><b>Village ID:</b> 13284<br/>
        <b>Sub-District:</b> Na-Duar<br/>
        <b>District:</b> SONITPUR<br/>
        <b>Coordinates:</b> 26.73, 92.93</p>
      ]]></description>
      <styleUrl>#villageStyle</styleUrl>
      <MultiGeometry>
        <Point>
          <coordinates>92.93,26.73,0</coordinates>
        </Point>
        <Polygon>
          <outerBoundaryIs>
            <LinearRing>
              <coordinates>92.935,26.738,0 92.934,26.738,0 92.932,26.738,0 92.93,26.738,0 92.927,26.739,0 92.925,26.738,0 92.924,26.738,0 92.924,26.736,0 92.924,26.733,0 92.924,26.731,0 92.924,26.729,0 92.924,26.727,0 92.924,26.725,0 92.924,26.724,0 92.923,26.724,0 92.922,26.723,0 92.921,26.723,0 92.92,26.723,0 92.919,26.722,0 92.92,26.722,0 92.923,26.722,0 92.926,26.723,0 92.928,26.723,0 92.93,26.723,0 92.931,26.723,0 92.932,26.723,0 92.935,26.725,0 92.937,26.726,0 92.938,26.727,0 92.939,26.728,0 92.939,26.729,0 92.939,26.73,0 92.94,26.732,0 92.94,26.733,0 92.941,26.734,0 92.942,26.736,0 92.942,26.737,0 92.939,26.738,0 92.937,26.738,0 92.935,26.738,0</coordinates>
            </LinearRing>
          </outerBoundaryIs>
        </Polygon>
      </MultiGeometry>
    </Placemark>
    <Placemark>
      <name>Nag-Sankar Gaon</name>
      <description><![CDATA[
        <h3>Nag-Sankar Gaon</h3>
        <p><b>Village ID:</b> 13286<br/>
        <b>Sub-District:</b> Na-Duar<br/>
        <b>District:</b> SONITPUR<br/>
        <b>Coordinates:</b> 26.724, 92.988</p>
      ]]></description>
      <styleUrl>#villageStyle</styleUrl>
      <MultiGeometry>
        <Point>
          <coordinates>92.988,26.724,0</coordinates>
        </Point>
        <Polygon>
          <outerBoundaryIs>
            <LinearRing>
              <coordinates>92.999,26.722,0 92.999,26.723,0 92.999,26.724,0 92.999,26.725,0 92.999,26.726,0 92.999,26.727,0 92.998,26.728,0 92.998,26.729,0 92.998,26.73,0 92.997,26.732,0 92.997,26.734,0 92.996,26.734,0 92.995,26.734,0 92.994,26.734,0 92.992,26.733,0 92.991,26.733,0 92.989,26.733,0 92.988,26.733,0 92.987,26.732,0 92.986,26.732,0 92.985,26.732,0 92.984,26.732,0 92.983,26.731,0 92.982,26.731,0 92.983,26.73,0 92.983,26.729,0 92.982,26.729,0 92.982,26.728,0 92.981,26.728,0 92.981,26.727,0 92.98,26.727,0 92.979,26.727,0 92.978,26.727,0 92.977,26.726,0 92.977,26.725,0 92.977,26.724,0 92.978,26.723,0 92.979,26.722,0 92.979,26.721,0 92.98,26.721,0 92.98,26.72,0 92.981,26.719,0 92.981,26.718,0 92.982,26.717,0 92.982,26.716,0 92.983,26.715,0 92.983,26.714,0 92.984,26.713,0 92.985,26.713,0 92.987,26.714,0 92.989,26.714,0 92.991,26.714,0 92.993,26.713,0 92.995,26.713,0 92.995,26.715,0 92.996,26.716,0 92.996,26.718,0 92.997,26.719,0 92.998,26.72,0 92.999,26.721,0 92.999,26.722,0</coordinates>
            </LinearRing>
          </outerBoundaryIs>
        </Polygon>
      </MultiGeometry>
    </Placemark>
    <Placemark>
      <name>No.1 Nalbari</name>
      <description><![CDATA[
        <h3>No.1 Nalbari</h3>
        <p><b>Village ID:</b> 13288<br/>
        <b>Sub-District:</b> Na-Duar<br/>
        <b>District:</b> SONITPUR<br/>
        <b>Coordinates:</b> 26.724, 93.053</p>
      ]]></description>
      <styleUrl>#villageStyle</styleUrl>
      <MultiGeometry>
        <Point>
          <coordinates>93.053,26.724,0</coordinates>
        </Point>
        <Polygon>
          <outerBoundaryIs>
            <LinearRing>
              <coordinates>93.059,26.731,0 93.058,26.731,0 93.057,26.731,0 93.056,26.731,0 93.055,26.731,0 93.054,26.73,0 93.052,26.729,0 93.051,26.728,0 93.05,26.727,0 93.049,26.725,0 93.048,26.724,0 93.047,26.723,0 93.046,26.722,0 93.045,26.721,0 93.044,26.721,0 93.044,26.72,0 93.045,26.718,0 93.046,26.718,0 93.047,26.718,0 93.051,26.718,0 93.053,26.718,0 93.055,26.719,0 93.058,26.719,0 93.06,26.719,0 93.06,26.72,0 93.059,26.722,0 93.059,26.724,0 93.059,26.725,0 93.059,26.727,0 93.059,26.728,0 93.059,26.729,0 93.059,26.731,0</coordinates>
            </LinearRing>
          </outerBoundaryIs>
        </Polygon>
      </MultiGeometry>
    </Placemark>
    <Placemark>
      <name>No.3 Nalbari</name>
      <description><![CDATA[
        <h3>No.3 Nalbari</h3>
        <p><b>Village ID:</b> 13289<br/>
        <b>Sub-District:</b> Na-Duar<br/>
        <b>District:</b> SONITPUR<br/>
        <b>Coordinates:</b> 26.725, 93.068</p>
      ]]></description>
      <styleUrl>#villageStyle</styleUrl>
      <MultiGeometry>
        <Point>
          <coordinates>93.068,26.725,0</coordinates>
        </Point>
        <Polygon>
          <outerBoundaryIs>
            <LinearRing>
              <coordinates>93.077,26.728,0 93.077,26.73,0 93.077,26.731,0 93.073,26.731,0 93.071,26.731,0 93.069,26.73,0 93.068,26.73,0 93.066,26.73,0 93.063,26.73,0 93.06,26.73,0 93.059,26.731,0 93.059,26.729,0 93.059,26.728,0 93.059,26.727,0 93.059,26.725,0 93.059,26.724,0 93.059,26.722,0 93.06,26.72,0 93.06,26.719,0 93.062,26.72,0 93.063,26.72,0 93.064,26.72,0 93.065,26.72,0 93.066,26.72,0 93.067,26.721,0 93.068,26.721,0 93.07,26.721,0 93.072,26.722,0 93.073,26.722,0 93.074,26.722,0 93.08,26.722,0 93.08,26.723,0 93.079,26.723,0 93.079,26.724,0 93.078,26.725,0 93.078,26.726,0 93.077,26.728,0</coordinates>
            </LinearRing>
          </outerBoundaryIs>
        </Polygon>
      </MultiGeometry>
    </Placemark>
    <Placemark>
      <name>Niz-Chatia</name>
      <description><![CDATA[
        <h3>Niz-Chatia</h3>
        <p><b>Village ID:</b> 13290<br/>
        <b>Sub-District:</b> Na-Duar<br/>
        <b>District:</b> SONITPUR<br/>
        <b>Coordinates:</b> 26.728, 93.02</p>
      ]]></description>
      <styleUrl>#villageStyle</styleUrl>
      <MultiGeometry>
        <Point>
          <coordinates>93.02,26.728,0</coordinates>
        </Point>
        <Polygon>
          <outerBoundaryIs>
            <LinearRing>
              <coordinates>93.031,26.737,0 93.03,26.737,0 93.028,26.737,0 93.026,26.737,0 93.024,26.737,0 93.022,26.737,0 93.019,26.737,0 93.016,26.737,0 93.014,26.737,0 93.014,26.736,0 93.013,26.735,0 93.012,26.734,0 93.012,26.733,0 93.012,26.732,0 93.012,26.731,0 93.012,26.73,0 93.011,26.73,0 93.011,26.728,0 93.011,26.727,0 93.011,26.726,0 93.011,26.725,0 93.01,26.724,0 93.01,26.723,0 93.009,26.722,0 93.01,26.722,0 93.011,26.722,0 93.013,26.722,0 93.014,26.722,0 93.016,26.722,0 93.018,26.722,0 93.02,26.722,0 93.022,26.722,0 93.024,26.721,0 93.025,26.721,0 93.026,26.721,0 93.027,26.722,0 93.028,26.723,0 93.029,26.723,0 93.03,26.723,0 93.031,26.724,0 93.031,26.725,0 93.031,26.727,0 93.032,26.729,0 93.031,26.731,0 93.031,26.733,0 93.031,26.734,0 93.031,26.737,0</coordinates>
            </LinearRing>
          </outerBoundaryIs>
        </Polygon>
      </MultiGeometry>
    </Placemark>
    <Placemark>
      <name>Nal-Tali</name>
      <description><![CDATA[
        <h3>Nal-Tali</h3>
        <p><b>Village ID:</b> 13293<br/>
        <b>Sub-District:</b> Na-Duar<br/>
        <b>District:</b> SONITPUR<br/>
        <b>Coordinates:</b> 26.738, 92.984</p>
      ]]></description>
      <styleUrl>#villageStyle</styleUrl>
      <MultiGeometry>
        <Point>
          <coordinates>92.984,26.738,0</coordinates>
        </Point>
        <Polygon>
          <outerBoundaryIs>
            <LinearRing>
              <coordinates>92.993,26.744,0 92.992,26.743,0 92.99,26.743,0 92.988,26.742,0 92.986,26.742,0 92.984,26.742,0 92.983,26.742,0 92.981,26.743,0 92.979,26.743,0 92.977,26.744,0 92.976,26.744,0 92.976,26.745,0 92.976,26.744,0 92.975,26.744,0 92.976,26.743,0 92.976,26.742,0 92.977,26.741,0 92.976,26.741,0 92.977,26.741,0 92.978,26.741,0 92.979,26.741,0 92.98,26.74,0 92.98,26.739,0 92.98,26.738,0 92.979,26.737,0 92.979,26.736,0 92.978,26.735,0 92.978,26.734,0 92.978,26.733,0 92.979,26.733,0 92.979,26.732,0 92.98,26.732,0 92.98,26.731,0 92.981,26.731,0 92.982,26.731,0 92.983,26.731,0 92.984,26.732,0 92.985,26.732,0 92.986,26.732,0 92.987,26.732,0 92.988,26.733,0 92.989,26.733,0 92.991,26.733,0 92.992,26.733,0 92.994,26.734,0 92.995,26.734,0 92.995,26.735,0 92.995,26.736,0 92.995,26.737,0 92.994,26.737,0 92.994,26.738,0 92.993,26.739,0 92.993,26.74,0 92.993,26.741,0 92.993,26.742,0 92.993,26.743,0 92.993,26.744,0</coordinates>
            </LinearRing>
          </outerBoundaryIs>
        </Polygon>
      </MultiGeometry>
    </Placemark>
    <Placemark>
      <name>Nandikeswar</name>
      <description><![CDATA[
        <h3>Nandikeswar</h3>
        <p><b>Village ID:</b> 13294<br/>
        <b>Sub-District:</b> Na-Duar<br/>
        <b>District:</b> SONITPUR<br/>
        <b>Coordinates:</b> 26.744, 92.916</p>
      ]]></description>
      <styleUrl>#villageStyle</styleUrl>
      <MultiGeometry>
        <Point>
          <coordinates>92.916,26.744,0</coordinates>
        </Point>
        <Polygon>
          <outerBoundaryIs>
            <LinearRing>
              <coordinates>92.924,26.738,0 92.924,26.739,0 92.924,26.74,0 92.924,26.742,0 92.924,26.745,0 92.924,26.747,0 92.924,26.748,0 92.923,26.749,0 92.923,26.75,0 92.923,26.751,0 92.921,26.751,0 92.92,26.75,0 92.919,26.75,0 92.916,26.75,0 92.914,26.749,0 92.911,26.748,0 92.91,26.748,0 92.908,26.747,0 92.907,26.747,0 92.907,26.746,0 92.908,26.745,0 92.908,26.744,0 92.907,26.742,0 92.907,26.741,0 92.907,26.74,0 92.907,26.738,0 92.91,26.738,0 92.914,26.738,0 92.919,26.738,0 92.922,26.738,0 92.924,26.738,0</coordinates>
            </LinearRing>
          </outerBoundaryIs>
        </Polygon>
      </MultiGeometry>
    </Placemark>
    <Placemark>
      <name>Bori Gaon</name>
      <description><![CDATA[
        <h3>Bori Gaon</h3>
        <p><b>Village ID:</b> 13295<br/>
        <b>Sub-District:</b> Na-Duar<br/>
        <b>District:</b> SONITPUR<br/>
        <b>Coordinates:</b> 26.74, 92.96</p>
      ]]></description>
      <styleUrl>#villageStyle</styleUrl>
      <MultiGeometry>
        <Point>
          <coordinates>92.96,26.74,0</coordinates>
        </Point>
        <Polygon>
          <outerBoundaryIs>
            <LinearRing>
              <coordinates>92.965,26.747,0 92.964,26.747,0 92.961,26.748,0 92.959,26.748,0 92.957,26.748,0 92.955,26.748,0 92.954,26.747,0 92.954,26.745,0 92.954,26.744,0 92.954,26.743,0 92.954,26.742,0 92.953,26.741,0 92.953,26.74,0 92.952,26.739,0 92.952,26.738,0 92.951,26.737,0 92.951,26.736,0 92.952,26.736,0 92.954,26.736,0 92.956,26.735,0 92.958,26.735,0 92.959,26.735,0 92.96,26.735,0 92.961,26.734,0 92.962,26.734,0 92.963,26.734,0 92.964,26.734,0 92.966,26.734,0 92.968,26.734,0 92.968,26.735,0 92.967,26.736,0 92.967,26.737,0 92.967,26.738,0 92.967,26.739,0 92.966,26.74,0 92.966,26.741,0 92.966,26.742,0 92.965,26.743,0 92.965,26.744,0 92.965,26.746,0 92.965,26.747,0</coordinates>
            </LinearRing>
          </outerBoundaryIs>
        </Polygon>
      </MultiGeometry>
    </Placemark>
    <Placemark>
      <name>Bebejia</name>
      <description><![CDATA[
        <h3>Bebejia</h3>
        <p><b>Village ID:</b> 13301<br/>
        <b>Sub-District:</b> Na-Duar<br/>
        <b>District:</b> SONITPUR<br/>
        <b>Coordinates:</b> 26.75, 92.981</p>
      ]]></description>
      <styleUrl>#villageStyle</styleUrl>
      <MultiGeometry>
        <Point>
          <coordinates>92.981,26.75,0</coordinates>
        </Point>
        <Polygon>
          <outerBoundaryIs>
            <LinearRing>
              <coordinates>92.993,26.753,0 92.992,26.753,0 92.99,26.753,0 92.988,26.753,0 92.987,26.753,0 92.986,26.753,0 92.985,26.753,0 92.984,26.754,0 92.983,26.754,0 92.981,26.755,0 92.979,26.755,0 92.978,26.755,0 92.978,26.754,0 92.977,26.753,0 92.976,26.753,0 92.975,26.753,0 92.974,26.753,0 92.973,26.753,0 92.973,26.754,0 92.972,26.754,0 92.971,26.754,0 92.97,26.754,0 92.969,26.753,0 92.969,26.751,0 92.97,26.751,0 92.971,26.751,0 92.971,26.75,0 92.972,26.75,0 92.972,26.749,0 92.973,26.748,0 92.973,26.747,0 92.975,26.744,0 92.976,26.744,0 92.976,26.745,0 92.976,26.744,0 92.977,26.744,0 92.979,26.743,0 92.981,26.743,0 92.983,26.742,0 92.984,26.742,0 92.986,26.742,0 92.988,26.742,0 92.99,26.743,0 92.992,26.743,0 92.993,26.744,0 92.994,26.745,0 92.993,26.746,0 92.993,26.747,0 92.993,26.749,0 92.993,26.75,0 92.993,26.752,0 92.993,26.753,0</coordinates>
            </LinearRing>
          </outerBoundaryIs>
        </Polygon>
      </MultiGeometry>
    </Placemark>
    <Placemark>
      <name>Gareki Grant</name>
      <description><![CDATA[
        <h3>Gareki Grant</h3>
        <p><b>Village ID:</b> 13306<br/>
        <b>Sub-District:</b> Na-Duar<br/>
        <b>District:</b> SONITPUR<br/>
        <b>Coordinates:</b> 26.741, 93.059</p>
      ]]></description>
      <styleUrl>#villageStyle</styleUrl>
      <MultiGeometry>
        <Point>
          <coordinates>93.059,26.741,0</coordinates>
        </Point>
        <Polygon>
          <outerBoundaryIs>
            <LinearRing>
              <coordinates>93.054,26.753,0 93.052,26.753,0 93.05,26.752,0 93.048,26.753,0 93.046,26.753,0 93.045,26.753,0 93.044,26.753,0 93.044,26.752,0 93.044,26.751,0 93.044,26.75,0 93.044,26.748,0 93.045,26.747,0 93.045,26.746,0 93.045,26.745,0 93.046,26.745,0 93.046,26.744,0 93.05,26.745,0 93.053,26.745,0 93.054,26.745,0 93.054,26.744,0 93.055,26.742,0 93.055,26.741,0 93.055,26.74,0 93.056,26.74,0 93.057,26.74,0 93.058,26.74,0 93.059,26.74,0 93.061,26.74,0 93.064,26.74,0 93.064,26.739,0 93.064,26.738,0 93.063,26.737,0 93.061,26.736,0 93.06,26.736,0 93.059,26.736,0 93.057,26.735,0 93.057,26.734,0 93.056,26.733,0 93.056,26.731,0 93.057,26.731,0 93.058,26.731,0 93.059,26.731,0 93.06,26.73,0 93.063,26.73,0 93.066,26.73,0 93.068,26.73,0 93.069,26.73,0 93.071,26.731,0 93.073,26.731,0 93.077,26.731,0 93.077,26.732,0 93.075,26.733,0 93.074,26.733,0 93.073,26.734,0 93.074,26.735,0 93.075,26.737,0 93.074,26.738,0 93.073,26.739,0 93.072,26.74,0 93.072,26.741,0 93.071,26.742,0 93.07,26.743,0 93.066,26.745,0 93.064,26.746,0 93.063,26.747,0 93.061,26.748,0 93.06,26.748,0 93.059,26.749,0 93.058,26.75,0 93.056,26.751,0 93.055,26.752,0 93.054,26.753,0</coordinates>
            </LinearRing>
          </outerBoundaryIs>
        </Polygon>
      </MultiGeometry>
    </Placemark>
    <Placemark>
      <name>Bangali Gaon (Basti)</name>
      <description><![CDATA[
        <h3>Bangali Gaon (Basti)</h3>
        <p><b>Village ID:</b> 13307<br/>
        <b>Sub-District:</b> Na-Duar<br/>
        <b>District:</b> SONITPUR<br/>
        <b>Coordinates:</b> 26.756, 93.061</p>
      ]]></description>
      <styleUrl>#villageStyle</styleUrl>
      <MultiGeometry>
        <Point>
          <coordinates>93.061,26.756,0</coordinates>
        </Point>
        <Polygon>
          <outerBoundaryIs>
            <LinearRing>
              <coordinates>93.07,26.753,0 93.066,26.757,0 93.066,26.758,0 93.066,26.759,0 93.065,26.759,0 93.065,26.76,0 93.065,26.761,0 93.065,26.762,0 93.064,26.763,0 93.063,26.763,0 93.063,26.764,0 93.062,26.764,0 93.061,26.764,0 93.06,26.764,0 93.059,26.764,0 93.058,26.764,0 93.057,26.764,0 93.056,26.764,0 93.055,26.764,0 93.055,26.763,0 93.056,26.763,0 93.056,26.762,0 93.056,26.761,0 93.055,26.76,0 93.054,26.759,0 93.054,26.758,0 93.054,26.756,0 93.054,26.755,0 93.054,26.754,0 93.054,26.753,0 93.055,26.752,0 93.056,26.751,0 93.058,26.75,0 93.059,26.749,0 93.06,26.748,0 93.061,26.748,0 93.063,26.747,0 93.064,26.746,0 93.066,26.745,0 93.07,26.743,0 93.07,26.744,0 93.07,26.745,0 93.068,26.747,0 93.068,26.748,0 93.068,26.749,0 93.07,26.753,0</coordinates>
            </LinearRing>
          </outerBoundaryIs>
        </Polygon>
      </MultiGeometry>
    </Placemark>
    <Placemark>
      <name>Un-named Block (13319)</name>
      <description><![CDATA[
        <h3>Un-named Block (13319)</h3>
        <p><b>Village ID:</b> 13319<br/>
        <b>Sub-District:</b> Na-Duar<br/>
        <b>District:</b> SONITPUR<br/>
        <b>Coordinates:</b> 26.74, 93.042</p>
      ]]></description>
      <styleUrl>#villageStyle</styleUrl>
      <MultiGeometry>
        <Point>
          <coordinates>93.042,26.74,0</coordinates>
        </Point>
        <Polygon>
          <outerBoundaryIs>
            <LinearRing>
              <coordinates>93.055,26.74,0 93.055,26.741,0 93.055,26.742,0 93.054,26.744,0 93.054,26.745,0 93.053,26.745,0 93.05,26.745,0 93.046,26.744,0 93.043,26.744,0 93.037,26.742,0 93.036,26.743,0 93.035,26.744,0 93.031,26.744,0 93.031,26.743,0 93.031,26.742,0 93.031,26.741,0 93.032,26.738,0 93.031,26.737,0 93.033,26.737,0 93.035,26.737,0 93.036,26.737,0 93.037,26.737,0 93.038,26.738,0 93.039,26.738,0 93.04,26.738,0 93.041,26.738,0 93.042,26.738,0 93.042,26.737,0 93.042,26.736,0 93.043,26.736,0 93.044,26.736,0 93.049,26.737,0 93.053,26.738,0 93.054,26.739,0 93.055,26.74,0</coordinates>
            </LinearRing>
          </outerBoundaryIs>
        </Polygon>
      </MultiGeometry>
    </Placemark>
    <Placemark>
      <name>Koroini</name>
      <description><![CDATA[
        <h3>Koroini</h3>
        <p><b>Village ID:</b> 13336<br/>
        <b>Sub-District:</b> Na-Duar<br/>
        <b>District:</b> SONITPUR<br/>
        <b>Coordinates:</b> 26.75, 92.883</p>
      ]]></description>
      <styleUrl>#villageStyle</styleUrl>
      <MultiGeometry>
        <Point>
          <coordinates>92.883,26.75,0</coordinates>
        </Point>
        <Polygon>
          <outerBoundaryIs>
            <LinearRing>
              <coordinates>92.882,26.762,0 92.879,26.763,0 92.879,26.762,0 92.878,26.762,0 92.877,26.762,0 92.875,26.762,0 92.875,26.759,0 92.875,26.755,0 92.875,26.752,0 92.875,26.75,0 92.875,26.749,0 92.874,26.747,0 92.872,26.743,0 92.869,26.74,0 92.873,26.741,0 92.876,26.741,0 92.878,26.741,0 92.88,26.741,0 92.882,26.741,0 92.883,26.741,0 92.886,26.741,0 92.887,26.741,0 92.89,26.742,0 92.892,26.742,0 92.893,26.742,0 92.893,26.743,0 92.893,26.744,0 92.893,26.746,0 92.892,26.746,0 92.892,26.747,0 92.891,26.748,0 92.891,26.749,0 92.89,26.75,0 92.89,26.751,0 92.89,26.752,0 92.889,26.753,0 92.889,26.754,0 92.888,26.755,0 92.888,26.756,0 92.887,26.757,0 92.886,26.759,0 92.885,26.76,0 92.883,26.761,0 92.882,26.762,0</coordinates>
            </LinearRing>
          </outerBoundaryIs>
        </Polygon>
      </MultiGeometry>
    </Placemark>
    <Placemark>
      <name>Un-named Block (13346)</name>
      <description><![CDATA[
        <h3>Un-named Block (13346)</h3>
        <p><b>Village ID:</b> 13346<br/>
        <b>Sub-District:</b> Na-Duar<br/>
        <b>District:</b> SONITPUR<br/>
        <b>Coordinates:</b> 26.738, 92.885</p>
      ]]></description>
      <styleUrl>#villageStyle</styleUrl>
      <MultiGeometry>
        <Point>
          <coordinates>92.885,26.738,0</coordinates>
        </Point>
        <Polygon>
          <outerBoundaryIs>
            <LinearRing>
              <coordinates>92.892,26.735,0 92.892,26.736,0 92.892,26.737,0 92.892,26.738,0 92.893,26.74,0 92.893,26.741,0 92.893,26.742,0 92.892,26.742,0 92.89,26.742,0 92.887,26.741,0 92.886,26.741,0 92.883,26.741,0 92.882,26.741,0 92.88,26.741,0 92.878,26.741,0 92.876,26.741,0 92.873,26.741,0 92.877,26.738,0 92.878,26.737,0 92.879,26.736,0 92.88,26.736,0 92.881,26.736,0 92.882,26.735,0 92.882,26.734,0 92.883,26.734,0 92.883,26.733,0 92.884,26.733,0 92.885,26.733,0 92.887,26.733,0 92.89,26.734,0 92.891,26.735,0 92.892,26.735,0</coordinates>
            </LinearRing>
          </outerBoundaryIs>
        </Polygon>
      </MultiGeometry>
    </Placemark>
    <Placemark>
      <name>Malar Gaon (Metera)</name>
      <description><![CDATA[
        <h3>Malar Gaon (Metera)</h3>
        <p><b>Village ID:</b> 13349<br/>
        <b>Sub-District:</b> Na-Duar<br/>
        <b>District:</b> SONITPUR<br/>
        <b>Coordinates:</b> 26.723, 93.038</p>
      ]]></description>
      <styleUrl>#villageStyle</styleUrl>
      <MultiGeometry>
        <Point>
          <coordinates>93.038,26.723,0</coordinates>
        </Point>
        <Polygon>
          <outerBoundaryIs>
            <LinearRing>
              <coordinates>93.046,26.731,0 93.042,26.73,0 93.038,26.73,0 93.038,26.734,0 93.037,26.737,0 93.036,26.737,0 93.035,26.737,0 93.033,26.737,0 93.031,26.737,0 93.031,26.734,0 93.031,26.733,0 93.031,26.731,0 93.032,26.729,0 93.031,26.727,0 93.031,26.725,0 93.031,26.724,0 93.031,26.722,0 93.031,26.72,0 93.03,26.719,0 93.029,26.717,0 93.029,26.716,0 93.03,26.716,0 93.031,26.716,0 93.031,26.717,0 93.032,26.717,0 93.033,26.717,0 93.033,26.716,0 93.034,26.716,0 93.035,26.716,0 93.036,26.716,0 93.037,26.717,0 93.037,26.718,0 93.038,26.718,0 93.039,26.718,0 93.039,26.717,0 93.04,26.717,0 93.041,26.718,0 93.042,26.718,0 93.043,26.718,0 93.043,26.717,0 93.044,26.717,0 93.045,26.718,0 93.044,26.72,0 93.044,26.721,0 93.045,26.721,0 93.046,26.722,0 93.047,26.723,0 93.048,26.724,0 93.047,26.724,0 93.047,26.725,0 93.046,26.725,0 93.046,26.726,0 93.046,26.728,0 93.046,26.729,0 93.046,26.73,0 93.046,26.731,0</coordinates>
            </LinearRing>
          </outerBoundaryIs>
        </Polygon>
      </MultiGeometry>
    </Placemark>
    <Placemark>
      <name>Malar Gaon (Metera)</name>
      <description><![CDATA[
        <h3>Malar Gaon (Metera)</h3>
        <p><b>Village ID:</b> 13360<br/>
        <b>Sub-District:</b> Na-Duar<br/>
        <b>District:</b> SONITPUR<br/>
        <b>Coordinates:</b> 26.735, 93.042</p>
      ]]></description>
      <styleUrl>#villageStyle</styleUrl>
      <MultiGeometry>
        <Point>
          <coordinates>93.042,26.735,0</coordinates>
        </Point>
        <Polygon>
          <outerBoundaryIs>
            <LinearRing>
              <coordinates>93.044,26.736,0 93.043,26.736,0 93.042,26.736,0 93.042,26.737,0 93.042,26.738,0 93.041,26.738,0 93.04,26.738,0 93.039,26.738,0 93.038,26.738,0 93.037,26.737,0 93.038,26.734,0 93.038,26.73,0 93.042,26.73,0 93.046,26.731,0 93.045,26.732,0 93.045,26.733,0 93.045,26.734,0 93.045,26.735,0 93.044,26.735,0 93.044,26.736,0</coordinates>
            </LinearRing>
          </outerBoundaryIs>
        </Polygon>
      </MultiGeometry>
    </Placemark>
    <Placemark>
      <name>Katani Basti</name>
      <description><![CDATA[
        <h3>Katani Basti</h3>
        <p><b>Village ID:</b> 13613<br/>
        <b>Sub-District:</b> Na-Duar<br/>
        <b>District:</b> SONITPUR<br/>
        <b>Coordinates:</b> 26.761, 92.978</p>
      ]]></description>
      <styleUrl>#villageStyle</styleUrl>
      <MultiGeometry>
        <Point>
          <coordinates>92.978,26.761,0</coordinates>
        </Point>
        <Polygon>
          <outerBoundaryIs>
            <LinearRing>
              <coordinates>92.975,26.77,0 92.974,26.77,0 92.973,26.77,0 92.973,26.769,0 92.973,26.768,0 92.972,26.768,0 92.971,26.767,0 92.969,26.766,0 92.969,26.765,0 92.968,26.765,0 92.967,26.765,0 92.967,26.764,0 92.966,26.763,0 92.966,26.762,0 92.966,26.761,0 92.967,26.761,0 92.967,26.76,0 92.968,26.76,0 92.969,26.76,0 92.97,26.761,0 92.971,26.762,0 92.972,26.762,0 92.973,26.762,0 92.974,26.762,0 92.975,26.762,0 92.976,26.762,0 92.976,26.761,0 92.976,26.76,0 92.977,26.76,0 92.976,26.759,0 92.976,26.758,0 92.976,26.757,0 92.977,26.757,0 92.977,26.756,0 92.978,26.756,0 92.978,26.755,0 92.979,26.755,0 92.981,26.755,0 92.983,26.754,0 92.984,26.754,0 92.985,26.753,0 92.986,26.753,0 92.987,26.753,0 92.988,26.753,0 92.99,26.753,0 92.992,26.753,0 92.993,26.753,0 92.992,26.753,0 92.992,26.754,0 92.991,26.755,0 92.99,26.756,0 92.988,26.757,0 92.988,26.758,0 92.987,26.758,0 92.987,26.759,0 92.986,26.759,0 92.985,26.76,0 92.983,26.761,0 92.982,26.762,0 92.98,26.762,0 92.98,26.764,0 92.979,26.765,0 92.979,26.766,0 92.978,26.767,0 92.977,26.768,0 92.977,26.769,0 92.976,26.769,0 92.975,26.77,0</coordinates>
            </LinearRing>
          </outerBoundaryIs>
        </Polygon>
      </MultiGeometry>
    </Placemark>
    <Placemark>
      <name>Pathaka Kuri (Pathor)</name>
      <description><![CDATA[
        <h3>Pathaka Kuri (Pathor)</h3>
        <p><b>Village ID:</b> 13614<br/>
        <b>Sub-District:</b> Na-Duar<br/>
        <b>District:</b> SONITPUR<br/>
        <b>Coordinates:</b> 26.755, 93.002</p>
      ]]></description>
      <styleUrl>#villageStyle</styleUrl>
      <MultiGeometry>
        <Point>
          <coordinates>93.002,26.755,0</coordinates>
        </Point>
        <Polygon>
          <outerBoundaryIs>
            <LinearRing>
              <coordinates>93.01,26.768,0 93.009,26.768,0 93.008,26.768,0 93.007,26.768,0 93.006,26.767,0 93.005,26.766,0 93.004,26.765,0 93.003,26.764,0 93.001,26.764,0 93.001,26.763,0 93.0,26.763,0 92.999,26.762,0 92.998,26.761,0 92.998,26.76,0 92.997,26.759,0 92.997,26.758,0 92.997,26.757,0 92.996,26.756,0 92.995,26.755,0 92.994,26.755,0 92.994,26.754,0 92.993,26.753,0 92.993,26.752,0 92.993,26.75,0 92.993,26.749,0 92.993,26.747,0 92.993,26.746,0 92.994,26.745,0 92.993,26.744,0 92.994,26.744,0 92.995,26.744,0 92.997,26.744,0 92.998,26.745,0 93.0,26.746,0 93.002,26.746,0 93.005,26.747,0 93.006,26.747,0 93.007,26.747,0 93.008,26.748,0 93.01,26.749,0 93.011,26.749,0 93.011,26.75,0 93.011,26.751,0 93.011,26.752,0 93.012,26.753,0 93.012,26.755,0 93.012,26.756,0 93.011,26.76,0 93.011,26.762,0 93.011,26.764,0 93.01,26.767,0 93.01,26.768,0</coordinates>
            </LinearRing>
          </outerBoundaryIs>
        </Polygon>
      </MultiGeometry>
    </Placemark>
    <Placemark>
      <name>Un-named Block (13657)</name>
      <description><![CDATA[
        <h3>Un-named Block (13657)</h3>
        <p><b>Village ID:</b> 13657<br/>
        <b>Sub-District:</b> Na-Duar<br/>
        <b>District:</b> SONITPUR<br/>
        <b>Coordinates:</b> 26.784, 92.88</p>
      ]]></description>
      <styleUrl>#villageStyle</styleUrl>
      <MultiGeometry>
        <Point>
          <coordinates>92.88,26.784,0</coordinates>
        </Point>
        <Polygon>
          <outerBoundaryIs>
            <LinearRing>
              <coordinates>92.882,26.792,0 92.881,26.792,0 92.881,26.791,0 92.88,26.791,0 92.879,26.791,0 92.876,26.792,0 92.875,26.791,0 92.874,26.79,0 92.873,26.788,0 92.873,26.787,0 92.874,26.784,0 92.874,26.782,0 92.874,26.78,0 92.874,26.779,0 92.875,26.776,0 92.875,26.774,0 92.876,26.774,0 92.878,26.772,0 92.878,26.773,0 92.879,26.774,0 92.879,26.776,0 92.879,26.778,0 92.879,26.779,0 92.88,26.78,0 92.881,26.78,0 92.882,26.781,0 92.883,26.78,0 92.883,26.781,0 92.884,26.781,0 92.884,26.782,0 92.885,26.783,0 92.886,26.784,0 92.886,26.785,0 92.886,26.786,0 92.885,26.787,0 92.884,26.787,0 92.884,26.788,0 92.884,26.789,0 92.884,26.79,0 92.884,26.791,0 92.883,26.792,0 92.882,26.792,0</coordinates>
            </LinearRing>
          </outerBoundaryIs>
        </Polygon>
      </MultiGeometry>
    </Placemark>
    <Placemark>
      <name>Garikuri</name>
      <description><![CDATA[
        <h3>Garikuri</h3>
        <p><b>Village ID:</b> 13679<br/>
        <b>Sub-District:</b> Na-Duar<br/>
        <b>District:</b> SONITPUR<br/>
        <b>Coordinates:</b> 26.757, 92.916</p>
      ]]></description>
      <styleUrl>#villageStyle</styleUrl>
      <MultiGeometry>
        <Point>
          <coordinates>92.916,26.757,0</coordinates>
        </Point>
        <Polygon>
          <outerBoundaryIs>
            <LinearRing>
              <coordinates>92.919,26.765,0 92.91,26.764,0 92.91,26.763,0 92.91,26.762,0 92.909,26.761,0 92.909,26.76,0 92.909,26.758,0 92.909,26.757,0 92.909,26.755,0 92.909,26.754,0 92.909,26.752,0 92.909,26.75,0 92.909,26.749,0 92.91,26.748,0 92.911,26.748,0 92.914,26.749,0 92.916,26.75,0 92.919,26.75,0 92.92,26.75,0 92.92,26.751,0 92.92,26.752,0 92.921,26.753,0 92.921,26.754,0 92.921,26.755,0 92.921,26.756,0 92.921,26.757,0 92.921,26.758,0 92.922,26.758,0 92.922,26.759,0 92.922,26.76,0 92.921,26.762,0 92.921,26.763,0 92.92,26.763,0 92.919,26.763,0 92.919,26.764,0 92.919,26.765,0</coordinates>
            </LinearRing>
          </outerBoundaryIs>
        </Polygon>
      </MultiGeometry>
    </Placemark>
    <Placemark>
      <name>Patarbasti</name>
      <description><![CDATA[
        <h3>Patarbasti</h3>
        <p><b>Village ID:</b> 13682<br/>
        <b>Sub-District:</b> Na-Duar<br/>
        <b>District:</b> SONITPUR<br/>
        <b>Coordinates:</b> 26.794, 93.042</p>
      ]]></description>
      <styleUrl>#villageStyle</styleUrl>
      <MultiGeometry>
        <Point>
          <coordinates>93.042,26.794,0</coordinates>
        </Point>
        <Polygon>
          <outerBoundaryIs>
            <LinearRing>
              <coordinates>93.047,26.794,0 93.046,26.796,0 93.046,26.797,0 93.046,26.798,0 93.045,26.798,0 93.045,26.799,0 93.044,26.799,0 93.042,26.799,0 93.041,26.799,0 93.04,26.798,0 93.039,26.798,0 93.037,26.797,0 93.036,26.796,0 93.037,26.795,0 93.038,26.794,0 93.038,26.793,0 93.039,26.792,0 93.039,26.791,0 93.04,26.791,0 93.04,26.79,0 93.041,26.789,0 93.041,26.788,0 93.043,26.789,0 93.044,26.79,0 93.044,26.791,0 93.045,26.792,0 93.047,26.793,0 93.047,26.794,0</coordinates>
            </LinearRing>
          </outerBoundaryIs>
        </Polygon>
      </MultiGeometry>
    </Placemark>
    <Placemark>
      <name>Choibari</name>
      <description><![CDATA[
        <h3>Choibari</h3>
        <p><b>Village ID:</b> 13684<br/>
        <b>Sub-District:</b> Na-Duar<br/>
        <b>District:</b> SONITPUR<br/>
        <b>Coordinates:</b> 26.782, 92.963</p>
      ]]></description>
      <styleUrl>#villageStyle</styleUrl>
      <MultiGeometry>
        <Point>
          <coordinates>92.963,26.782,0</coordinates>
        </Point>
        <Polygon>
          <outerBoundaryIs>
            <LinearRing>
              <coordinates>92.966,26.796,0 92.966,26.797,0 92.966,26.798,0 92.965,26.798,0 92.964,26.797,0 92.962,26.797,0 92.961,26.796,0 92.959,26.795,0 92.958,26.794,0 92.957,26.794,0 92.955,26.793,0 92.954,26.793,0 92.952,26.792,0 92.951,26.792,0 92.95,26.792,0 92.949,26.791,0 92.949,26.79,0 92.949,26.789,0 92.949,26.787,0 92.949,26.786,0 92.949,26.784,0 92.949,26.783,0 92.949,26.782,0 92.949,26.781,0 92.949,26.78,0 92.949,26.779,0 92.949,26.777,0 92.949,26.776,0 92.948,26.775,0 92.948,26.774,0 92.948,26.772,0 92.948,26.771,0 92.949,26.77,0 92.951,26.769,0 92.952,26.768,0 92.954,26.768,0 92.955,26.767,0 92.957,26.767,0 92.959,26.767,0 92.961,26.767,0 92.963,26.767,0 92.965,26.767,0 92.967,26.767,0 92.968,26.766,0 92.969,26.766,0 92.971,26.767,0 92.972,26.768,0 92.973,26.768,0 92.973,26.769,0 92.973,26.77,0 92.973,26.771,0 92.973,26.772,0 92.972,26.773,0 92.972,26.774,0 92.972,26.775,0 92.972,26.776,0 92.973,26.777,0 92.973,26.778,0 92.974,26.779,0 92.974,26.78,0 92.974,26.781,0 92.974,26.782,0 92.974,26.783,0 92.973,26.784,0 92.972,26.785,0 92.971,26.785,0 92.97,26.785,0 92.971,26.786,0 92.972,26.787,0 92.973,26.787,0 92.974,26.787,0 92.973,26.79,0 92.973,26.791,0 92.973,26.792,0 92.972,26.792,0 92.971,26.792,0 92.97,26.792,0 92.969,26.792,0 92.968,26.792,0 92.967,26.792,0 92.966,26.792,0 92.965,26.792,0 92.964,26.793,0 92.965,26.793,0 92.965,26.794,0 92.966,26.796,0</coordinates>
            </LinearRing>
          </outerBoundaryIs>
        </Polygon>
      </MultiGeometry>
    </Placemark>
    <Placemark>
      <name>Sadai Bora</name>
      <description><![CDATA[
        <h3>Sadai Bora</h3>
        <p><b>Village ID:</b> 13685<br/>
        <b>Sub-District:</b> Na-Duar<br/>
        <b>District:</b> SONITPUR<br/>
        <b>Coordinates:</b> 26.782, 92.978</p>
      ]]></description>
      <styleUrl>#villageStyle</styleUrl>
      <MultiGeometry>
        <Point>
          <coordinates>92.978,26.782,0</coordinates>
        </Point>
        <Polygon>
          <outerBoundaryIs>
            <LinearRing>
              <coordinates>92.984,26.789,0 92.984,26.79,0 92.984,26.792,0 92.983,26.792,0 92.982,26.792,0 92.981,26.792,0 92.98,26.791,0 92.98,26.789,0 92.979,26.788,0 92.979,26.787,0 92.978,26.787,0 92.976,26.787,0 92.974,26.787,0 92.973,26.787,0 92.972,26.787,0 92.971,26.786,0 92.97,26.785,0 92.971,26.785,0 92.972,26.785,0 92.973,26.784,0 92.974,26.783,0 92.974,26.782,0 92.974,26.781,0 92.974,26.78,0 92.974,26.779,0 92.973,26.778,0 92.973,26.777,0 92.972,26.776,0 92.972,26.775,0 92.972,26.774,0 92.972,26.773,0 92.973,26.772,0 92.973,26.771,0 92.973,26.77,0 92.974,26.77,0 92.975,26.77,0 92.976,26.771,0 92.976,26.772,0 92.976,26.773,0 92.976,26.774,0 92.976,26.775,0 92.977,26.776,0 92.977,26.777,0 92.978,26.778,0 92.979,26.778,0 92.979,26.779,0 92.98,26.779,0 92.981,26.779,0 92.981,26.778,0 92.982,26.778,0 92.982,26.779,0 92.983,26.78,0 92.984,26.781,0 92.986,26.784,0 92.986,26.785,0 92.987,26.785,0 92.987,26.786,0 92.986,26.787,0 92.985,26.788,0 92.984,26.788,0 92.984,26.789,0</coordinates>
            </LinearRing>
          </outerBoundaryIs>
        </Polygon>
      </MultiGeometry>
    </Placemark>
    <Placemark>
      <name>Hokajan</name>
      <description><![CDATA[
        <h3>Hokajan</h3>
        <p><b>Village ID:</b> 13686<br/>
        <b>Sub-District:</b> Na-Duar<br/>
        <b>District:</b> SONITPUR<br/>
        <b>Coordinates:</b> 26.78, 93.025</p>
      ]]></description>
      <styleUrl>#villageStyle</styleUrl>
      <MultiGeometry>
        <Point>
          <coordinates>93.025,26.78,0</coordinates>
        </Point>
        <Polygon>
          <outerBoundaryIs>
            <LinearRing>
              <coordinates>93.031,26.789,0 93.03,26.789,0 93.028,26.789,0 93.027,26.789,0 93.025,26.789,0 93.023,26.789,0 93.021,26.789,0 93.019,26.789,0 93.015,26.789,0 93.014,26.789,0 93.014,26.788,0 93.014,26.787,0 93.014,26.786,0 93.015,26.784,0 93.015,26.783,0 93.015,26.782,0 93.015,26.781,0 93.015,26.78,0 93.015,26.779,0 93.015,26.778,0 93.016,26.777,0 93.016,26.776,0 93.016,26.775,0 93.016,26.774,0 93.017,26.774,0 93.018,26.773,0 93.019,26.773,0 93.02,26.773,0 93.021,26.773,0 93.022,26.773,0 93.022,26.774,0 93.023,26.774,0 93.024,26.774,0 93.025,26.774,0 93.026,26.774,0 93.027,26.773,0 93.029,26.773,0 93.031,26.772,0 93.032,26.772,0 93.033,26.771,0 93.034,26.771,0 93.036,26.771,0 93.035,26.771,0 93.035,26.772,0 93.034,26.773,0 93.034,26.774,0 93.034,26.775,0 93.034,26.777,0 93.034,26.778,0 93.034,26.779,0 93.034,26.78,0 93.034,26.781,0 93.034,26.782,0 93.034,26.784,0 93.034,26.785,0 93.034,26.786,0 93.034,26.787,0 93.033,26.787,0 93.032,26.787,0 93.031,26.788,0 93.031,26.789,0</coordinates>
            </LinearRing>
          </outerBoundaryIs>
        </Polygon>
      </MultiGeometry>
    </Placemark>
    <Placemark>
      <name>Bajar Hola</name>
      <description><![CDATA[
        <h3>Bajar Hola</h3>
        <p><b>Village ID:</b> 13712<br/>
        <b>Sub-District:</b> Na-Duar<br/>
        <b>District:</b> SONITPUR<br/>
        <b>Coordinates:</b> 26.767, 93.042</p>
      ]]></description>
      <styleUrl>#villageStyle</styleUrl>
      <MultiGeometry>
        <Point>
          <coordinates>93.042,26.767,0</coordinates>
        </Point>
        <Polygon>
          <outerBoundaryIs>
            <LinearRing>
              <coordinates>93.05,26.766,0 93.05,26.767,0 93.05,26.768,0 93.05,26.769,0 93.049,26.769,0 93.049,26.77,0 93.048,26.77,0 93.047,26.771,0 93.046,26.771,0 93.045,26.772,0 93.044,26.772,0 93.043,26.772,0 93.042,26.772,0 93.041,26.772,0 93.04,26.772,0 93.04,26.771,0 93.039,26.771,0 93.038,26.771,0 93.037,26.771,0 93.036,26.771,0 93.035,26.77,0 93.034,26.769,0 93.034,26.768,0 93.034,26.766,0 93.033,26.765,0 93.033,26.763,0 93.033,26.762,0 93.034,26.762,0 93.035,26.762,0 93.036,26.762,0 93.037,26.763,0 93.038,26.763,0 93.039,26.763,0 93.04,26.763,0 93.041,26.764,0 93.042,26.764,0 93.044,26.764,0 93.045,26.764,0 93.046,26.765,0 93.047,26.765,0 93.048,26.765,0 93.05,26.765,0 93.05,26.766,0</coordinates>
            </LinearRing>
          </outerBoundaryIs>
        </Polygon>
      </MultiGeometry>
    </Placemark>
    <Placemark>
      <name>Sapeichaiti</name>
      <description><![CDATA[
        <h3>Sapeichaiti</h3>
        <p><b>Village ID:</b> 13713<br/>
        <b>Sub-District:</b> Na-Duar<br/>
        <b>District:</b> SONITPUR<br/>
        <b>Coordinates:</b> 26.773, 93.054</p>
      ]]></description>
      <styleUrl>#villageStyle</styleUrl>
      <MultiGeometry>
        <Point>
          <coordinates>93.054,26.773,0</coordinates>
        </Point>
        <Polygon>
          <outerBoundaryIs>
            <LinearRing>
              <coordinates>93.069,26.775,0 93.068,26.776,0 93.067,26.777,0 93.067,26.778,0 93.068,26.78,0 93.069,26.781,0 93.064,26.78,0 93.063,26.78,0 93.061,26.779,0 93.06,26.779,0 93.059,26.778,0 93.058,26.778,0 93.057,26.778,0 93.056,26.778,0 93.055,26.778,0 93.055,26.779,0 93.054,26.779,0 93.053,26.778,0 93.052,26.778,0 93.051,26.778,0 93.05,26.777,0 93.049,26.777,0 93.048,26.778,0 93.047,26.778,0 93.046,26.778,0 93.046,26.777,0 93.045,26.777,0 93.045,26.776,0 93.044,26.776,0 93.043,26.775,0 93.042,26.774,0 93.041,26.773,0 93.04,26.772,0 93.041,26.772,0 93.042,26.772,0 93.043,26.772,0 93.044,26.772,0 93.045,26.772,0 93.046,26.771,0 93.047,26.771,0 93.048,26.77,0 93.049,26.77,0 93.049,26.769,0 93.05,26.769,0 93.05,26.768,0 93.05,26.767,0 93.05,26.766,0 93.051,26.765,0 93.052,26.765,0 93.053,26.765,0 93.054,26.765,0 93.055,26.764,0 93.055,26.766,0 93.056,26.767,0 93.057,26.768,0 93.058,26.768,0 93.059,26.768,0 93.06,26.769,0 93.061,26.769,0 93.061,26.77,0 93.062,26.77,0 93.063,26.772,0 93.064,26.772,0 93.069,26.775,0</coordinates>
            </LinearRing>
          </outerBoundaryIs>
        </Polygon>
      </MultiGeometry>
    </Placemark>
    <Placemark>
      <name>Un-named Block (13716)</name>
      <description><![CDATA[
        <h3>Un-named Block (13716)</h3>
        <p><b>Village ID:</b> 13716<br/>
        <b>Sub-District:</b> Na-Duar<br/>
        <b>District:</b> SONITPUR<br/>
        <b>Coordinates:</b> 26.767, 92.887</p>
      ]]></description>
      <styleUrl>#villageStyle</styleUrl>
      <MultiGeometry>
        <Point>
          <coordinates>92.887,26.767,0</coordinates>
        </Point>
        <Polygon>
          <outerBoundaryIs>
            <LinearRing>
              <coordinates>92.895,26.766,0 92.895,26.769,0 92.895,26.77,0 92.894,26.771,0 92.892,26.772,0 92.891,26.772,0 92.891,26.773,0 92.891,26.774,0 92.892,26.775,0 92.892,26.776,0 92.891,26.775,0 92.889,26.775,0 92.888,26.775,0 92.886,26.775,0 92.884,26.775,0 92.883,26.776,0 92.882,26.775,0 92.881,26.774,0 92.88,26.774,0 92.879,26.773,0 92.878,26.772,0 92.878,26.771,0 92.879,26.771,0 92.879,26.77,0 92.88,26.77,0 92.881,26.769,0 92.881,26.768,0 92.882,26.768,0 92.882,26.767,0 92.883,26.766,0 92.883,26.765,0 92.883,26.764,0 92.882,26.762,0 92.883,26.761,0 92.885,26.76,0 92.886,26.759,0 92.887,26.757,0 92.888,26.756,0 92.888,26.755,0 92.889,26.754,0 92.89,26.754,0 92.89,26.755,0 92.891,26.756,0 92.892,26.757,0 92.893,26.759,0 92.895,26.76,0 92.895,26.762,0 92.895,26.764,0 92.895,26.765,0 92.895,26.766,0</coordinates>
            </LinearRing>
          </outerBoundaryIs>
        </Polygon>
      </MultiGeometry>
    </Placemark>
    <Placemark>
      <name>Moronakuri</name>
      <description><![CDATA[
        <h3>Moronakuri</h3>
        <p><b>Village ID:</b> 13729<br/>
        <b>Sub-District:</b> Na-Duar<br/>
        <b>District:</b> SONITPUR<br/>
        <b>Coordinates:</b> 26.755, 92.9</p>
      ]]></description>
      <styleUrl>#villageStyle</styleUrl>
      <MultiGeometry>
        <Point>
          <coordinates>92.9,26.755,0</coordinates>
        </Point>
        <Polygon>
          <outerBoundaryIs>
            <LinearRing>
              <coordinates>92.909,26.764,0 92.908,26.763,0 92.906,26.763,0 92.904,26.764,0 92.902,26.765,0 92.9,26.766,0 92.899,26.766,0 92.898,26.766,0 92.897,26.766,0 92.896,26.766,0 92.895,26.766,0 92.895,26.765,0 92.895,26.764,0 92.895,26.762,0 92.895,26.76,0 92.893,26.759,0 92.892,26.757,0 92.891,26.756,0 92.89,26.755,0 92.89,26.754,0 92.889,26.754,0 92.889,26.753,0 92.89,26.752,0 92.89,26.751,0 92.89,26.75,0 92.891,26.749,0 92.891,26.748,0 92.892,26.747,0 92.892,26.746,0 92.893,26.746,0 92.893,26.744,0 92.893,26.743,0 92.893,26.742,0 92.894,26.742,0 92.897,26.743,0 92.899,26.744,0 92.9,26.744,0 92.902,26.745,0 92.904,26.746,0 92.907,26.747,0 92.908,26.747,0 92.91,26.748,0 92.909,26.749,0 92.909,26.75,0 92.909,26.752,0 92.909,26.754,0 92.909,26.755,0 92.909,26.757,0 92.909,26.758,0 92.909,26.76,0 92.909,26.761,0 92.91,26.762,0 92.91,26.763,0 92.91,26.764,0 92.909,26.764,0</coordinates>
            </LinearRing>
          </outerBoundaryIs>
        </Polygon>
      </MultiGeometry>
    </Placemark>
    <Placemark>
      <name>Uparkuri</name>
      <description><![CDATA[
        <h3>Uparkuri</h3>
        <p><b>Village ID:</b> 13731<br/>
        <b>Sub-District:</b> Na-Duar<br/>
        <b>District:</b> SONITPUR<br/>
        <b>Coordinates:</b> 26.761, 92.942</p>
      ]]></description>
      <styleUrl>#villageStyle</styleUrl>
      <MultiGeometry>
        <Point>
          <coordinates>92.942,26.761,0</coordinates>
        </Point>
        <Polygon>
          <outerBoundaryIs>
            <LinearRing>
              <coordinates>92.948,26.771,0 92.947,26.771,0 92.945,26.771,0 92.943,26.771,0 92.942,26.771,0 92.941,26.77,0 92.939,26.769,0 92.938,26.769,0 92.937,26.769,0 92.935,26.768,0 92.932,26.768,0 92.93,26.768,0 92.93,26.766,0 92.931,26.764,0 92.931,26.762,0 92.932,26.761,0 92.933,26.759,0 92.934,26.758,0 92.935,26.756,0 92.935,26.755,0 92.936,26.754,0 92.936,26.753,0 92.936,26.752,0 92.941,26.751,0 92.944,26.751,0 92.946,26.75,0 92.948,26.75,0 92.95,26.749,0 92.95,26.752,0 92.95,26.753,0 92.95,26.754,0 92.949,26.755,0 92.949,26.756,0 92.95,26.758,0 92.95,26.759,0 92.949,26.76,0 92.949,26.761,0 92.948,26.763,0 92.948,26.765,0 92.948,26.766,0 92.948,26.769,0 92.948,26.771,0</coordinates>
            </LinearRing>
          </outerBoundaryIs>
        </Polygon>
      </MultiGeometry>
    </Placemark>
    <Placemark>
      <name>Dhakarigaon</name>
      <description><![CDATA[
        <h3>Dhakarigaon</h3>
        <p><b>Village ID:</b> 13732<br/>
        <b>Sub-District:</b> Na-Duar<br/>
        <b>District:</b> SONITPUR<br/>
        <b>Coordinates:</b> 26.759, 92.964</p>
      ]]></description>
      <styleUrl>#villageStyle</styleUrl>
      <MultiGeometry>
        <Point>
          <coordinates>92.964,26.759,0</coordinates>
        </Point>
        <Polygon>
          <outerBoundaryIs>
            <LinearRing>
              <coordinates>92.969,26.766,0 92.968,26.766,0 92.967,26.767,0 92.965,26.767,0 92.963,26.767,0 92.961,26.767,0 92.959,26.767,0 92.957,26.767,0 92.955,26.767,0 92.954,26.768,0 92.952,26.768,0 92.951,26.769,0 92.949,26.77,0 92.948,26.771,0 92.948,26.769,0 92.948,26.766,0 92.948,26.765,0 92.948,26.763,0 92.949,26.761,0 92.949,26.76,0 92.95,26.759,0 92.95,26.758,0 92.949,26.756,0 92.949,26.755,0 92.95,26.754,0 92.95,26.753,0 92.95,26.752,0 92.95,26.749,0 92.953,26.749,0 92.956,26.749,0 92.957,26.748,0 92.959,26.748,0 92.961,26.748,0 92.964,26.747,0 92.965,26.747,0 92.966,26.747,0 92.967,26.747,0 92.967,26.748,0 92.968,26.749,0 92.968,26.75,0 92.969,26.751,0 92.969,26.753,0 92.97,26.754,0 92.971,26.754,0 92.972,26.754,0 92.973,26.754,0 92.973,26.753,0 92.974,26.753,0 92.975,26.753,0 92.976,26.753,0 92.977,26.753,0 92.978,26.754,0 92.978,26.755,0 92.978,26.756,0 92.977,26.756,0 92.977,26.757,0 92.976,26.757,0 92.976,26.758,0 92.976,26.759,0 92.977,26.76,0 92.976,26.76,0 92.976,26.761,0 92.976,26.762,0 92.975,26.762,0 92.974,26.762,0 92.973,26.762,0 92.972,26.762,0 92.971,26.762,0 92.97,26.761,0 92.969,26.76,0 92.968,26.76,0 92.967,26.76,0 92.967,26.761,0 92.966,26.761,0 92.966,26.762,0 92.966,26.763,0 92.967,26.764,0 92.967,26.765,0 92.968,26.765,0 92.969,26.765,0 92.969,26.766,0</coordinates>
            </LinearRing>
          </outerBoundaryIs>
        </Polygon>
      </MultiGeometry>
    </Placemark>
    <Placemark>
      <name>Magurmara</name>
      <description><![CDATA[
        <h3>Magurmara</h3>
        <p><b>Village ID:</b> 13733<br/>
        <b>Sub-District:</b> Na-Duar<br/>
        <b>District:</b> SONITPUR<br/>
        <b>Coordinates:</b> 26.759, 93.045</p>
      ]]></description>
      <styleUrl>#villageStyle</styleUrl>
      <MultiGeometry>
        <Point>
          <coordinates>93.045,26.759,0</coordinates>
        </Point>
        <Polygon>
          <outerBoundaryIs>
            <LinearRing>
              <coordinates>93.05,26.766,0 93.05,26.765,0 93.048,26.765,0 93.047,26.765,0 93.046,26.765,0 93.045,26.764,0 93.044,26.764,0 93.042,26.764,0 93.041,26.764,0 93.04,26.763,0 93.039,26.763,0 93.038,26.763,0 93.037,26.763,0 93.036,26.762,0 93.035,26.762,0 93.034,26.762,0 93.033,26.762,0 93.033,26.761,0 93.032,26.76,0 93.032,26.759,0 93.033,26.758,0 93.034,26.757,0 93.035,26.755,0 93.036,26.752,0 93.037,26.751,0 93.038,26.749,0 93.039,26.751,0 93.041,26.753,0 93.042,26.753,0 93.044,26.753,0 93.045,26.753,0 93.046,26.753,0 93.048,26.753,0 93.05,26.752,0 93.052,26.753,0 93.054,26.753,0 93.054,26.754,0 93.054,26.755,0 93.054,26.756,0 93.054,26.758,0 93.054,26.759,0 93.055,26.76,0 93.056,26.761,0 93.056,26.762,0 93.056,26.763,0 93.055,26.763,0 93.055,26.764,0 93.054,26.765,0 93.053,26.765,0 93.052,26.765,0 93.051,26.765,0 93.05,26.766,0</coordinates>
            </LinearRing>
          </outerBoundaryIs>
        </Polygon>
      </MultiGeometry>
    </Placemark>
    <Placemark>
      <name>Ghahi Gaon</name>
      <description><![CDATA[
        <h3>Ghahi Gaon</h3>
        <p><b>Village ID:</b> 13736<br/>
        <b>Sub-District:</b> Na-Duar<br/>
        <b>District:</b> SONITPUR<br/>
        <b>Coordinates:</b> 26.756, 93.023</p>
      ]]></description>
      <styleUrl>#villageStyle</styleUrl>
      <MultiGeometry>
        <Point>
          <coordinates>93.023,26.756,0</coordinates>
        </Point>
        <Polygon>
          <outerBoundaryIs>
            <LinearRing>
              <coordinates>93.021,26.763,0 93.02,26.764,0 93.018,26.766,0 93.018,26.767,0 93.017,26.768,0 93.016,26.768,0 93.016,26.769,0 93.015,26.769,0 93.014,26.77,0 93.013,26.77,0 93.013,26.771,0 93.012,26.77,0 93.011,26.769,0 93.01,26.768,0 93.01,26.767,0 93.011,26.764,0 93.011,26.762,0 93.011,26.76,0 93.012,26.756,0 93.012,26.755,0 93.012,26.753,0 93.011,26.752,0 93.011,26.751,0 93.011,26.75,0 93.013,26.75,0 93.016,26.75,0 93.018,26.75,0 93.019,26.751,0 93.02,26.751,0 93.021,26.751,0 93.022,26.752,0 93.023,26.752,0 93.023,26.751,0 93.024,26.751,0 93.024,26.75,0 93.025,26.75,0 93.027,26.751,0 93.028,26.751,0 93.029,26.75,0 93.03,26.749,0 93.031,26.748,0 93.032,26.747,0 93.032,26.746,0 93.032,26.745,0 93.031,26.744,0 93.035,26.744,0 93.035,26.745,0 93.034,26.747,0 93.033,26.748,0 93.033,26.749,0 93.033,26.75,0 93.033,26.751,0 93.032,26.752,0 93.032,26.753,0 93.032,26.754,0 93.032,26.755,0 93.031,26.755,0 93.031,26.756,0 93.03,26.756,0 93.03,26.757,0 93.029,26.757,0 93.029,26.758,0 93.028,26.758,0 93.027,26.759,0 93.026,26.759,0 93.025,26.76,0 93.024,26.761,0 93.023,26.761,0 93.022,26.762,0 93.021,26.763,0</coordinates>
            </LinearRing>
          </outerBoundaryIs>
        </Polygon>
      </MultiGeometry>
    </Placemark>
    <Placemark>
      <name>Bhuyan Para</name>
      <description><![CDATA[
        <h3>Bhuyan Para</h3>
        <p><b>Village ID:</b> 13737<br/>
        <b>Sub-District:</b> Na-Duar<br/>
        <b>District:</b> SONITPUR<br/>
        <b>Coordinates:</b> 26.768, 92.997</p>
      ]]></description>
      <styleUrl>#villageStyle</styleUrl>
      <MultiGeometry>
        <Point>
          <coordinates>92.997,26.768,0</coordinates>
        </Point>
        <Polygon>
          <outerBoundaryIs>
            <LinearRing>
              <coordinates>93.005,26.772,0 93.005,26.773,0 93.003,26.774,0 93.002,26.775,0 93.001,26.775,0 93.0,26.776,0 92.999,26.776,0 92.997,26.776,0 92.995,26.777,0 92.994,26.777,0 92.993,26.777,0 92.992,26.777,0 92.992,26.776,0 92.991,26.776,0 92.99,26.775,0 92.99,26.774,0 92.989,26.773,0 92.989,26.772,0 92.989,26.771,0 92.99,26.77,0 92.991,26.769,0 92.991,26.768,0 92.991,26.767,0 92.991,26.766,0 92.991,26.765,0 92.99,26.764,0 92.99,26.763,0 92.99,26.762,0 92.99,26.761,0 92.991,26.761,0 92.992,26.76,0 92.993,26.76,0 92.994,26.759,0 92.995,26.759,0 92.996,26.758,0 92.997,26.758,0 92.997,26.759,0 92.998,26.76,0 92.998,26.761,0 92.999,26.762,0 93.0,26.763,0 93.001,26.763,0 93.001,26.764,0 93.003,26.764,0 93.004,26.765,0 93.005,26.766,0 93.006,26.767,0 93.007,26.768,0 93.008,26.768,0 93.008,26.769,0 93.007,26.77,0 93.006,26.771,0 93.005,26.772,0</coordinates>
            </LinearRing>
          </outerBoundaryIs>
        </Polygon>
      </MultiGeometry>
    </Placemark>
    <Placemark>
      <name>Chala Hola</name>
      <description><![CDATA[
        <h3>Chala Hola</h3>
        <p><b>Village ID:</b> 13738<br/>
        <b>Sub-District:</b> Na-Duar<br/>
        <b>District:</b> SONITPUR<br/>
        <b>Coordinates:</b> 26.769, 93.025</p>
      ]]></description>
      <styleUrl>#villageStyle</styleUrl>
      <MultiGeometry>
        <Point>
          <coordinates>93.025,26.769,0</coordinates>
        </Point>
        <Polygon>
          <outerBoundaryIs>
            <LinearRing>
              <coordinates>93.036,26.771,0 93.034,26.771,0 93.033,26.771,0 93.032,26.772,0 93.031,26.772,0 93.029,26.773,0 93.027,26.773,0 93.026,26.774,0 93.025,26.774,0 93.024,26.774,0 93.023,26.774,0 93.022,26.774,0 93.022,26.773,0 93.021,26.773,0 93.02,26.773,0 93.019,26.773,0 93.018,26.773,0 93.017,26.774,0 93.016,26.774,0 93.014,26.773,0 93.013,26.771,0 93.013,26.77,0 93.014,26.77,0 93.015,26.769,0 93.016,26.769,0 93.016,26.768,0 93.017,26.768,0 93.018,26.767,0 93.018,26.766,0 93.02,26.764,0 93.021,26.763,0 93.021,26.764,0 93.021,26.765,0 93.022,26.766,0 93.022,26.767,0 93.024,26.766,0 93.025,26.766,0 93.026,26.766,0 93.027,26.765,0 93.028,26.765,0 93.029,26.764,0 93.031,26.763,0 93.032,26.762,0 93.033,26.762,0 93.033,26.763,0 93.033,26.765,0 93.034,26.766,0 93.034,26.768,0 93.034,26.769,0 93.035,26.77,0 93.036,26.771,0</coordinates>
            </LinearRing>
          </outerBoundaryIs>
        </Polygon>
      </MultiGeometry>
    </Placemark>
    <Placemark>
      <name>Panigaon</name>
      <description><![CDATA[
        <h3>Panigaon</h3>
        <p><b>Village ID:</b> 13739<br/>
        <b>Sub-District:</b> Na-Duar<br/>
        <b>District:</b> SONITPUR<br/>
        <b>Coordinates:</b> 26.772, 92.903</p>
      ]]></description>
      <styleUrl>#villageStyle</styleUrl>
      <MultiGeometry>
        <Point>
          <coordinates>92.903,26.772,0</coordinates>
        </Point>
        <Polygon>
          <outerBoundaryIs>
            <LinearRing>
              <coordinates>92.912,26.781,0 92.912,26.782,0 92.912,26.784,0 92.908,26.783,0 92.904,26.782,0 92.9,26.78,0 92.899,26.78,0 92.892,26.778,0 92.892,26.777,0 92.892,26.776,0 92.892,26.775,0 92.891,26.774,0 92.891,26.773,0 92.891,26.772,0 92.892,26.772,0 92.894,26.771,0 92.895,26.77,0 92.895,26.769,0 92.895,26.766,0 92.896,26.766,0 92.897,26.766,0 92.898,26.766,0 92.899,26.766,0 92.9,26.766,0 92.902,26.765,0 92.904,26.764,0 92.906,26.763,0 92.908,26.763,0 92.909,26.764,0 92.909,26.765,0 92.909,26.766,0 92.909,26.767,0 92.908,26.767,0 92.908,26.768,0 92.908,26.769,0 92.909,26.77,0 92.909,26.771,0 92.909,26.772,0 92.91,26.774,0 92.91,26.775,0 92.91,26.776,0 92.91,26.778,0 92.91,26.78,0 92.91,26.781,0 92.912,26.781,0</coordinates>
            </LinearRing>
          </outerBoundaryIs>
        </Polygon>
      </MultiGeometry>
    </Placemark>
    <Placemark>
      <name>No.2 Barpathar</name>
      <description><![CDATA[
        <h3>No.2 Barpathar</h3>
        <p><b>Village ID:</b> 13740<br/>
        <b>Sub-District:</b> Na-Duar<br/>
        <b>District:</b> SONITPUR<br/>
        <b>Coordinates:</b> 26.774, 92.914</p>
      ]]></description>
      <styleUrl>#villageStyle</styleUrl>
      <MultiGeometry>
        <Point>
          <coordinates>92.914,26.774,0</coordinates>
        </Point>
        <Polygon>
          <outerBoundaryIs>
            <LinearRing>
              <coordinates>92.919,26.765,0 92.919,26.766,0 92.919,26.768,0 92.919,26.77,0 92.919,26.772,0 92.919,26.776,0 92.919,26.778,0 92.919,26.779,0 92.919,26.78,0 92.919,26.781,0 92.92,26.782,0 92.92,26.783,0 92.921,26.784,0 92.921,26.785,0 92.92,26.785,0 92.917,26.784,0 92.914,26.782,0 92.912,26.781,0 92.91,26.781,0 92.91,26.78,0 92.91,26.778,0 92.91,26.776,0 92.91,26.775,0 92.91,26.774,0 92.909,26.772,0 92.909,26.771,0 92.909,26.77,0 92.908,26.769,0 92.908,26.768,0 92.908,26.767,0 92.909,26.767,0 92.909,26.766,0 92.909,26.765,0 92.909,26.764,0 92.91,26.764,0 92.919,26.765,0</coordinates>
            </LinearRing>
          </outerBoundaryIs>
        </Polygon>
      </MultiGeometry>
    </Placemark>
    <Placemark>
      <name>Hatipati</name>
      <description><![CDATA[
        <h3>Hatipati</h3>
        <p><b>Village ID:</b> 13743<br/>
        <b>Sub-District:</b> Na-Duar<br/>
        <b>District:</b> SONITPUR<br/>
        <b>Coordinates:</b> 26.764, 93.065</p>
      ]]></description>
      <styleUrl>#villageStyle</styleUrl>
      <MultiGeometry>
        <Point>
          <coordinates>93.065,26.764,0</coordinates>
        </Point>
        <Polygon>
          <outerBoundaryIs>
            <LinearRing>
              <coordinates>93.072,26.772,0 93.07,26.773,0 93.069,26.775,0 93.064,26.772,0 93.063,26.772,0 93.062,26.77,0 93.061,26.77,0 93.061,26.769,0 93.06,26.769,0 93.059,26.768,0 93.058,26.768,0 93.057,26.768,0 93.056,26.767,0 93.055,26.766,0 93.055,26.764,0 93.056,26.764,0 93.057,26.764,0 93.058,26.764,0 93.059,26.764,0 93.06,26.764,0 93.061,26.764,0 93.062,26.764,0 93.063,26.764,0 93.063,26.763,0 93.064,26.763,0 93.065,26.762,0 93.065,26.761,0 93.065,26.76,0 93.065,26.759,0 93.066,26.759,0 93.066,26.758,0 93.066,26.757,0 93.07,26.753,0 93.071,26.754,0 93.07,26.755,0 93.069,26.756,0 93.068,26.757,0 93.068,26.758,0 93.068,26.759,0 93.068,26.761,0 93.07,26.762,0 93.071,26.762,0 93.072,26.765,0 93.074,26.767,0 93.074,26.768,0 93.074,26.769,0 93.073,26.77,0 93.072,26.771,0 93.072,26.772,0</coordinates>
            </LinearRing>
          </outerBoundaryIs>
        </Polygon>
      </MultiGeometry>
    </Placemark>
    <Placemark>
      <name>Chamdhara</name>
      <description><![CDATA[
        <h3>Chamdhara</h3>
        <p><b>Village ID:</b> 13747<br/>
        <b>Sub-District:</b> Na-Duar<br/>
        <b>District:</b> SONITPUR<br/>
        <b>Coordinates:</b> 26.783, 92.887</p>
      ]]></description>
      <styleUrl>#villageStyle</styleUrl>
      <MultiGeometry>
        <Point>
          <coordinates>92.887,26.783,0</coordinates>
        </Point>
        <Polygon>
          <outerBoundaryIs>
            <LinearRing>
              <coordinates>92.893,26.793,0 92.892,26.794,0 92.89,26.794,0 92.889,26.794,0 92.888,26.793,0 92.887,26.792,0 92.886,26.792,0 92.885,26.792,0 92.884,26.791,0 92.884,26.79,0 92.884,26.789,0 92.884,26.788,0 92.884,26.787,0 92.885,26.787,0 92.886,26.786,0 92.886,26.785,0 92.886,26.784,0 92.885,26.783,0 92.884,26.782,0 92.884,26.781,0 92.883,26.781,0 92.883,26.78,0 92.882,26.781,0 92.881,26.78,0 92.88,26.78,0 92.879,26.779,0 92.879,26.778,0 92.879,26.776,0 92.879,26.774,0 92.878,26.773,0 92.878,26.772,0 92.879,26.773,0 92.88,26.774,0 92.881,26.774,0 92.882,26.775,0 92.883,26.776,0 92.884,26.775,0 92.886,26.775,0 92.888,26.775,0 92.889,26.775,0 92.891,26.775,0 92.892,26.776,0 92.892,26.777,0 92.892,26.778,0 92.899,26.78,0 92.899,26.781,0 92.897,26.783,0 92.897,26.785,0 92.896,26.787,0 92.895,26.788,0 92.894,26.79,0 92.894,26.792,0 92.893,26.793,0</coordinates>
            </LinearRing>
          </outerBoundaryIs>
        </Polygon>
      </MultiGeometry>
    </Placemark>
    <Placemark>
      <name>Murha Dal</name>
      <description><![CDATA[
        <h3>Murha Dal</h3>
        <p><b>Village ID:</b> 13748<br/>
        <b>Sub-District:</b> Na-Duar<br/>
        <b>District:</b> SONITPUR<br/>
        <b>Coordinates:</b> 26.778, 92.927</p>
      ]]></description>
      <styleUrl>#villageStyle</styleUrl>
      <MultiGeometry>
        <Point>
          <coordinates>92.927,26.778,0</coordinates>
        </Point>
        <Polygon>
          <outerBoundaryIs>
            <LinearRing>
              <coordinates>92.93,26.768,0 92.93,26.769,0 92.93,26.77,0 92.93,26.771,0 92.931,26.773,0 92.931,26.774,0 92.931,26.775,0 92.932,26.776,0 92.932,26.778,0 92.933,26.779,0 92.933,26.781,0 92.934,26.782,0 92.934,26.783,0 92.935,26.784,0 92.935,26.785,0 92.936,26.786,0 92.936,26.788,0 92.936,26.789,0 92.937,26.791,0 92.936,26.79,0 92.935,26.79,0 92.932,26.789,0 92.93,26.789,0 92.927,26.788,0 92.925,26.787,0 92.922,26.786,0 92.921,26.785,0 92.921,26.784,0 92.92,26.783,0 92.92,26.782,0 92.919,26.781,0 92.919,26.78,0 92.919,26.779,0 92.919,26.778,0 92.919,26.776,0 92.919,26.772,0 92.919,26.77,0 92.919,26.768,0 92.919,26.766,0 92.919,26.765,0 92.92,26.766,0 92.922,26.766,0 92.923,26.766,0 92.924,26.766,0 92.925,26.767,0 92.927,26.767,0 92.929,26.768,0 92.93,26.768,0</coordinates>
            </LinearRing>
          </outerBoundaryIs>
        </Polygon>
      </MultiGeometry>
    </Placemark>
    <Placemark>
      <name>Maz-Gaon</name>
      <description><![CDATA[
        <h3>Maz-Gaon</h3>
        <p><b>Village ID:</b> 13750<br/>
        <b>Sub-District:</b> Na-Duar<br/>
        <b>District:</b> SONITPUR<br/>
        <b>Coordinates:</b> 26.779, 92.941</p>
      ]]></description>
      <styleUrl>#villageStyle</styleUrl>
      <MultiGeometry>
        <Point>
          <coordinates>92.941,26.779,0</coordinates>
        </Point>
        <Polygon>
          <outerBoundaryIs>
            <LinearRing>
              <coordinates>92.948,26.771,0 92.948,26.772,0 92.948,26.774,0 92.948,26.775,0 92.949,26.776,0 92.949,26.777,0 92.949,26.779,0 92.949,26.78,0 92.949,26.781,0 92.949,26.782,0 92.949,26.783,0 92.949,26.784,0 92.949,26.786,0 92.949,26.787,0 92.949,26.789,0 92.949,26.79,0 92.949,26.791,0 92.95,26.792,0 92.947,26.792,0 92.943,26.792,0 92.941,26.792,0 92.94,26.791,0 92.938,26.791,0 92.937,26.791,0 92.936,26.789,0 92.936,26.788,0 92.936,26.786,0 92.935,26.785,0 92.935,26.784,0 92.934,26.783,0 92.934,26.782,0 92.933,26.781,0 92.933,26.779,0 92.932,26.778,0 92.932,26.776,0 92.931,26.775,0 92.931,26.774,0 92.931,26.773,0 92.93,26.771,0 92.93,26.77,0 92.93,26.769,0 92.93,26.768,0 92.932,26.768,0 92.935,26.768,0 92.937,26.769,0 92.938,26.769,0 92.939,26.769,0 92.941,26.77,0 92.942,26.771,0 92.943,26.771,0 92.945,26.771,0 92.947,26.771,0 92.948,26.771,0</coordinates>
            </LinearRing>
          </outerBoundaryIs>
        </Polygon>
      </MultiGeometry>
    </Placemark>
    <Placemark>
      <name>No.1 Barpathar</name>
      <description><![CDATA[
        <h3>No.1 Barpathar</h3>
        <p><b>Village ID:</b> 13751<br/>
        <b>Sub-District:</b> Na-Duar<br/>
        <b>District:</b> SONITPUR<br/>
        <b>Coordinates:</b> 26.789, 92.918</p>
      ]]></description>
      <styleUrl>#villageStyle</styleUrl>
      <MultiGeometry>
        <Point>
          <coordinates>92.918,26.789,0</coordinates>
        </Point>
        <Polygon>
          <outerBoundaryIs>
            <LinearRing>
              <coordinates>92.924,26.794,0 92.922,26.794,0 92.921,26.794,0 92.919,26.794,0 92.916,26.794,0 92.913,26.794,0 92.911,26.794,0 92.912,26.793,0 92.912,26.791,0 92.912,26.788,0 92.912,26.784,0 92.912,26.782,0 92.912,26.781,0 92.914,26.782,0 92.917,26.784,0 92.92,26.785,0 92.921,26.785,0 92.921,26.786,0 92.921,26.787,0 92.922,26.788,0 92.922,26.789,0 92.923,26.791,0 92.924,26.793,0 92.924,26.794,0</coordinates>
            </LinearRing>
          </outerBoundaryIs>
        </Polygon>
      </MultiGeometry>
    </Placemark>
    <Placemark>
      <name>Bormota</name>
      <description><![CDATA[
        <h3>Bormota</h3>
        <p><b>Village ID:</b> 13752<br/>
        <b>Sub-District:</b> Na-Duar<br/>
        <b>District:</b> SONITPUR<br/>
        <b>Coordinates:</b> 26.79, 92.903</p>
      ]]></description>
      <styleUrl>#villageStyle</styleUrl>
      <MultiGeometry>
        <Point>
          <coordinates>92.903,26.79,0</coordinates>
        </Point>
        <Polygon>
          <outerBoundaryIs>
            <LinearRing>
              <coordinates>92.911,26.796,0 92.91,26.796,0 92.909,26.796,0 92.908,26.796,0 92.907,26.796,0 92.906,26.795,0 92.904,26.794,0 92.902,26.794,0 92.9,26.793,0 92.898,26.794,0 92.896,26.794,0 92.894,26.793,0 92.893,26.793,0 92.894,26.792,0 92.894,26.79,0 92.895,26.788,0 92.896,26.787,0 92.897,26.785,0 92.897,26.783,0 92.899,26.781,0 92.899,26.78,0 92.9,26.78,0 92.904,26.782,0 92.908,26.783,0 92.912,26.784,0 92.912,26.788,0 92.912,26.791,0 92.912,26.793,0 92.911,26.794,0 92.911,26.795,0 92.911,26.796,0</coordinates>
            </LinearRing>
          </outerBoundaryIs>
        </Polygon>
      </MultiGeometry>
    </Placemark>
    <Placemark>
      <name>Habidoloni</name>
      <description><![CDATA[
        <h3>Habidoloni</h3>
        <p><b>Village ID:</b> 13753<br/>
        <b>Sub-District:</b> Na-Duar<br/>
        <b>District:</b> SONITPUR<br/>
        <b>Coordinates:</b> 26.773, 92.99</p>
      ]]></description>
      <styleUrl>#villageStyle</styleUrl>
      <MultiGeometry>
        <Point>
          <coordinates>92.99,26.773,0</coordinates>
        </Point>
        <Polygon>
          <outerBoundaryIs>
            <LinearRing>
              <coordinates>93.005,26.772,0 93.006,26.773,0 93.006,26.775,0 93.006,26.776,0 93.006,26.777,0 93.006,26.778,0 93.006,26.779,0 93.005,26.78,0 93.005,26.781,0 93.004,26.782,0 93.003,26.783,0 93.002,26.783,0 93.002,26.784,0 93.001,26.783,0 92.999,26.783,0 92.997,26.783,0 92.995,26.783,0 92.993,26.784,0 92.992,26.785,0 92.991,26.786,0 92.99,26.787,0 92.99,26.789,0 92.989,26.789,0 92.989,26.79,0 92.988,26.79,0 92.987,26.79,0 92.986,26.79,0 92.985,26.79,0 92.984,26.789,0 92.984,26.788,0 92.985,26.788,0 92.986,26.787,0 92.987,26.786,0 92.987,26.785,0 92.986,26.785,0 92.986,26.784,0 92.984,26.781,0 92.983,26.78,0 92.982,26.779,0 92.982,26.778,0 92.981,26.778,0 92.981,26.779,0 92.98,26.779,0 92.979,26.779,0 92.979,26.778,0 92.978,26.778,0 92.977,26.777,0 92.977,26.776,0 92.976,26.775,0 92.976,26.774,0 92.976,26.773,0 92.976,26.772,0 92.976,26.771,0 92.975,26.77,0 92.976,26.769,0 92.977,26.769,0 92.977,26.768,0 92.978,26.767,0 92.979,26.766,0 92.979,26.765,0 92.98,26.764,0 92.98,26.762,0 92.982,26.762,0 92.983,26.761,0 92.985,26.76,0 92.986,26.759,0 92.987,26.759,0 92.987,26.758,0 92.988,26.758,0 92.988,26.757,0 92.99,26.756,0 92.991,26.755,0 92.992,26.754,0 92.992,26.753,0 92.993,26.753,0 92.994,26.754,0 92.994,26.755,0 92.995,26.755,0 92.996,26.756,0 92.997,26.757,0 92.997,26.758,0 92.996,26.758,0 92.995,26.759,0 92.994,26.759,0 92.993,26.76,0 92.992,26.76,0 92.991,26.761,0 92.99,26.761,0 92.99,26.762,0 92.99,26.763,0 92.99,26.764,0 92.991,26.765,0 92.991,26.766,0 92.991,26.767,0 92.991,26.768,0 92.991,26.769,0 92.99,26.77,0 92.989,26.771,0 92.989,26.772,0 92.989,26.773,0 92.99,26.774,0 92.99,26.775,0 92.991,26.776,0 92.992,26.776,0 92.992,26.777,0 92.993,26.777,0 92.994,26.777,0 92.995,26.777,0 92.997,26.776,0 92.999,26.776,0 93.0,26.776,0 93.001,26.775,0 93.002,26.775,0 93.003,26.774,0 93.005,26.773,0 93.005,26.772,0</coordinates>
            </LinearRing>
          </outerBoundaryIs>
        </Polygon>
      </MultiGeometry>
    </Placemark>
    <Placemark>
      <name>No.2 Itakhola</name>
      <description><![CDATA[
        <h3>No.2 Itakhola</h3>
        <p><b>Village ID:</b> 13756<br/>
        <b>Sub-District:</b> Na-Duar<br/>
        <b>District:</b> SONITPUR<br/>
        <b>Coordinates:</b> 26.791, 92.972</p>
      ]]></description>
      <styleUrl>#villageStyle</styleUrl>
      <MultiGeometry>
        <Point>
          <coordinates>92.972,26.791,0</coordinates>
        </Point>
        <Polygon>
          <outerBoundaryIs>
            <LinearRing>
              <coordinates>92.981,26.792,0 92.979,26.793,0 92.974,26.794,0 92.971,26.794,0 92.968,26.795,0 92.966,26.796,0 92.965,26.794,0 92.965,26.793,0 92.964,26.793,0 92.965,26.792,0 92.966,26.792,0 92.967,26.792,0 92.968,26.792,0 92.969,26.792,0 92.97,26.792,0 92.971,26.792,0 92.972,26.792,0 92.973,26.792,0 92.973,26.791,0 92.973,26.79,0 92.974,26.787,0 92.976,26.787,0 92.978,26.787,0 92.979,26.787,0 92.979,26.788,0 92.98,26.789,0 92.98,26.791,0 92.981,26.792,0</coordinates>
            </LinearRing>
          </outerBoundaryIs>
        </Polygon>
      </MultiGeometry>
    </Placemark>
    <Placemark>
      <name>Barbam Gaon</name>
      <description><![CDATA[
        <h3>Barbam Gaon</h3>
        <p><b>Village ID:</b> 13758<br/>
        <b>Sub-District:</b> Na-Duar<br/>
        <b>District:</b> SONITPUR<br/>
        <b>Coordinates:</b> 26.785, 93.053</p>
      ]]></description>
      <styleUrl>#villageStyle</styleUrl>
      <MultiGeometry>
        <Point>
          <coordinates>93.053,26.785,0</coordinates>
        </Point>
        <Polygon>
          <outerBoundaryIs>
            <LinearRing>
              <coordinates>93.053,26.794,0 93.052,26.794,0 93.051,26.794,0 93.05,26.794,0 93.048,26.794,0 93.047,26.794,0 93.047,26.793,0 93.045,26.792,0 93.044,26.791,0 93.044,26.79,0 93.043,26.789,0 93.041,26.788,0 93.042,26.787,0 93.043,26.786,0 93.043,26.787,0 93.044,26.787,0 93.045,26.787,0 93.046,26.787,0 93.047,26.787,0 93.048,26.787,0 93.049,26.787,0 93.05,26.787,0 93.05,26.786,0 93.05,26.785,0 93.05,26.784,0 93.05,26.783,0 93.049,26.782,0 93.049,26.781,0 93.048,26.78,0 93.047,26.78,0 93.047,26.779,0 93.047,26.778,0 93.048,26.778,0 93.049,26.777,0 93.05,26.777,0 93.051,26.778,0 93.052,26.778,0 93.053,26.778,0 93.054,26.779,0 93.055,26.779,0 93.055,26.778,0 93.056,26.778,0 93.057,26.778,0 93.058,26.778,0 93.059,26.778,0 93.06,26.779,0 93.061,26.779,0 93.063,26.78,0 93.064,26.78,0 93.069,26.781,0 93.067,26.782,0 93.066,26.782,0 93.065,26.783,0 93.065,26.784,0 93.062,26.786,0 93.061,26.786,0 93.06,26.787,0 93.059,26.787,0 93.058,26.787,0 93.057,26.787,0 93.055,26.788,0 93.055,26.789,0 93.055,26.79,0 93.055,26.791,0 93.055,26.792,0 93.054,26.792,0 93.054,26.793,0 93.053,26.794,0</coordinates>
            </LinearRing>
          </outerBoundaryIs>
        </Polygon>
      </MultiGeometry>
    </Placemark>
    <Placemark>
      <name>Magurmara</name>
      <description><![CDATA[
        <h3>Magurmara</h3>
        <p><b>Village ID:</b> 13765<br/>
        <b>Sub-District:</b> Na-Duar<br/>
        <b>District:</b> SONITPUR<br/>
        <b>Coordinates:</b> 26.755, 93.033</p>
      ]]></description>
      <styleUrl>#villageStyle</styleUrl>
      <MultiGeometry>
        <Point>
          <coordinates>93.033,26.755,0</coordinates>
        </Point>
        <Polygon>
          <outerBoundaryIs>
            <LinearRing>
              <coordinates>93.033,26.762,0 93.032,26.762,0 93.031,26.763,0 93.029,26.764,0 93.028,26.765,0 93.027,26.765,0 93.026,26.766,0 93.025,26.766,0 93.024,26.766,0 93.022,26.767,0 93.022,26.766,0 93.021,26.765,0 93.021,26.764,0 93.021,26.763,0 93.022,26.762,0 93.023,26.761,0 93.024,26.761,0 93.025,26.76,0 93.026,26.759,0 93.027,26.759,0 93.028,26.758,0 93.029,26.758,0 93.029,26.757,0 93.03,26.757,0 93.03,26.756,0 93.031,26.756,0 93.031,26.755,0 93.032,26.755,0 93.032,26.754,0 93.032,26.753,0 93.032,26.752,0 93.033,26.751,0 93.033,26.75,0 93.033,26.749,0 93.033,26.748,0 93.034,26.747,0 93.035,26.745,0 93.035,26.744,0 93.036,26.743,0 93.037,26.742,0 93.043,26.744,0 93.046,26.744,0 93.046,26.745,0 93.045,26.745,0 93.045,26.746,0 93.045,26.747,0 93.044,26.748,0 93.044,26.75,0 93.044,26.751,0 93.044,26.752,0 93.044,26.753,0 93.042,26.753,0 93.041,26.753,0 93.039,26.751,0 93.038,26.749,0 93.037,26.751,0 93.036,26.752,0 93.035,26.755,0 93.034,26.757,0 93.033,26.758,0 93.032,26.759,0 93.032,26.76,0 93.033,26.761,0 93.033,26.762,0</coordinates>
            </LinearRing>
          </outerBoundaryIs>
        </Polygon>
      </MultiGeometry>
    </Placemark>
    <Placemark>
      <name>Solaguri</name>
      <description><![CDATA[
        <h3>Solaguri</h3>
        <p><b>Village ID:</b> 13815<br/>
        <b>Sub-District:</b> Na-Duar<br/>
        <b>District:</b> SONITPUR<br/>
        <b>Coordinates:</b> 26.758, 92.926</p>
      ]]></description>
      <styleUrl>#villageStyle</styleUrl>
      <MultiGeometry>
        <Point>
          <coordinates>92.926,26.758,0</coordinates>
        </Point>
        <Polygon>
          <outerBoundaryIs>
            <LinearRing>
              <coordinates>92.936,26.752,0 92.936,26.753,0 92.936,26.754,0 92.935,26.755,0 92.935,26.756,0 92.934,26.758,0 92.933,26.759,0 92.932,26.761,0 92.931,26.762,0 92.931,26.764,0 92.93,26.766,0 92.93,26.768,0 92.929,26.768,0 92.927,26.767,0 92.925,26.767,0 92.924,26.766,0 92.923,26.766,0 92.922,26.766,0 92.92,26.766,0 92.919,26.765,0 92.919,26.764,0 92.919,26.763,0 92.92,26.763,0 92.921,26.763,0 92.921,26.762,0 92.922,26.76,0 92.922,26.759,0 92.922,26.758,0 92.921,26.758,0 92.921,26.757,0 92.921,26.756,0 92.921,26.755,0 92.921,26.754,0 92.921,26.753,0 92.92,26.752,0 92.92,26.751,0 92.92,26.75,0 92.921,26.751,0 92.923,26.751,0 92.924,26.751,0 92.925,26.751,0 92.927,26.751,0 92.929,26.751,0 92.931,26.751,0 92.933,26.751,0 92.935,26.751,0 92.936,26.752,0</coordinates>
            </LinearRing>
          </outerBoundaryIs>
        </Polygon>
      </MultiGeometry>
    </Placemark>
    <Placemark>
      <name>Bajar Hola</name>
      <description><![CDATA[
        <h3>Bajar Hola</h3>
        <p><b>Village ID:</b> 13838<br/>
        <b>Sub-District:</b> Na-Duar<br/>
        <b>District:</b> SONITPUR<br/>
        <b>Coordinates:</b> 26.783, 93.04</p>
      ]]></description>
      <styleUrl>#villageStyle</styleUrl>
      <MultiGeometry>
        <Point>
          <coordinates>93.04,26.783,0</coordinates>
        </Point>
        <Polygon>
          <outerBoundaryIs>
            <LinearRing>
              <coordinates>93.041,26.788,0 93.041,26.789,0 93.04,26.79,0 93.04,26.791,0 93.039,26.791,0 93.039,26.792,0 93.038,26.793,0 93.036,26.793,0 93.034,26.793,0 93.032,26.793,0 93.031,26.793,0 93.031,26.792,0 93.032,26.791,0 93.032,26.79,0 93.031,26.789,0 93.031,26.788,0 93.032,26.787,0 93.033,26.787,0 93.034,26.787,0 93.034,26.786,0 93.034,26.785,0 93.034,26.784,0 93.034,26.782,0 93.034,26.781,0 93.034,26.78,0 93.034,26.779,0 93.034,26.778,0 93.034,26.777,0 93.034,26.775,0 93.034,26.774,0 93.034,26.773,0 93.035,26.772,0 93.035,26.771,0 93.036,26.771,0 93.037,26.771,0 93.038,26.771,0 93.039,26.771,0 93.04,26.771,0 93.04,26.772,0 93.041,26.773,0 93.042,26.774,0 93.043,26.775,0 93.044,26.776,0 93.045,26.776,0 93.045,26.777,0 93.046,26.777,0 93.046,26.778,0 93.047,26.778,0 93.047,26.779,0 93.047,26.78,0 93.048,26.78,0 93.049,26.781,0 93.049,26.782,0 93.05,26.783,0 93.05,26.784,0 93.05,26.785,0 93.05,26.786,0 93.05,26.787,0 93.049,26.787,0 93.048,26.787,0 93.047,26.787,0 93.046,26.787,0 93.045,26.787,0 93.044,26.787,0 93.043,26.787,0 93.043,26.786,0 93.042,26.787,0 93.041,26.788,0</coordinates>
            </LinearRing>
          </outerBoundaryIs>
        </Polygon>
      </MultiGeometry>
    </Placemark>
    <Placemark>
      <name>Un-named Block (13839)</name>
      <description><![CDATA[
        <h3>Un-named Block (13839)</h3>
        <p><b>Village ID:</b> 13839<br/>
        <b>Sub-District:</b> Na-Duar<br/>
        <b>District:</b> SONITPUR<br/>
        <b>Coordinates:</b> 26.797, 92.977</p>
      ]]></description>
      <styleUrl>#villageStyle</styleUrl>
      <MultiGeometry>
        <Point>
          <coordinates>92.977,26.797,0</coordinates>
        </Point>
        <Polygon>
          <outerBoundaryIs>
            <LinearRing>
              <coordinates>92.984,26.8,0 92.983,26.8,0 92.982,26.8,0 92.981,26.8,0 92.98,26.8,0 92.979,26.8,0 92.977,26.8,0 92.976,26.799,0 92.974,26.798,0 92.972,26.798,0 92.971,26.798,0 92.97,26.798,0 92.969,26.798,0 92.967,26.798,0 92.966,26.798,0 92.966,26.797,0 92.966,26.796,0 92.968,26.795,0 92.971,26.794,0 92.974,26.794,0 92.979,26.793,0 92.981,26.792,0 92.982,26.792,0 92.983,26.792,0 92.984,26.792,0 92.984,26.793,0 92.984,26.794,0 92.984,26.795,0 92.984,26.797,0 92.984,26.8,0</coordinates>
            </LinearRing>
          </outerBoundaryIs>
        </Polygon>
      </MultiGeometry>
    </Placemark>
    <Placemark>
      <name>Tupia Gaon</name>
      <description><![CDATA[
        <h3>Tupia Gaon</h3>
        <p><b>Village ID:</b> 14093<br/>
        <b>Sub-District:</b> Na-Duar<br/>
        <b>District:</b> SONITPUR<br/>
        <b>Coordinates:</b> 26.805, 92.914</p>
      ]]></description>
      <styleUrl>#villageStyle</styleUrl>
      <MultiGeometry>
        <Point>
          <coordinates>92.914,26.805,0</coordinates>
        </Point>
        <Polygon>
          <outerBoundaryIs>
            <LinearRing>
              <coordinates>92.925,26.813,0 92.924,26.813,0 92.923,26.813,0 92.922,26.813,0 92.916,26.813,0 92.908,26.813,0 92.908,26.812,0 92.908,26.811,0 92.907,26.81,0 92.906,26.81,0 92.906,26.809,0 92.907,26.808,0 92.908,26.807,0 92.908,26.806,0 92.908,26.805,0 92.907,26.804,0 92.907,26.803,0 92.908,26.803,0 92.908,26.802,0 92.908,26.8,0 92.908,26.798,0 92.908,26.796,0 92.909,26.796,0 92.91,26.796,0 92.911,26.796,0 92.911,26.798,0 92.911,26.799,0 92.911,26.8,0 92.911,26.801,0 92.912,26.801,0 92.914,26.801,0 92.916,26.802,0 92.917,26.802,0 92.918,26.803,0 92.921,26.804,0 92.922,26.804,0 92.923,26.803,0 92.924,26.803,0 92.926,26.803,0 92.927,26.803,0 92.926,26.806,0 92.926,26.811,0 92.925,26.812,0 92.925,26.813,0</coordinates>
            </LinearRing>
          </outerBoundaryIs>
        </Polygon>
      </MultiGeometry>
    </Placemark>
    <Placemark>
      <name>Na-Bil</name>
      <description><![CDATA[
        <h3>Na-Bil</h3>
        <p><b>Village ID:</b> 14104<br/>
        <b>Sub-District:</b> Na-Duar<br/>
        <b>District:</b> SONITPUR<br/>
        <b>Coordinates:</b> 26.811, 92.9</p>
      ]]></description>
      <styleUrl>#villageStyle</styleUrl>
      <MultiGeometry>
        <Point>
          <coordinates>92.9,26.811,0</coordinates>
        </Point>
        <Polygon>
          <outerBoundaryIs>
            <LinearRing>
              <coordinates>92.909,26.826,0 92.908,26.827,0 92.907,26.827,0 92.906,26.825,0 92.905,26.824,0 92.905,26.823,0 92.903,26.823,0 92.901,26.822,0 92.899,26.821,0 92.899,26.82,0 92.897,26.819,0 92.896,26.818,0 92.895,26.817,0 92.894,26.816,0 92.895,26.815,0 92.895,26.813,0 92.895,26.809,0 92.895,26.808,0 92.892,26.808,0 92.89,26.808,0 92.887,26.808,0 92.886,26.808,0 92.887,26.806,0 92.887,26.805,0 92.888,26.804,0 92.889,26.804,0 92.89,26.804,0 92.891,26.804,0 92.893,26.805,0 92.895,26.805,0 92.896,26.805,0 92.897,26.805,0 92.898,26.803,0 92.9,26.802,0 92.901,26.802,0 92.902,26.802,0 92.904,26.803,0 92.905,26.804,0 92.906,26.804,0 92.907,26.803,0 92.907,26.804,0 92.908,26.805,0 92.908,26.806,0 92.908,26.807,0 92.907,26.808,0 92.906,26.809,0 92.906,26.81,0 92.907,26.81,0 92.908,26.811,0 92.908,26.812,0 92.908,26.813,0 92.908,26.814,0 92.908,26.816,0 92.909,26.819,0 92.909,26.826,0</coordinates>
            </LinearRing>
          </outerBoundaryIs>
        </Polygon>
      </MultiGeometry>
    </Placemark>
    <Placemark>
      <name>Tengabasti</name>
      <description><![CDATA[
        <h3>Tengabasti</h3>
        <p><b>Village ID:</b> 14105<br/>
        <b>Sub-District:</b> Na-Duar<br/>
        <b>District:</b> SONITPUR<br/>
        <b>Coordinates:</b> 26.805, 92.957</p>
      ]]></description>
      <styleUrl>#villageStyle</styleUrl>
      <MultiGeometry>
        <Point>
          <coordinates>92.957,26.805,0</coordinates>
        </Point>
        <Polygon>
          <outerBoundaryIs>
            <LinearRing>
              <coordinates>92.965,26.809,0 92.964,26.81,0 92.963,26.811,0 92.962,26.811,0 92.961,26.811,0 92.959,26.812,0 92.958,26.812,0 92.958,26.813,0 92.958,26.814,0 92.958,26.815,0 92.957,26.815,0 92.957,26.816,0 92.956,26.816,0 92.955,26.816,0 92.953,26.814,0 92.953,26.813,0 92.952,26.812,0 92.952,26.811,0 92.952,26.81,0 92.951,26.809,0 92.951,26.808,0 92.95,26.807,0 92.949,26.807,0 92.948,26.807,0 92.947,26.806,0 92.946,26.806,0 92.946,26.805,0 92.947,26.805,0 92.948,26.804,0 92.949,26.804,0 92.95,26.803,0 92.95,26.802,0 92.951,26.801,0 92.952,26.8,0 92.953,26.8,0 92.954,26.8,0 92.955,26.8,0 92.956,26.8,0 92.957,26.799,0 92.958,26.799,0 92.958,26.798,0 92.958,26.797,0 92.958,26.796,0 92.958,26.795,0 92.958,26.794,0 92.959,26.795,0 92.961,26.796,0 92.962,26.797,0 92.964,26.797,0 92.965,26.798,0 92.966,26.798,0 92.966,26.799,0 92.966,26.8,0 92.966,26.801,0 92.966,26.802,0 92.966,26.803,0 92.966,26.804,0 92.966,26.806,0 92.966,26.807,0 92.965,26.807,0 92.965,26.808,0 92.965,26.809,0</coordinates>
            </LinearRing>
          </outerBoundaryIs>
        </Polygon>
      </MultiGeometry>
    </Placemark>
    <Placemark>
      <name>Un-named Block (14164)</name>
      <description><![CDATA[
        <h3>Un-named Block (14164)</h3>
        <p><b>Village ID:</b> 14164<br/>
        <b>Sub-District:</b> Na-Duar<br/>
        <b>District:</b> SONITPUR<br/>
        <b>Coordinates:</b> 26.809, 93.0</p>
      ]]></description>
      <styleUrl>#villageStyle</styleUrl>
      <MultiGeometry>
        <Point>
          <coordinates>93.0,26.809,0</coordinates>
        </Point>
        <Polygon>
          <outerBoundaryIs>
            <LinearRing>
              <coordinates>93.004,26.813,0 93.003,26.813,0 93.001,26.813,0 93.0,26.813,0 92.998,26.813,0 92.996,26.813,0 92.995,26.813,0 92.995,26.812,0 92.994,26.808,0 92.993,26.804,0 92.995,26.804,0 92.997,26.804,0 92.998,26.804,0 93.0,26.804,0 93.001,26.804,0 93.002,26.804,0 93.002,26.805,0 93.003,26.806,0 93.003,26.809,0 93.003,26.811,0 93.004,26.812,0 93.004,26.813,0</coordinates>
            </LinearRing>
          </outerBoundaryIs>
        </Polygon>
      </MultiGeometry>
    </Placemark>
    <Placemark>
      <name>Un-named Block (14165)</name>
      <description><![CDATA[
        <h3>Un-named Block (14165)</h3>
        <p><b>Village ID:</b> 14165<br/>
        <b>Sub-District:</b> Na-Duar<br/>
        <b>District:</b> SONITPUR<br/>
        <b>Coordinates:</b> 26.812, 92.982</p>
      ]]></description>
      <styleUrl>#villageStyle</styleUrl>
      <MultiGeometry>
        <Point>
          <coordinates>92.982,26.812,0</coordinates>
        </Point>
        <Polygon>
          <outerBoundaryIs>
            <LinearRing>
              <coordinates>92.984,26.813,0 92.984,26.814,0 92.983,26.814,0 92.982,26.814,0 92.98,26.815,0 92.978,26.816,0 92.977,26.816,0 92.977,26.815,0 92.978,26.815,0 92.979,26.814,0 92.98,26.814,0 92.981,26.814,0 92.981,26.813,0 92.982,26.812,0 92.981,26.811,0 92.98,26.811,0 92.98,26.81,0 92.979,26.809,0 92.979,26.808,0 92.98,26.807,0 92.981,26.807,0 92.982,26.807,0 92.983,26.807,0 92.984,26.808,0 92.985,26.808,0 92.986,26.809,0 92.986,26.81,0 92.985,26.811,0 92.985,26.812,0 92.985,26.813,0 92.984,26.813,0</coordinates>
            </LinearRing>
          </outerBoundaryIs>
        </Polygon>
      </MultiGeometry>
    </Placemark>
    <Placemark>
      <name>Balijan</name>
      <description><![CDATA[
        <h3>Balijan</h3>
        <p><b>Village ID:</b> 14169<br/>
        <b>Sub-District:</b> Na-Duar<br/>
        <b>District:</b> SONITPUR<br/>
        <b>Coordinates:</b> 26.805, 93.042</p>
      ]]></description>
      <styleUrl>#villageStyle</styleUrl>
      <MultiGeometry>
        <Point>
          <coordinates>93.042,26.805,0</coordinates>
        </Point>
        <Polygon>
          <outerBoundaryIs>
            <LinearRing>
              <coordinates>93.048,26.811,0 93.046,26.811,0 93.044,26.811,0 93.042,26.811,0 93.04,26.811,0 93.039,26.811,0 93.038,26.811,0 93.035,26.812,0 93.035,26.811,0 93.034,26.809,0 93.034,26.807,0 93.033,26.806,0 93.033,26.805,0 93.033,26.804,0 93.033,26.803,0 93.034,26.801,0 93.035,26.8,0 93.035,26.799,0 93.036,26.797,0 93.036,26.796,0 93.037,26.797,0 93.039,26.798,0 93.04,26.798,0 93.041,26.799,0 93.042,26.799,0 93.044,26.799,0 93.045,26.8,0 93.046,26.801,0 93.047,26.802,0 93.047,26.803,0 93.048,26.804,0 93.049,26.804,0 93.049,26.805,0 93.05,26.805,0 93.05,26.806,0 93.05,26.807,0 93.05,26.808,0 93.049,26.808,0 93.049,26.809,0 93.049,26.81,0 93.048,26.811,0</coordinates>
            </LinearRing>
          </outerBoundaryIs>
        </Polygon>
      </MultiGeometry>
    </Placemark>
    <Placemark>
      <name>No.1 Itakhola</name>
      <description><![CDATA[
        <h3>No.1 Itakhola</h3>
        <p><b>Village ID:</b> 14173<br/>
        <b>Sub-District:</b> Na-Duar<br/>
        <b>District:</b> SONITPUR<br/>
        <b>Coordinates:</b> 26.807, 92.976</p>
      ]]></description>
      <styleUrl>#villageStyle</styleUrl>
      <MultiGeometry>
        <Point>
          <coordinates>92.976,26.807,0</coordinates>
        </Point>
        <Polygon>
          <outerBoundaryIs>
            <LinearRing>
              <coordinates>92.977,26.816,0 92.976,26.817,0 92.976,26.818,0 92.976,26.819,0 92.975,26.819,0 92.975,26.82,0 92.974,26.82,0 92.974,26.819,0 92.974,26.818,0 92.973,26.816,0 92.973,26.814,0 92.972,26.812,0 92.971,26.809,0 92.971,26.808,0 92.97,26.807,0 92.968,26.808,0 92.967,26.808,0 92.966,26.809,0 92.965,26.809,0 92.965,26.808,0 92.965,26.807,0 92.966,26.807,0 92.966,26.806,0 92.966,26.804,0 92.966,26.803,0 92.966,26.802,0 92.966,26.801,0 92.966,26.8,0 92.966,26.799,0 92.966,26.798,0 92.967,26.798,0 92.969,26.798,0 92.97,26.798,0 92.971,26.798,0 92.972,26.798,0 92.974,26.798,0 92.976,26.799,0 92.977,26.8,0 92.979,26.8,0 92.98,26.8,0 92.981,26.8,0 92.982,26.8,0 92.983,26.8,0 92.984,26.8,0 92.984,26.801,0 92.984,26.802,0 92.984,26.803,0 92.984,26.804,0 92.985,26.805,0 92.985,26.806,0 92.985,26.807,0 92.986,26.807,0 92.986,26.808,0 92.986,26.809,0 92.985,26.808,0 92.984,26.808,0 92.983,26.807,0 92.982,26.807,0 92.981,26.807,0 92.98,26.807,0 92.979,26.808,0 92.979,26.809,0 92.98,26.81,0 92.98,26.811,0 92.981,26.811,0 92.982,26.812,0 92.981,26.813,0 92.981,26.814,0 92.98,26.814,0 92.979,26.814,0 92.978,26.815,0 92.977,26.815,0 92.977,26.816,0</coordinates>
            </LinearRing>
          </outerBoundaryIs>
        </Polygon>
      </MultiGeometry>
    </Placemark>
    <Placemark>
      <name>Un-named Block (14176)</name>
      <description><![CDATA[
        <h3>Un-named Block (14176)</h3>
        <p><b>Village ID:</b> 14176<br/>
        <b>Sub-District:</b> Na-Duar<br/>
        <b>District:</b> SONITPUR<br/>
        <b>Coordinates:</b> 26.828, 93.043</p>
      ]]></description>
      <styleUrl>#villageStyle</styleUrl>
      <MultiGeometry>
        <Point>
          <coordinates>93.043,26.828,0</coordinates>
        </Point>
        <Polygon>
          <outerBoundaryIs>
            <LinearRing>
              <coordinates>93.048,26.825,0 93.047,26.825,0 93.047,26.826,0 93.047,26.827,0 93.047,26.828,0 93.047,26.83,0 93.047,26.831,0 93.046,26.831,0 93.046,26.832,0 93.045,26.832,0 93.044,26.832,0 93.043,26.832,0 93.041,26.832,0 93.04,26.833,0 93.038,26.833,0 93.038,26.832,0 93.038,26.831,0 93.037,26.83,0 93.037,26.828,0 93.036,26.826,0 93.036,26.824,0 93.037,26.824,0 93.039,26.824,0 93.042,26.824,0 93.043,26.824,0 93.045,26.824,0 93.047,26.825,0 93.048,26.825,0</coordinates>
            </LinearRing>
          </outerBoundaryIs>
        </Polygon>
      </MultiGeometry>
    </Placemark>
    <Placemark>
      <name>Baliati</name>
      <description><![CDATA[
        <h3>Baliati</h3>
        <p><b>Village ID:</b> 14201<br/>
        <b>Sub-District:</b> Na-Duar<br/>
        <b>District:</b> SONITPUR<br/>
        <b>Coordinates:</b> 26.805, 92.933</p>
      ]]></description>
      <styleUrl>#villageStyle</styleUrl>
      <MultiGeometry>
        <Point>
          <coordinates>92.933,26.805,0</coordinates>
        </Point>
        <Polygon>
          <outerBoundaryIs>
            <LinearRing>
              <coordinates>92.939,26.804,0 92.937,26.805,0 92.936,26.806,0 92.934,26.807,0 92.932,26.808,0 92.929,26.809,0 92.927,26.811,0 92.925,26.812,0 92.926,26.811,0 92.926,26.806,0 92.927,26.803,0 92.929,26.802,0 92.93,26.802,0 92.932,26.801,0 92.933,26.801,0 92.935,26.801,0 92.936,26.801,0 92.937,26.801,0 92.937,26.802,0 92.938,26.802,0 92.939,26.803,0 92.939,26.804,0</coordinates>
            </LinearRing>
          </outerBoundaryIs>
        </Polygon>
      </MultiGeometry>
    </Placemark>
    <Placemark>
      <name>Chamaguri</name>
      <description><![CDATA[
        <h3>Chamaguri</h3>
        <p><b>Village ID:</b> 14204<br/>
        <b>Sub-District:</b> Na-Duar<br/>
        <b>District:</b> SONITPUR<br/>
        <b>Coordinates:</b> 26.804, 93.051</p>
      ]]></description>
      <styleUrl>#villageStyle</styleUrl>
      <MultiGeometry>
        <Point>
          <coordinates>93.051,26.804,0</coordinates>
        </Point>
        <Polygon>
          <outerBoundaryIs>
            <LinearRing>
              <coordinates>93.05,26.813,0 93.05,26.814,0 93.049,26.814,0 93.048,26.814,0 93.048,26.813,0 93.048,26.812,0 93.048,26.811,0 93.049,26.81,0 93.049,26.809,0 93.049,26.808,0 93.05,26.808,0 93.05,26.807,0 93.05,26.806,0 93.05,26.805,0 93.049,26.805,0 93.049,26.804,0 93.048,26.804,0 93.047,26.803,0 93.047,26.802,0 93.046,26.801,0 93.045,26.8,0 93.044,26.799,0 93.045,26.799,0 93.045,26.798,0 93.046,26.798,0 93.046,26.797,0 93.046,26.796,0 93.047,26.794,0 93.048,26.794,0 93.05,26.794,0 93.051,26.794,0 93.052,26.794,0 93.053,26.794,0 93.055,26.794,0 93.056,26.794,0 93.057,26.794,0 93.057,26.795,0 93.058,26.795,0 93.058,26.796,0 93.058,26.797,0 93.06,26.801,0 93.059,26.801,0 93.059,26.802,0 93.058,26.803,0 93.058,26.804,0 93.058,26.805,0 93.057,26.805,0 93.055,26.806,0 93.054,26.807,0 93.053,26.807,0 93.053,26.808,0 93.052,26.808,0 93.052,26.809,0 93.052,26.81,0 93.051,26.811,0 93.051,26.812,0 93.051,26.813,0 93.05,26.813,0</coordinates>
            </LinearRing>
          </outerBoundaryIs>
        </Polygon>
      </MultiGeometry>
    </Placemark>
    <Placemark>
      <name>No.1 Chenga Mari</name>
      <description><![CDATA[
        <h3>No.1 Chenga Mari</h3>
        <p><b>Village ID:</b> 14205<br/>
        <b>Sub-District:</b> Na-Duar<br/>
        <b>District:</b> SONITPUR<br/>
        <b>Coordinates:</b> 26.809, 93.024</p>
      ]]></description>
      <styleUrl>#villageStyle</styleUrl>
      <MultiGeometry>
        <Point>
          <coordinates>93.024,26.809,0</coordinates>
        </Point>
        <Polygon>
          <outerBoundaryIs>
            <LinearRing>
              <coordinates>93.034,26.815,0 93.032,26.815,0 93.031,26.815,0 93.03,26.815,0 93.028,26.816,0 93.027,26.816,0 93.024,26.816,0 93.021,26.817,0 93.02,26.817,0 93.019,26.818,0 93.018,26.818,0 93.018,26.817,0 93.018,26.816,0 93.018,26.815,0 93.018,26.814,0 93.018,26.813,0 93.018,26.812,0 93.017,26.811,0 93.017,26.809,0 93.017,26.808,0 93.017,26.806,0 93.017,26.804,0 93.016,26.803,0 93.016,26.802,0 93.017,26.802,0 93.018,26.802,0 93.019,26.802,0 93.02,26.802,0 93.02,26.803,0 93.021,26.803,0 93.022,26.804,0 93.023,26.804,0 93.024,26.804,0 93.025,26.804,0 93.026,26.804,0 93.028,26.804,0 93.03,26.804,0 93.032,26.804,0 93.033,26.804,0 93.033,26.805,0 93.033,26.806,0 93.034,26.807,0 93.034,26.809,0 93.035,26.811,0 93.035,26.812,0 93.035,26.813,0 93.034,26.815,0</coordinates>
            </LinearRing>
          </outerBoundaryIs>
        </Polygon>
      </MultiGeometry>
    </Placemark>
    <Placemark>
      <name>Un-named Block (14218)</name>
      <description><![CDATA[
        <h3>Un-named Block (14218)</h3>
        <p><b>Village ID:</b> 14218<br/>
        <b>Sub-District:</b> Na-Duar<br/>
        <b>District:</b> SONITPUR<br/>
        <b>Coordinates:</b> 26.819, 92.949</p>
      ]]></description>
      <styleUrl>#villageStyle</styleUrl>
      <MultiGeometry>
        <Point>
          <coordinates>92.949,26.819,0</coordinates>
        </Point>
        <Polygon>
          <outerBoundaryIs>
            <LinearRing>
              <coordinates>92.965,26.831,0 92.964,26.831,0 92.962,26.831,0 92.96,26.831,0 92.959,26.831,0 92.957,26.831,0 92.955,26.831,0 92.954,26.829,0 92.953,26.828,0 92.952,26.828,0 92.952,26.827,0 92.951,26.827,0 92.951,26.826,0 92.95,26.826,0 92.949,26.826,0 92.949,26.825,0 92.948,26.825,0 92.947,26.825,0 92.946,26.825,0 92.945,26.826,0 92.944,26.826,0 92.943,26.826,0 92.942,26.827,0 92.941,26.827,0 92.94,26.827,0 92.94,26.826,0 92.94,26.825,0 92.94,26.824,0 92.939,26.823,0 92.939,26.822,0 92.94,26.822,0 92.94,26.821,0 92.941,26.821,0 92.942,26.822,0 92.943,26.822,0 92.944,26.822,0 92.945,26.822,0 92.946,26.822,0 92.947,26.821,0 92.947,26.82,0 92.947,26.819,0 92.946,26.818,0 92.946,26.817,0 92.946,26.816,0 92.946,26.815,0 92.946,26.814,0 92.946,26.813,0 92.945,26.813,0 92.944,26.812,0 92.944,26.811,0 92.943,26.81,0 92.943,26.809,0 92.943,26.808,0 92.943,26.807,0 92.943,26.806,0 92.944,26.806,0 92.944,26.805,0 92.945,26.805,0 92.946,26.804,0 92.947,26.804,0 92.948,26.804,0 92.947,26.805,0 92.946,26.805,0 92.946,26.806,0 92.947,26.806,0 92.948,26.807,0 92.949,26.807,0 92.95,26.807,0 92.951,26.808,0 92.951,26.809,0 92.952,26.81,0 92.952,26.811,0 92.952,26.812,0 92.953,26.813,0 92.953,26.814,0 92.955,26.816,0 92.956,26.816,0 92.956,26.817,0 92.956,26.818,0 92.957,26.82,0 92.958,26.821,0 92.959,26.823,0 92.96,26.825,0 92.961,26.827,0 92.962,26.828,0 92.963,26.829,0 92.964,26.83,0 92.965,26.831,0</coordinates>
            </LinearRing>
          </outerBoundaryIs>
        </Polygon>
      </MultiGeometry>
    </Placemark>
    <Placemark>
      <name>Un-named Block (14219)</name>
      <description><![CDATA[
        <h3>Un-named Block (14219)</h3>
        <p><b>Village ID:</b> 14219<br/>
        <b>Sub-District:</b> Na-Duar<br/>
        <b>District:</b> SONITPUR<br/>
        <b>Coordinates:</b> 26.818, 93.045</p>
      ]]></description>
      <styleUrl>#villageStyle</styleUrl>
      <MultiGeometry>
        <Point>
          <coordinates>93.045,26.818,0</coordinates>
        </Point>
        <Polygon>
          <outerBoundaryIs>
            <LinearRing>
              <coordinates>93.049,26.825,0 93.048,26.825,0 93.047,26.825,0 93.045,26.824,0 93.043,26.824,0 93.042,26.824,0 93.039,26.824,0 93.037,26.824,0 93.036,26.824,0 93.035,26.821,0 93.034,26.819,0 93.034,26.818,0 93.034,26.815,0 93.035,26.813,0 93.035,26.812,0 93.038,26.811,0 93.039,26.811,0 93.04,26.811,0 93.042,26.811,0 93.044,26.811,0 93.046,26.811,0 93.048,26.811,0 93.048,26.812,0 93.048,26.813,0 93.048,26.814,0 93.049,26.814,0 93.05,26.814,0 93.05,26.813,0 93.05,26.814,0 93.051,26.814,0 93.052,26.815,0 93.052,26.816,0 93.053,26.816,0 93.053,26.817,0 93.053,26.818,0 93.053,26.819,0 93.052,26.82,0 93.052,26.821,0 93.051,26.822,0 93.05,26.823,0 93.049,26.824,0 93.049,26.825,0</coordinates>
            </LinearRing>
          </outerBoundaryIs>
        </Polygon>
      </MultiGeometry>
    </Placemark>
    <Placemark>
      <name>Un-named Block (14220)</name>
      <description><![CDATA[
        <h3>Un-named Block (14220)</h3>
        <p><b>Village ID:</b> 14220<br/>
        <b>Sub-District:</b> Na-Duar<br/>
        <b>District:</b> SONITPUR<br/>
        <b>Coordinates:</b> 26.817, 93.053</p>
      ]]></description>
      <styleUrl>#villageStyle</styleUrl>
      <MultiGeometry>
        <Point>
          <coordinates>93.053,26.817,0</coordinates>
        </Point>
        <Polygon>
          <outerBoundaryIs>
            <LinearRing>
              <coordinates>93.053,26.808,0 93.053,26.809,0 93.053,26.811,0 93.053,26.812,0 93.053,26.813,0 93.053,26.814,0 93.054,26.814,0 93.054,26.815,0 93.056,26.815,0 93.056,26.816,0 93.057,26.816,0 93.058,26.817,0 93.059,26.819,0 93.059,26.82,0 93.058,26.821,0 93.058,26.822,0 93.057,26.823,0 93.056,26.823,0 93.055,26.823,0 93.054,26.823,0 93.053,26.824,0 93.051,26.824,0 93.05,26.825,0 93.049,26.825,0 93.049,26.824,0 93.05,26.823,0 93.051,26.822,0 93.052,26.821,0 93.052,26.82,0 93.053,26.819,0 93.053,26.818,0 93.053,26.817,0 93.053,26.816,0 93.052,26.816,0 93.052,26.815,0 93.051,26.814,0 93.05,26.814,0 93.05,26.813,0 93.051,26.813,0 93.051,26.812,0 93.051,26.811,0 93.052,26.81,0 93.052,26.809,0 93.052,26.808,0 93.053,26.808,0</coordinates>
            </LinearRing>
          </outerBoundaryIs>
        </Polygon>
      </MultiGeometry>
    </Placemark>
    <Placemark>
      <name>Bogabil</name>
      <description><![CDATA[
        <h3>Bogabil</h3>
        <p><b>Village ID:</b> 14235<br/>
        <b>Sub-District:</b> Na-Duar<br/>
        <b>District:</b> SONITPUR<br/>
        <b>Coordinates:</b> 26.799, 92.898</p>
      ]]></description>
      <styleUrl>#villageStyle</styleUrl>
      <MultiGeometry>
        <Point>
          <coordinates>92.898,26.799,0</coordinates>
        </Point>
        <Polygon>
          <outerBoundaryIs>
            <LinearRing>
              <coordinates>92.907,26.803,0 92.906,26.804,0 92.905,26.804,0 92.904,26.803,0 92.902,26.802,0 92.901,26.802,0 92.9,26.802,0 92.898,26.803,0 92.897,26.805,0 92.896,26.805,0 92.895,26.805,0 92.893,26.805,0 92.891,26.804,0 92.89,26.804,0 92.889,26.804,0 92.888,26.804,0 92.888,26.802,0 92.888,26.801,0 92.888,26.798,0 92.888,26.797,0 92.888,26.796,0 92.888,26.795,0 92.889,26.794,0 92.89,26.794,0 92.892,26.794,0 92.893,26.793,0 92.894,26.793,0 92.896,26.794,0 92.898,26.794,0 92.9,26.793,0 92.902,26.794,0 92.904,26.794,0 92.906,26.795,0 92.907,26.796,0 92.908,26.796,0 92.908,26.798,0 92.908,26.8,0 92.908,26.802,0 92.908,26.803,0 92.907,26.803,0</coordinates>
            </LinearRing>
          </outerBoundaryIs>
        </Polygon>
      </MultiGeometry>
    </Placemark>
    <Placemark>
      <name>Bamun Gaon</name>
      <description><![CDATA[
        <h3>Bamun Gaon</h3>
        <p><b>Village ID:</b> 14254<br/>
        <b>Sub-District:</b> Na-Duar<br/>
        <b>District:</b> SONITPUR<br/>
        <b>Coordinates:</b> 26.825, 92.886</p>
      ]]></description>
      <styleUrl>#villageStyle</styleUrl>
      <MultiGeometry>
        <Point>
          <coordinates>92.886,26.825,0</coordinates>
        </Point>
        <Polygon>
          <outerBoundaryIs>
            <LinearRing>
              <coordinates>92.894,26.831,0 92.893,26.831,0 92.892,26.832,0 92.891,26.832,0 92.89,26.832,0 92.888,26.831,0 92.887,26.831,0 92.886,26.831,0 92.885,26.831,0 92.885,26.832,0 92.884,26.832,0 92.883,26.832,0 92.882,26.832,0 92.881,26.832,0 92.88,26.832,0 92.879,26.832,0 92.879,26.831,0 92.879,26.83,0 92.879,26.829,0 92.878,26.828,0 92.878,26.827,0 92.878,26.826,0 92.877,26.824,0 92.877,26.823,0 92.877,26.822,0 92.877,26.821,0 92.876,26.82,0 92.876,26.817,0 92.877,26.817,0 92.878,26.817,0 92.881,26.817,0 92.883,26.817,0 92.887,26.817,0 92.888,26.817,0 92.89,26.817,0 92.892,26.817,0 92.894,26.817,0 92.894,26.818,0 92.895,26.819,0 92.895,26.82,0 92.895,26.821,0 92.895,26.822,0 92.895,26.823,0 92.895,26.824,0 92.895,26.825,0 92.894,26.826,0 92.894,26.827,0 92.894,26.828,0 92.894,26.829,0 92.894,26.83,0 92.894,26.831,0</coordinates>
            </LinearRing>
          </outerBoundaryIs>
        </Polygon>
      </MultiGeometry>
    </Placemark>
    <Placemark>
      <name>Dhalai Bil</name>
      <description><![CDATA[
        <h3>Dhalai Bil</h3>
        <p><b>Village ID:</b> 14278<br/>
        <b>Sub-District:</b> Na-Duar<br/>
        <b>District:</b> SONITPUR<br/>
        <b>Coordinates:</b> 26.799, 92.92</p>
      ]]></description>
      <styleUrl>#villageStyle</styleUrl>
      <MultiGeometry>
        <Point>
          <coordinates>92.92,26.799,0</coordinates>
        </Point>
        <Polygon>
          <outerBoundaryIs>
            <LinearRing>
              <coordinates>92.927,26.803,0 92.926,26.803,0 92.924,26.803,0 92.923,26.803,0 92.922,26.804,0 92.921,26.804,0 92.918,26.803,0 92.917,26.802,0 92.916,26.802,0 92.914,26.801,0 92.912,26.801,0 92.911,26.801,0 92.911,26.8,0 92.911,26.799,0 92.911,26.798,0 92.911,26.796,0 92.911,26.795,0 92.911,26.794,0 92.913,26.794,0 92.916,26.794,0 92.919,26.794,0 92.921,26.794,0 92.922,26.794,0 92.924,26.794,0 92.924,26.796,0 92.925,26.798,0 92.925,26.799,0 92.926,26.799,0 92.927,26.8,0 92.928,26.8,0 92.927,26.801,0 92.927,26.802,0 92.928,26.802,0 92.929,26.802,0 92.927,26.803,0</coordinates>
            </LinearRing>
          </outerBoundaryIs>
        </Polygon>
      </MultiGeometry>
    </Placemark>
    <Placemark>
      <name>Chengamari</name>
      <description><![CDATA[
        <h3>Chengamari</h3>
        <p><b>Village ID:</b> 14281<br/>
        <b>Sub-District:</b> Na-Duar<br/>
        <b>District:</b> SONITPUR<br/>
        <b>Coordinates:</b> 26.79, 92.999</p>
      ]]></description>
      <styleUrl>#villageStyle</styleUrl>
      <MultiGeometry>
        <Point>
          <coordinates>92.999,26.79,0</coordinates>
        </Point>
        <Polygon>
          <outerBoundaryIs>
            <LinearRing>
              <coordinates>92.992,26.8,0 92.992,26.801,0 92.991,26.802,0 92.99,26.803,0 92.989,26.803,0 92.989,26.804,0 92.988,26.804,0 92.987,26.804,0 92.986,26.804,0 92.986,26.805,0 92.986,26.806,0 92.986,26.807,0 92.986,26.808,0 92.987,26.808,0 92.987,26.809,0 92.986,26.809,0 92.986,26.808,0 92.986,26.807,0 92.985,26.807,0 92.985,26.806,0 92.985,26.805,0 92.984,26.804,0 92.984,26.803,0 92.984,26.802,0 92.984,26.801,0 92.984,26.8,0 92.984,26.797,0 92.984,26.795,0 92.984,26.794,0 92.984,26.793,0 92.984,26.792,0 92.984,26.79,0 92.984,26.789,0 92.985,26.79,0 92.986,26.79,0 92.987,26.79,0 92.988,26.79,0 92.989,26.79,0 92.989,26.789,0 92.99,26.789,0 92.99,26.787,0 92.991,26.786,0 92.992,26.785,0 92.993,26.784,0 92.995,26.783,0 92.997,26.783,0 92.999,26.783,0 93.001,26.783,0 93.002,26.784,0 93.002,26.783,0 93.003,26.783,0 93.004,26.782,0 93.005,26.781,0 93.005,26.78,0 93.006,26.779,0 93.006,26.778,0 93.006,26.777,0 93.006,26.776,0 93.006,26.775,0 93.006,26.773,0 93.005,26.772,0 93.006,26.771,0 93.007,26.77,0 93.008,26.769,0 93.008,26.768,0 93.009,26.768,0 93.01,26.768,0 93.011,26.769,0 93.012,26.77,0 93.013,26.771,0 93.014,26.773,0 93.016,26.774,0 93.016,26.775,0 93.016,26.776,0 93.016,26.777,0 93.015,26.778,0 93.015,26.779,0 93.015,26.78,0 93.015,26.781,0 93.015,26.782,0 93.015,26.783,0 93.015,26.784,0 93.014,26.786,0 93.014,26.787,0 93.014,26.788,0 93.014,26.789,0 93.014,26.79,0 93.014,26.791,0 93.014,26.792,0 93.013,26.792,0 93.012,26.793,0 93.011,26.793,0 93.01,26.793,0 93.009,26.793,0 93.008,26.793,0 93.007,26.793,0 93.006,26.794,0 93.004,26.794,0 93.002,26.794,0 93.001,26.795,0 93.001,26.796,0 93.001,26.797,0 93.0,26.798,0 92.999,26.799,0 92.999,26.798,0 92.999,26.797,0 92.998,26.796,0 92.998,26.795,0 92.997,26.795,0 92.995,26.796,0 92.994,26.797,0 92.993,26.798,0 92.992,26.799,0 92.992,26.8,0</coordinates>
            </LinearRing>
          </outerBoundaryIs>
        </Polygon>
      </MultiGeometry>
    </Placemark>
    <Placemark>
      <name>Bangali Gaon</name>
      <description><![CDATA[
        <h3>Bangali Gaon</h3>
        <p><b>Village ID:</b> 14282<br/>
        <b>Sub-District:</b> Na-Duar<br/>
        <b>District:</b> SONITPUR<br/>
        <b>Coordinates:</b> 26.797, 92.953</p>
      ]]></description>
      <styleUrl>#villageStyle</styleUrl>
      <MultiGeometry>
        <Point>
          <coordinates>92.953,26.797,0</coordinates>
        </Point>
        <Polygon>
          <outerBoundaryIs>
            <LinearRing>
              <coordinates>92.958,26.794,0 92.958,26.795,0 92.958,26.796,0 92.958,26.797,0 92.958,26.798,0 92.958,26.799,0 92.957,26.799,0 92.956,26.8,0 92.955,26.8,0 92.954,26.8,0 92.953,26.8,0 92.952,26.8,0 92.951,26.801,0 92.95,26.802,0 92.95,26.803,0 92.95,26.802,0 92.949,26.801,0 92.948,26.799,0 92.948,26.798,0 92.947,26.796,0 92.947,26.795,0 92.947,26.793,0 92.947,26.792,0 92.95,26.792,0 92.951,26.792,0 92.952,26.792,0 92.954,26.793,0 92.955,26.793,0 92.957,26.794,0 92.958,26.794,0</coordinates>
            </LinearRing>
          </outerBoundaryIs>
        </Polygon>
      </MultiGeometry>
    </Placemark>
    <Placemark>
      <name>Tarajan</name>
      <description><![CDATA[
        <h3>Tarajan</h3>
        <p><b>Village ID:</b> 14283<br/>
        <b>Sub-District:</b> Na-Duar<br/>
        <b>District:</b> SONITPUR<br/>
        <b>Coordinates:</b> 26.8, 92.883</p>
      ]]></description>
      <styleUrl>#villageStyle</styleUrl>
      <MultiGeometry>
        <Point>
          <coordinates>92.883,26.8,0</coordinates>
        </Point>
        <Polygon>
          <outerBoundaryIs>
            <LinearRing>
              <coordinates>92.886,26.808,0 92.885,26.809,0 92.884,26.809,0 92.883,26.809,0 92.881,26.809,0 92.88,26.809,0 92.878,26.809,0 92.878,26.808,0 92.878,26.806,0 92.877,26.805,0 92.877,26.804,0 92.877,26.803,0 92.877,26.802,0 92.877,26.8,0 92.877,26.799,0 92.878,26.798,0 92.879,26.797,0 92.88,26.797,0 92.88,26.796,0 92.881,26.795,0 92.881,26.794,0 92.882,26.792,0 92.883,26.792,0 92.884,26.791,0 92.885,26.792,0 92.886,26.792,0 92.887,26.792,0 92.888,26.793,0 92.889,26.794,0 92.888,26.795,0 92.888,26.796,0 92.888,26.797,0 92.888,26.798,0 92.888,26.801,0 92.888,26.802,0 92.888,26.804,0 92.887,26.805,0 92.887,26.806,0 92.886,26.808,0</coordinates>
            </LinearRing>
          </outerBoundaryIs>
        </Polygon>
      </MultiGeometry>
    </Placemark>
    <Placemark>
      <name>Bakola</name>
      <description><![CDATA[
        <h3>Bakola</h3>
        <p><b>Village ID:</b> 14285<br/>
        <b>Sub-District:</b> Na-Duar<br/>
        <b>District:</b> SONITPUR<br/>
        <b>Coordinates:</b> 26.797, 92.936</p>
      ]]></description>
      <styleUrl>#villageStyle</styleUrl>
      <MultiGeometry>
        <Point>
          <coordinates>92.936,26.797,0</coordinates>
        </Point>
        <Polygon>
          <outerBoundaryIs>
            <LinearRing>
              <coordinates>92.948,26.804,0 92.947,26.804,0 92.946,26.804,0 92.945,26.805,0 92.944,26.805,0 92.944,26.806,0 92.943,26.806,0 92.942,26.805,0 92.941,26.804,0 92.94,26.804,0 92.939,26.804,0 92.939,26.803,0 92.938,26.802,0 92.937,26.802,0 92.937,26.801,0 92.936,26.801,0 92.935,26.801,0 92.933,26.801,0 92.932,26.801,0 92.93,26.802,0 92.929,26.802,0 92.928,26.802,0 92.927,26.802,0 92.927,26.801,0 92.928,26.8,0 92.927,26.8,0 92.926,26.799,0 92.925,26.799,0 92.925,26.798,0 92.924,26.796,0 92.924,26.794,0 92.924,26.793,0 92.923,26.791,0 92.922,26.789,0 92.922,26.788,0 92.921,26.787,0 92.921,26.786,0 92.921,26.785,0 92.922,26.786,0 92.925,26.787,0 92.927,26.788,0 92.93,26.789,0 92.932,26.789,0 92.935,26.79,0 92.936,26.79,0 92.937,26.791,0 92.938,26.791,0 92.94,26.791,0 92.941,26.792,0 92.943,26.792,0 92.947,26.792,0 92.947,26.793,0 92.947,26.795,0 92.947,26.796,0 92.948,26.798,0 92.948,26.799,0 92.949,26.801,0 92.95,26.802,0 92.95,26.803,0 92.949,26.804,0 92.948,26.804,0</coordinates>
            </LinearRing>
          </outerBoundaryIs>
        </Polygon>
      </MultiGeometry>
    </Placemark>
    <Placemark>
      <name>Bar Dikarai Miri</name>
      <description><![CDATA[
        <h3>Bar Dikarai Miri</h3>
        <p><b>Village ID:</b> 14325<br/>
        <b>Sub-District:</b> Na-Duar<br/>
        <b>District:</b> SONITPUR<br/>
        <b>Coordinates:</b> 26.787, 92.876</p>
      ]]></description>
      <styleUrl>#villageStyle</styleUrl>
      <MultiGeometry>
        <Point>
          <coordinates>92.876,26.787,0</coordinates>
        </Point>
        <Polygon>
          <outerBoundaryIs>
            <LinearRing>
              <coordinates>92.878,26.809,0 92.875,26.809,0 92.873,26.809,0 92.871,26.808,0 92.87,26.808,0 92.87,26.804,0 92.87,26.801,0 92.87,26.799,0 92.869,26.797,0 92.868,26.794,0 92.868,26.793,0 92.868,26.79,0 92.869,26.786,0 92.87,26.782,0 92.87,26.778,0 92.871,26.776,0 92.871,26.774,0 92.872,26.773,0 92.873,26.772,0 92.875,26.77,0 92.878,26.766,0 92.879,26.763,0 92.882,26.762,0 92.883,26.764,0 92.883,26.765,0 92.883,26.766,0 92.882,26.767,0 92.882,26.768,0 92.881,26.768,0 92.881,26.769,0 92.88,26.77,0 92.879,26.77,0 92.879,26.771,0 92.878,26.771,0 92.878,26.772,0 92.876,26.774,0 92.875,26.774,0 92.875,26.776,0 92.874,26.779,0 92.874,26.78,0 92.874,26.782,0 92.874,26.784,0 92.873,26.787,0 92.873,26.788,0 92.874,26.79,0 92.875,26.791,0 92.876,26.792,0 92.879,26.791,0 92.88,26.791,0 92.881,26.791,0 92.881,26.792,0 92.882,26.792,0 92.881,26.794,0 92.881,26.795,0 92.88,26.796,0 92.88,26.797,0 92.879,26.797,0 92.878,26.798,0 92.877,26.799,0 92.877,26.8,0 92.877,26.802,0 92.877,26.803,0 92.877,26.804,0 92.877,26.805,0 92.878,26.806,0 92.878,26.808,0 92.878,26.809,0</coordinates>
            </LinearRing>
          </outerBoundaryIs>
        </Polygon>
      </MultiGeometry>
    </Placemark>
    <Placemark>
      <name>No.2 Diplonga</name>
      <description><![CDATA[
        <h3>No.2 Diplonga</h3>
        <p><b>Village ID:</b> 14326<br/>
        <b>Sub-District:</b> Na-Duar<br/>
        <b>District:</b> SONITPUR<br/>
        <b>Coordinates:</b> 26.801, 93.008</p>
      ]]></description>
      <styleUrl>#villageStyle</styleUrl>
      <MultiGeometry>
        <Point>
          <coordinates>93.008,26.801,0</coordinates>
        </Point>
        <Polygon>
          <outerBoundaryIs>
            <LinearRing>
              <coordinates>93.011,26.802,0 93.01,26.802,0 93.01,26.803,0 93.009,26.804,0 93.009,26.805,0 93.01,26.806,0 93.01,26.808,0 93.009,26.808,0 93.01,26.81,0 93.01,26.811,0 93.009,26.812,0 93.008,26.812,0 93.007,26.812,0 93.006,26.813,0 93.004,26.813,0 93.004,26.812,0 93.003,26.811,0 93.003,26.809,0 93.003,26.806,0 93.002,26.805,0 93.002,26.804,0 93.002,26.803,0 93.001,26.801,0 93.0,26.8,0 93.0,26.799,0 92.999,26.799,0 93.0,26.798,0 93.001,26.797,0 93.001,26.796,0 93.001,26.795,0 93.002,26.794,0 93.004,26.794,0 93.006,26.794,0 93.007,26.793,0 93.008,26.793,0 93.009,26.793,0 93.01,26.793,0 93.011,26.793,0 93.012,26.793,0 93.013,26.792,0 93.014,26.792,0 93.014,26.791,0 93.015,26.792,0 93.015,26.793,0 93.016,26.794,0 93.017,26.795,0 93.017,26.796,0 93.017,26.797,0 93.017,26.798,0 93.016,26.798,0 93.015,26.799,0 93.013,26.8,0 93.012,26.801,0 93.011,26.802,0</coordinates>
            </LinearRing>
          </outerBoundaryIs>
        </Polygon>
      </MultiGeometry>
    </Placemark>
    <Placemark>
      <name>Tupia Grant</name>
      <description><![CDATA[
        <h3>Tupia Grant</h3>
        <p><b>Village ID:</b> 14328<br/>
        <b>Sub-District:</b> Na-Duar<br/>
        <b>District:</b> SONITPUR<br/>
        <b>Coordinates:</b> 26.818, 92.917</p>
      ]]></description>
      <styleUrl>#villageStyle</styleUrl>
      <MultiGeometry>
        <Point>
          <coordinates>92.917,26.818,0</coordinates>
        </Point>
        <Polygon>
          <outerBoundaryIs>
            <LinearRing>
              <coordinates>92.925,26.813,0 92.924,26.815,0 92.923,26.816,0 92.922,26.817,0 92.922,26.819,0 92.92,26.821,0 92.919,26.822,0 92.918,26.823,0 92.917,26.824,0 92.914,26.824,0 92.912,26.825,0 92.911,26.825,0 92.909,26.826,0 92.909,26.819,0 92.908,26.816,0 92.908,26.814,0 92.908,26.813,0 92.916,26.813,0 92.922,26.813,0 92.923,26.813,0 92.924,26.813,0 92.925,26.813,0</coordinates>
            </LinearRing>
          </outerBoundaryIs>
        </Polygon>
      </MultiGeometry>
    </Placemark>
    <Placemark>
      <name>Agripam</name>
      <description><![CDATA[
        <h3>Agripam</h3>
        <p><b>Village ID:</b> 14330<br/>
        <b>Sub-District:</b> Na-Duar<br/>
        <b>District:</b> SONITPUR<br/>
        <b>Coordinates:</b> 26.824, 92.899</p>
      ]]></description>
      <styleUrl>#villageStyle</styleUrl>
      <MultiGeometry>
        <Point>
          <coordinates>92.899,26.824,0</coordinates>
        </Point>
        <Polygon>
          <outerBoundaryIs>
            <LinearRing>
              <coordinates>92.908,26.827,0 92.907,26.827,0 92.906,26.829,0 92.906,26.83,0 92.905,26.83,0 92.904,26.829,0 92.903,26.829,0 92.902,26.829,0 92.899,26.829,0 92.897,26.829,0 92.895,26.829,0 92.894,26.829,0 92.894,26.828,0 92.894,26.827,0 92.894,26.826,0 92.895,26.825,0 92.895,26.824,0 92.895,26.823,0 92.895,26.822,0 92.895,26.821,0 92.895,26.82,0 92.895,26.819,0 92.894,26.818,0 92.894,26.817,0 92.894,26.816,0 92.895,26.817,0 92.896,26.818,0 92.897,26.819,0 92.899,26.82,0 92.899,26.821,0 92.901,26.822,0 92.903,26.823,0 92.905,26.823,0 92.905,26.824,0 92.906,26.825,0 92.907,26.827,0 92.908,26.827,0</coordinates>
            </LinearRing>
          </outerBoundaryIs>
        </Polygon>
      </MultiGeometry>
    </Placemark>
    <Placemark>
      <name>Hatinga Gaon</name>
      <description><![CDATA[
        <h3>Hatinga Gaon</h3>
        <p><b>Village ID:</b> 14331<br/>
        <b>Sub-District:</b> Na-Duar<br/>
        <b>District:</b> SONITPUR<br/>
        <b>Coordinates:</b> 26.819, 92.937</p>
      ]]></description>
      <styleUrl>#villageStyle</styleUrl>
      <MultiGeometry>
        <Point>
          <coordinates>92.937,26.819,0</coordinates>
        </Point>
        <Polygon>
          <outerBoundaryIs>
            <LinearRing>
              <coordinates>92.94,26.827,0 92.939,26.827,0 92.938,26.827,0 92.936,26.827,0 92.933,26.827,0 92.929,26.827,0 92.927,26.827,0 92.926,26.827,0 92.926,26.825,0 92.926,26.823,0 92.926,26.821,0 92.926,26.819,0 92.926,26.817,0 92.926,26.815,0 92.926,26.814,0 92.926,26.813,0 92.925,26.813,0 92.925,26.812,0 92.927,26.812,0 92.928,26.812,0 92.93,26.812,0 92.932,26.812,0 92.935,26.811,0 92.937,26.811,0 92.939,26.811,0 92.941,26.811,0 92.944,26.811,0 92.944,26.812,0 92.945,26.813,0 92.946,26.813,0 92.946,26.814,0 92.946,26.815,0 92.946,26.816,0 92.946,26.817,0 92.946,26.818,0 92.947,26.819,0 92.947,26.82,0 92.947,26.821,0 92.946,26.822,0 92.945,26.822,0 92.944,26.822,0 92.943,26.822,0 92.942,26.822,0 92.941,26.821,0 92.94,26.821,0 92.94,26.822,0 92.939,26.822,0 92.939,26.823,0 92.94,26.824,0 92.94,26.825,0 92.94,26.826,0 92.94,26.827,0</coordinates>
            </LinearRing>
          </outerBoundaryIs>
        </Polygon>
      </MultiGeometry>
    </Placemark>
    <Placemark>
      <name>Pat Gaon</name>
      <description><![CDATA[
        <h3>Pat Gaon</h3>
        <p><b>Village ID:</b> 14332<br/>
        <b>Sub-District:</b> Na-Duar<br/>
        <b>District:</b> SONITPUR<br/>
        <b>Coordinates:</b> 26.824, 92.873</p>
      ]]></description>
      <styleUrl>#villageStyle</styleUrl>
      <MultiGeometry>
        <Point>
          <coordinates>92.873,26.824,0</coordinates>
        </Point>
        <Polygon>
          <outerBoundaryIs>
            <LinearRing>
              <coordinates>92.879,26.832,0 92.877,26.832,0 92.876,26.833,0 92.875,26.833,0 92.873,26.833,0 92.872,26.833,0 92.871,26.832,0 92.87,26.832,0 92.869,26.831,0 92.868,26.831,0 92.867,26.831,0 92.866,26.831,0 92.865,26.827,0 92.865,26.826,0 92.865,26.824,0 92.866,26.823,0 92.866,26.821,0 92.867,26.817,0 92.868,26.813,0 92.87,26.809,0 92.87,26.808,0 92.871,26.808,0 92.873,26.809,0 92.874,26.81,0 92.874,26.812,0 92.874,26.813,0 92.875,26.815,0 92.875,26.816,0 92.876,26.817,0 92.876,26.82,0 92.877,26.821,0 92.877,26.822,0 92.877,26.823,0 92.877,26.824,0 92.878,26.826,0 92.878,26.827,0 92.878,26.828,0 92.879,26.829,0 92.879,26.83,0 92.879,26.831,0 92.879,26.832,0</coordinates>
            </LinearRing>
          </outerBoundaryIs>
        </Polygon>
      </MultiGeometry>
    </Placemark>
    <Placemark>
      <name>Moinabasti</name>
      <description><![CDATA[
        <h3>Moinabasti</h3>
        <p><b>Village ID:</b> 14365<br/>
        <b>Sub-District:</b> Na-Duar<br/>
        <b>District:</b> SONITPUR<br/>
        <b>Coordinates:</b> 26.792, 93.06</p>
      ]]></description>
      <styleUrl>#villageStyle</styleUrl>
      <MultiGeometry>
        <Point>
          <coordinates>93.06,26.792,0</coordinates>
        </Point>
        <Polygon>
          <outerBoundaryIs>
            <LinearRing>
              <coordinates>93.063,26.795,0 93.064,26.797,0 93.064,26.798,0 93.063,26.799,0 93.062,26.8,0 93.061,26.801,0 93.06,26.801,0 93.058,26.797,0 93.058,26.796,0 93.058,26.795,0 93.057,26.795,0 93.057,26.794,0 93.056,26.794,0 93.055,26.794,0 93.053,26.794,0 93.054,26.793,0 93.054,26.792,0 93.055,26.792,0 93.055,26.791,0 93.055,26.79,0 93.055,26.789,0 93.055,26.788,0 93.057,26.787,0 93.058,26.787,0 93.059,26.787,0 93.06,26.787,0 93.061,26.786,0 93.062,26.786,0 93.065,26.784,0 93.065,26.785,0 93.065,26.787,0 93.066,26.789,0 93.065,26.791,0 93.063,26.792,0 93.063,26.793,0 93.063,26.795,0</coordinates>
            </LinearRing>
          </outerBoundaryIs>
        </Polygon>
      </MultiGeometry>
    </Placemark>
    <Placemark>
      <name>Joypur</name>
      <description><![CDATA[
        <h3>Joypur</h3>
        <p><b>Village ID:</b> 14366<br/>
        <b>Sub-District:</b> Na-Duar<br/>
        <b>District:</b> SONITPUR<br/>
        <b>Coordinates:</b> 26.809, 92.937</p>
      ]]></description>
      <styleUrl>#villageStyle</styleUrl>
      <MultiGeometry>
        <Point>
          <coordinates>92.937,26.809,0</coordinates>
        </Point>
        <Polygon>
          <outerBoundaryIs>
            <LinearRing>
              <coordinates>92.944,26.811,0 92.941,26.811,0 92.939,26.811,0 92.937,26.811,0 92.935,26.811,0 92.932,26.812,0 92.93,26.812,0 92.928,26.812,0 92.927,26.812,0 92.925,26.812,0 92.927,26.811,0 92.929,26.809,0 92.932,26.808,0 92.934,26.807,0 92.936,26.806,0 92.937,26.805,0 92.939,26.804,0 92.94,26.804,0 92.941,26.804,0 92.942,26.805,0 92.943,26.806,0 92.943,26.807,0 92.943,26.808,0 92.943,26.809,0 92.943,26.81,0 92.944,26.811,0</coordinates>
            </LinearRing>
          </outerBoundaryIs>
        </Polygon>
      </MultiGeometry>
    </Placemark>
    <Placemark>
      <name>No.1 Diplonga</name>
      <description><![CDATA[
        <h3>No.1 Diplonga</h3>
        <p><b>Village ID:</b> 14367<br/>
        <b>Sub-District:</b> Na-Duar<br/>
        <b>District:</b> SONITPUR<br/>
        <b>Coordinates:</b> 26.799, 93.031</p>
      ]]></description>
      <styleUrl>#villageStyle</styleUrl>
      <MultiGeometry>
        <Point>
          <coordinates>93.031,26.799,0</coordinates>
        </Point>
        <Polygon>
          <outerBoundaryIs>
            <LinearRing>
              <coordinates>93.036,26.796,0 93.036,26.797,0 93.035,26.799,0 93.035,26.8,0 93.034,26.801,0 93.033,26.803,0 93.033,26.804,0 93.032,26.804,0 93.03,26.804,0 93.028,26.804,0 93.026,26.804,0 93.025,26.804,0 93.024,26.804,0 93.023,26.804,0 93.024,26.803,0 93.024,26.802,0 93.025,26.801,0 93.026,26.8,0 93.026,26.799,0 93.027,26.798,0 93.028,26.797,0 93.028,26.796,0 93.029,26.796,0 93.029,26.794,0 93.03,26.793,0 93.031,26.793,0 93.032,26.793,0 93.034,26.793,0 93.036,26.793,0 93.038,26.793,0 93.038,26.794,0 93.037,26.795,0 93.036,26.796,0</coordinates>
            </LinearRing>
          </outerBoundaryIs>
        </Polygon>
      </MultiGeometry>
    </Placemark>
    <Placemark>
      <name>Tou Bhanga</name>
      <description><![CDATA[
        <h3>Tou Bhanga</h3>
        <p><b>Village ID:</b> 14368<br/>
        <b>Sub-District:</b> Na-Duar<br/>
        <b>District:</b> SONITPUR<br/>
        <b>Coordinates:</b> 26.813, 92.884</p>
      ]]></description>
      <styleUrl>#villageStyle</styleUrl>
      <MultiGeometry>
        <Point>
          <coordinates>92.884,26.813,0</coordinates>
        </Point>
        <Polygon>
          <outerBoundaryIs>
            <LinearRing>
              <coordinates>92.894,26.817,0 92.892,26.817,0 92.89,26.817,0 92.888,26.817,0 92.887,26.817,0 92.883,26.817,0 92.881,26.817,0 92.878,26.817,0 92.877,26.817,0 92.876,26.817,0 92.875,26.816,0 92.875,26.815,0 92.874,26.813,0 92.874,26.812,0 92.874,26.81,0 92.873,26.809,0 92.875,26.809,0 92.878,26.809,0 92.88,26.809,0 92.881,26.809,0 92.883,26.809,0 92.884,26.809,0 92.885,26.809,0 92.886,26.808,0 92.887,26.808,0 92.89,26.808,0 92.892,26.808,0 92.895,26.808,0 92.895,26.809,0 92.895,26.813,0 92.895,26.815,0 92.894,26.816,0 92.894,26.817,0</coordinates>
            </LinearRing>
          </outerBoundaryIs>
        </Polygon>
      </MultiGeometry>
    </Placemark>
    <Placemark>
      <name>No.2 Chenga Mari</name>
      <description><![CDATA[
        <h3>No.2 Chenga Mari</h3>
        <p><b>Village ID:</b> 14371<br/>
        <b>Sub-District:</b> Na-Duar<br/>
        <b>District:</b> SONITPUR<br/>
        <b>Coordinates:</b> 26.813, 93.012</p>
      ]]></description>
      <styleUrl>#villageStyle</styleUrl>
      <MultiGeometry>
        <Point>
          <coordinates>93.012,26.813,0</coordinates>
        </Point>
        <Polygon>
          <outerBoundaryIs>
            <LinearRing>
              <coordinates>93.018,26.818,0 93.017,26.819,0 93.016,26.819,0 93.016,26.82,0 93.017,26.821,0 93.017,26.822,0 93.018,26.823,0 93.017,26.822,0 93.016,26.821,0 93.015,26.821,0 93.014,26.82,0 93.013,26.82,0 93.012,26.819,0 93.011,26.819,0 93.009,26.819,0 93.008,26.82,0 93.007,26.82,0 93.007,26.819,0 93.006,26.819,0 93.006,26.818,0 93.006,26.817,0 93.005,26.816,0 93.005,26.815,0 93.004,26.815,0 93.004,26.814,0 93.004,26.813,0 93.006,26.813,0 93.007,26.812,0 93.008,26.812,0 93.009,26.812,0 93.01,26.811,0 93.01,26.81,0 93.009,26.808,0 93.01,26.808,0 93.01,26.806,0 93.009,26.805,0 93.009,26.804,0 93.01,26.803,0 93.01,26.802,0 93.011,26.802,0 93.012,26.802,0 93.014,26.802,0 93.016,26.802,0 93.016,26.803,0 93.017,26.804,0 93.017,26.806,0 93.017,26.808,0 93.017,26.809,0 93.017,26.811,0 93.018,26.812,0 93.018,26.813,0 93.018,26.814,0 93.018,26.815,0 93.018,26.816,0 93.018,26.817,0 93.018,26.818,0</coordinates>
            </LinearRing>
          </outerBoundaryIs>
        </Polygon>
      </MultiGeometry>
    </Placemark>
    <Placemark>
      <name>Un-named Block (14378)</name>
      <description><![CDATA[
        <h3>Un-named Block (14378)</h3>
        <p><b>Village ID:</b> 14378<br/>
        <b>Sub-District:</b> Na-Duar<br/>
        <b>District:</b> SONITPUR<br/>
        <b>Coordinates:</b> 26.8, 92.997</p>
      ]]></description>
      <styleUrl>#villageStyle</styleUrl>
      <MultiGeometry>
        <Point>
          <coordinates>92.997,26.8,0</coordinates>
        </Point>
        <Polygon>
          <outerBoundaryIs>
            <LinearRing>
              <coordinates>93.002,26.804,0 93.001,26.804,0 93.0,26.804,0 92.998,26.804,0 92.997,26.804,0 92.995,26.804,0 92.993,26.804,0 92.993,26.803,0 92.992,26.801,0 92.992,26.8,0 92.992,26.799,0 92.993,26.798,0 92.994,26.797,0 92.995,26.796,0 92.997,26.795,0 92.998,26.795,0 92.998,26.796,0 92.999,26.797,0 92.999,26.798,0 92.999,26.799,0 93.0,26.799,0 93.0,26.8,0 93.001,26.801,0 93.002,26.803,0 93.002,26.804,0</coordinates>
            </LinearRing>
          </outerBoundaryIs>
        </Polygon>
      </MultiGeometry>
    </Placemark>
    <Placemark>
      <name>Un-named Block (14379)</name>
      <description><![CDATA[
        <h3>Un-named Block (14379)</h3>
        <p><b>Village ID:</b> 14379<br/>
        <b>Sub-District:</b> Na-Duar<br/>
        <b>District:</b> SONITPUR<br/>
        <b>Coordinates:</b> 26.796, 93.022</p>
      ]]></description>
      <styleUrl>#villageStyle</styleUrl>
      <MultiGeometry>
        <Point>
          <coordinates>93.022,26.796,0</coordinates>
        </Point>
        <Polygon>
          <outerBoundaryIs>
            <LinearRing>
              <coordinates>93.031,26.793,0 93.03,26.793,0 93.029,26.794,0 93.029,26.796,0 93.028,26.796,0 93.028,26.797,0 93.027,26.798,0 93.026,26.799,0 93.026,26.8,0 93.025,26.801,0 93.024,26.802,0 93.024,26.803,0 93.023,26.804,0 93.022,26.804,0 93.021,26.803,0 93.02,26.803,0 93.02,26.802,0 93.019,26.802,0 93.018,26.802,0 93.017,26.802,0 93.016,26.802,0 93.014,26.802,0 93.012,26.802,0 93.011,26.802,0 93.012,26.801,0 93.013,26.8,0 93.015,26.799,0 93.016,26.798,0 93.017,26.798,0 93.017,26.797,0 93.017,26.796,0 93.017,26.795,0 93.016,26.794,0 93.015,26.793,0 93.015,26.792,0 93.014,26.791,0 93.014,26.79,0 93.014,26.789,0 93.015,26.789,0 93.019,26.789,0 93.021,26.789,0 93.023,26.789,0 93.025,26.789,0 93.027,26.789,0 93.028,26.789,0 93.03,26.789,0 93.031,26.789,0 93.032,26.79,0 93.032,26.791,0 93.031,26.792,0 93.031,26.793,0</coordinates>
            </LinearRing>
          </outerBoundaryIs>
        </Polygon>
      </MultiGeometry>
    </Placemark>
    <Placemark>
      <name>Un-named Block (14388)</name>
      <description><![CDATA[
        <h3>Un-named Block (14388)</h3>
        <p><b>Village ID:</b> 14388<br/>
        <b>Sub-District:</b> Na-Duar<br/>
        <b>District:</b> SONITPUR<br/>
        <b>Coordinates:</b> 26.818, 92.99</p>
      ]]></description>
      <styleUrl>#villageStyle</styleUrl>
      <MultiGeometry>
        <Point>
          <coordinates>92.99,26.818,0</coordinates>
        </Point>
        <Polygon>
          <outerBoundaryIs>
            <LinearRing>
              <coordinates>92.999,26.832,0 92.998,26.832,0 92.997,26.832,0 92.995,26.832,0 92.993,26.831,0 92.991,26.83,0 92.99,26.83,0 92.989,26.83,0 92.988,26.83,0 92.987,26.83,0 92.986,26.829,0 92.985,26.828,0 92.985,26.827,0 92.984,26.827,0 92.984,26.826,0 92.983,26.826,0 92.983,26.825,0 92.984,26.824,0 92.985,26.823,0 92.986,26.822,0 92.986,26.821,0 92.987,26.821,0 92.987,26.82,0 92.986,26.819,0 92.986,26.818,0 92.985,26.816,0 92.985,26.815,0 92.984,26.814,0 92.984,26.813,0 92.985,26.813,0 92.985,26.812,0 92.985,26.811,0 92.986,26.81,0 92.986,26.809,0 92.987,26.809,0 92.987,26.808,0 92.986,26.808,0 92.986,26.807,0 92.986,26.806,0 92.986,26.805,0 92.986,26.804,0 92.987,26.804,0 92.988,26.804,0 92.989,26.804,0 92.989,26.803,0 92.99,26.803,0 92.991,26.802,0 92.992,26.801,0 92.992,26.8,0 92.992,26.801,0 92.993,26.803,0 92.993,26.804,0 92.994,26.808,0 92.995,26.812,0 92.995,26.813,0 92.995,26.814,0 92.996,26.817,0 92.996,26.819,0 92.997,26.822,0 92.997,26.823,0 92.998,26.824,0 92.998,26.825,0 92.998,26.826,0 92.998,26.827,0 92.998,26.828,0 92.999,26.829,0 92.999,26.83,0 92.999,26.831,0 92.999,26.832,0</coordinates>
            </LinearRing>
          </outerBoundaryIs>
        </Polygon>
      </MultiGeometry>
    </Placemark>
    <Placemark>
      <name>Un-named Block (14495)</name>
      <description><![CDATA[
        <h3>Un-named Block (14495)</h3>
        <p><b>Village ID:</b> 14495<br/>
        <b>Sub-District:</b> Na-Duar<br/>
        <b>District:</b> SONITPUR<br/>
        <b>Coordinates:</b> 26.822, 93.001</p>
      ]]></description>
      <styleUrl>#villageStyle</styleUrl>
      <MultiGeometry>
        <Point>
          <coordinates>93.001,26.822,0</coordinates>
        </Point>
        <Polygon>
          <outerBoundaryIs>
            <LinearRing>
              <coordinates>93.007,26.82,0 93.006,26.82,0 93.004,26.82,0 93.003,26.82,0 93.002,26.82,0 93.002,26.821,0 93.002,26.822,0 93.002,26.823,0 93.002,26.824,0 93.002,26.825,0 93.002,26.826,0 93.003,26.827,0 93.003,26.828,0 93.003,26.829,0 93.003,26.83,0 93.003,26.831,0 93.003,26.832,0 93.002,26.832,0 93.001,26.832,0 93.0,26.832,0 92.999,26.832,0 92.999,26.831,0 92.999,26.83,0 92.999,26.829,0 92.998,26.828,0 92.998,26.827,0 92.998,26.826,0 92.998,26.825,0 92.998,26.824,0 92.997,26.823,0 92.997,26.822,0 92.996,26.819,0 92.996,26.817,0 92.995,26.814,0 92.995,26.813,0 92.996,26.813,0 92.998,26.813,0 93.0,26.813,0 93.001,26.813,0 93.003,26.813,0 93.004,26.813,0 93.004,26.814,0 93.004,26.815,0 93.005,26.815,0 93.005,26.816,0 93.006,26.817,0 93.006,26.818,0 93.006,26.819,0 93.007,26.819,0 93.007,26.82,0</coordinates>
            </LinearRing>
          </outerBoundaryIs>
        </Polygon>
      </MultiGeometry>
    </Placemark>
    <Placemark>
      <name>Un-named Block (14591)</name>
      <description><![CDATA[
        <h3>Un-named Block (14591)</h3>
        <p><b>Village ID:</b> 14591<br/>
        <b>Sub-District:</b> Na-Duar<br/>
        <b>District:</b> SONITPUR<br/>
        <b>Coordinates:</b> 26.828, 92.974</p>
      ]]></description>
      <styleUrl>#villageStyle</styleUrl>
      <MultiGeometry>
        <Point>
          <coordinates>92.974,26.828,0</coordinates>
        </Point>
        <Polygon>
          <outerBoundaryIs>
            <LinearRing>
              <coordinates>92.988,26.83,0 92.988,26.831,0 92.988,26.832,0 92.988,26.833,0 92.989,26.833,0 92.989,26.834,0 92.99,26.834,0 92.989,26.835,0 92.99,26.836,0 92.99,26.837,0 92.99,26.838,0 92.989,26.838,0 92.988,26.838,0 92.987,26.839,0 92.986,26.84,0 92.986,26.841,0 92.985,26.84,0 92.984,26.839,0 92.983,26.839,0 92.982,26.839,0 92.98,26.839,0 92.979,26.839,0 92.978,26.84,0 92.977,26.839,0 92.976,26.841,0 92.975,26.842,0 92.973,26.843,0 92.972,26.844,0 92.971,26.844,0 92.97,26.843,0 92.969,26.842,0 92.968,26.841,0 92.968,26.84,0 92.968,26.839,0 92.968,26.838,0 92.968,26.837,0 92.968,26.836,0 92.967,26.836,0 92.967,26.835,0 92.966,26.834,0 92.965,26.833,0 92.965,26.832,0 92.965,26.831,0 92.964,26.83,0 92.963,26.829,0 92.962,26.828,0 92.961,26.827,0 92.96,26.825,0 92.959,26.823,0 92.958,26.821,0 92.957,26.82,0 92.956,26.818,0 92.956,26.817,0 92.956,26.816,0 92.957,26.816,0 92.957,26.815,0 92.958,26.815,0 92.958,26.814,0 92.958,26.813,0 92.958,26.812,0 92.959,26.812,0 92.961,26.811,0 92.962,26.811,0 92.963,26.811,0 92.964,26.81,0 92.965,26.809,0 92.966,26.809,0 92.967,26.808,0 92.968,26.808,0 92.97,26.807,0 92.971,26.808,0 92.971,26.809,0 92.972,26.812,0 92.973,26.814,0 92.973,26.816,0 92.974,26.818,0 92.974,26.819,0 92.974,26.82,0 92.975,26.82,0 92.975,26.821,0 92.976,26.823,0 92.976,26.824,0 92.977,26.826,0 92.978,26.827,0 92.979,26.829,0 92.98,26.831,0 92.98,26.832,0 92.981,26.833,0 92.982,26.836,0 92.982,26.837,0 92.983,26.837,0 92.983,26.836,0 92.983,26.835,0 92.983,26.834,0 92.982,26.833,0 92.982,26.832,0 92.982,26.831,0 92.982,26.83,0 92.983,26.83,0 92.985,26.83,0 92.986,26.83,0 92.987,26.83,0 92.988,26.83,0</coordinates>
            </LinearRing>
          </outerBoundaryIs>
        </Polygon>
      </MultiGeometry>
    </Placemark>
    <Placemark>
      <name>Gederijan</name>
      <description><![CDATA[
        <h3>Gederijan</h3>
        <p><b>Village ID:</b> 14598<br/>
        <b>Sub-District:</b> Na-Duar<br/>
        <b>District:</b> SONITPUR<br/>
        <b>Coordinates:</b> 26.848, 92.94</p>
      ]]></description>
      <styleUrl>#villageStyle</styleUrl>
      <MultiGeometry>
        <Point>
          <coordinates>92.94,26.848,0</coordinates>
        </Point>
        <Polygon>
          <outerBoundaryIs>
            <LinearRing>
              <coordinates>92.95,26.852,0 92.949,26.853,0 92.948,26.853,0 92.947,26.854,0 92.946,26.855,0 92.946,26.856,0 92.945,26.856,0 92.944,26.856,0 92.943,26.857,0 92.942,26.857,0 92.941,26.858,0 92.94,26.859,0 92.94,26.86,0 92.939,26.86,0 92.938,26.86,0 92.937,26.86,0 92.935,26.86,0 92.933,26.86,0 92.932,26.86,0 92.931,26.86,0 92.93,26.86,0 92.93,26.859,0 92.93,26.858,0 92.93,26.855,0 92.931,26.855,0 92.932,26.855,0 92.933,26.855,0 92.934,26.855,0 92.934,26.854,0 92.935,26.853,0 92.935,26.852,0 92.936,26.851,0 92.936,26.85,0 92.936,26.849,0 92.936,26.848,0 92.935,26.847,0 92.934,26.846,0 92.934,26.845,0 92.935,26.844,0 92.935,26.843,0 92.935,26.842,0 92.935,26.841,0 92.935,26.84,0 92.935,26.839,0 92.935,26.838,0 92.935,26.837,0 92.935,26.836,0 92.936,26.836,0 92.937,26.836,0 92.938,26.836,0 92.939,26.836,0 92.94,26.836,0 92.941,26.836,0 92.942,26.837,0 92.943,26.837,0 92.945,26.836,0 92.947,26.836,0 92.946,26.837,0 92.946,26.838,0 92.946,26.839,0 92.946,26.84,0 92.947,26.841,0 92.947,26.842,0 92.948,26.843,0 92.948,26.844,0 92.948,26.845,0 92.947,26.846,0 92.947,26.847,0 92.946,26.848,0 92.946,26.849,0 92.946,26.85,0 92.947,26.851,0 92.948,26.852,0 92.949,26.852,0 92.95,26.852,0</coordinates>
            </LinearRing>
          </outerBoundaryIs>
        </Polygon>
      </MultiGeometry>
    </Placemark>
    <Placemark>
      <name>No.2 Balijuri</name>
      <description><![CDATA[
        <h3>No.2 Balijuri</h3>
        <p><b>Village ID:</b> 14599<br/>
        <b>Sub-District:</b> Na-Duar<br/>
        <b>District:</b> SONITPUR<br/>
        <b>Coordinates:</b> 26.853, 92.967</p>
      ]]></description>
      <styleUrl>#villageStyle</styleUrl>
      <MultiGeometry>
        <Point>
          <coordinates>92.967,26.853,0</coordinates>
        </Point>
        <Polygon>
          <outerBoundaryIs>
            <LinearRing>
              <coordinates>92.976,26.858,0 92.975,26.858,0 92.973,26.858,0 92.971,26.858,0 92.969,26.858,0 92.964,26.859,0 92.962,26.859,0 92.961,26.859,0 92.959,26.859,0 92.958,26.858,0 92.958,26.857,0 92.957,26.857,0 92.958,26.857,0 92.958,26.856,0 92.958,26.855,0 92.958,26.854,0 92.957,26.853,0 92.957,26.852,0 92.957,26.85,0 92.957,26.849,0 92.958,26.849,0 92.959,26.848,0 92.961,26.848,0 92.963,26.847,0 92.964,26.847,0 92.967,26.846,0 92.969,26.846,0 92.97,26.846,0 92.971,26.846,0 92.971,26.847,0 92.972,26.848,0 92.972,26.849,0 92.973,26.849,0 92.973,26.85,0 92.973,26.851,0 92.974,26.852,0 92.974,26.853,0 92.975,26.853,0 92.975,26.854,0 92.976,26.854,0 92.976,26.855,0 92.976,26.857,0 92.976,26.858,0</coordinates>
            </LinearRing>
          </outerBoundaryIs>
        </Polygon>
      </MultiGeometry>
    </Placemark>
    <Placemark>
      <name>No.2 Bardikarai</name>
      <description><![CDATA[
        <h3>No.2 Bardikarai</h3>
        <p><b>Village ID:</b> 14632<br/>
        <b>Sub-District:</b> Na-Duar<br/>
        <b>District:</b> SONITPUR<br/>
        <b>Coordinates:</b> 26.857, 92.887</p>
      ]]></description>
      <styleUrl>#villageStyle</styleUrl>
      <MultiGeometry>
        <Point>
          <coordinates>92.887,26.857,0</coordinates>
        </Point>
        <Polygon>
          <outerBoundaryIs>
            <LinearRing>
              <coordinates>92.886,26.867,0 92.885,26.867,0 92.882,26.867,0 92.881,26.867,0 92.88,26.865,0 92.879,26.864,0 92.879,26.863,0 92.878,26.862,0 92.879,26.862,0 92.879,26.861,0 92.879,26.86,0 92.88,26.859,0 92.88,26.858,0 92.88,26.857,0 92.88,26.856,0 92.88,26.855,0 92.88,26.854,0 92.879,26.852,0 92.879,26.851,0 92.879,26.849,0 92.88,26.848,0 92.88,26.847,0 92.88,26.846,0 92.881,26.846,0 92.881,26.845,0 92.882,26.844,0 92.882,26.843,0 92.883,26.843,0 92.885,26.844,0 92.886,26.844,0 92.887,26.844,0 92.888,26.845,0 92.889,26.845,0 92.89,26.847,0 92.891,26.848,0 92.892,26.848,0 92.893,26.848,0 92.892,26.849,0 92.891,26.849,0 92.891,26.85,0 92.89,26.852,0 92.891,26.857,0 92.892,26.858,0 92.893,26.858,0 92.894,26.859,0 92.896,26.859,0 92.898,26.858,0 92.898,26.859,0 92.898,26.86,0 92.897,26.86,0 92.897,26.861,0 92.897,26.862,0 92.897,26.864,0 92.897,26.865,0 92.896,26.865,0 92.895,26.865,0 92.894,26.865,0 92.893,26.865,0 92.892,26.865,0 92.892,26.866,0 92.892,26.867,0 92.891,26.867,0 92.889,26.867,0 92.887,26.867,0 92.886,26.867,0</coordinates>
            </LinearRing>
          </outerBoundaryIs>
        </Polygon>
      </MultiGeometry>
    </Placemark>
    <Placemark>
      <name>No.1 Bar Dikarai</name>
      <description><![CDATA[
        <h3>No.1 Bar Dikarai</h3>
        <p><b>Village ID:</b> 14636<br/>
        <b>Sub-District:</b> Na-Duar<br/>
        <b>District:</b> SONITPUR<br/>
        <b>Coordinates:</b> 26.842, 92.874</p>
      ]]></description>
      <styleUrl>#villageStyle</styleUrl>
      <MultiGeometry>
        <Point>
          <coordinates>92.874,26.842,0</coordinates>
        </Point>
        <Polygon>
          <outerBoundaryIs>
            <LinearRing>
              <coordinates>92.879,26.852,0 92.878,26.853,0 92.877,26.853,0 92.875,26.853,0 92.874,26.852,0 92.873,26.852,0 92.872,26.852,0 92.871,26.852,0 92.87,26.851,0 92.87,26.85,0 92.87,26.849,0 92.871,26.848,0 92.872,26.847,0 92.873,26.847,0 92.875,26.847,0 92.875,26.846,0 92.875,26.845,0 92.875,26.843,0 92.875,26.842,0 92.875,26.841,0 92.874,26.84,0 92.873,26.839,0 92.871,26.838,0 92.871,26.837,0 92.87,26.837,0 92.869,26.837,0 92.867,26.836,0 92.867,26.835,0 92.867,26.832,0 92.866,26.831,0 92.867,26.831,0 92.868,26.831,0 92.869,26.831,0 92.87,26.832,0 92.871,26.832,0 92.872,26.833,0 92.873,26.833,0 92.875,26.833,0 92.876,26.833,0 92.877,26.832,0 92.879,26.832,0 92.88,26.835,0 92.881,26.837,0 92.881,26.84,0 92.882,26.843,0 92.882,26.844,0 92.881,26.845,0 92.881,26.846,0 92.88,26.846,0 92.88,26.847,0 92.88,26.848,0 92.879,26.849,0 92.879,26.851,0 92.879,26.852,0</coordinates>
            </LinearRing>
          </outerBoundaryIs>
        </Polygon>
      </MultiGeometry>
    </Placemark>
    <Placemark>
      <name>Hatingabori</name>
      <description><![CDATA[
        <h3>Hatingabori</h3>
        <p><b>Village ID:</b> 14691<br/>
        <b>Sub-District:</b> Na-Duar<br/>
        <b>District:</b> SONITPUR<br/>
        <b>Coordinates:</b> 26.83, 92.946</p>
      ]]></description>
      <styleUrl>#villageStyle</styleUrl>
      <MultiGeometry>
        <Point>
          <coordinates>92.946,26.83,0</coordinates>
        </Point>
        <Polygon>
          <outerBoundaryIs>
            <LinearRing>
              <coordinates>92.947,26.836,0 92.945,26.836,0 92.943,26.837,0 92.942,26.837,0 92.941,26.836,0 92.94,26.836,0 92.94,26.835,0 92.94,26.834,0 92.94,26.833,0 92.94,26.831,0 92.94,26.828,0 92.94,26.827,0 92.941,26.827,0 92.942,26.827,0 92.943,26.826,0 92.944,26.826,0 92.945,26.826,0 92.946,26.825,0 92.947,26.825,0 92.948,26.825,0 92.949,26.825,0 92.949,26.826,0 92.95,26.826,0 92.951,26.826,0 92.951,26.827,0 92.952,26.827,0 92.951,26.828,0 92.951,26.829,0 92.95,26.829,0 92.949,26.83,0 92.948,26.831,0 92.948,26.832,0 92.948,26.833,0 92.948,26.834,0 92.948,26.835,0 92.947,26.836,0</coordinates>
            </LinearRing>
          </outerBoundaryIs>
        </Polygon>
      </MultiGeometry>
    </Placemark>
    <Placemark>
      <name>Rampur Hatinga</name>
      <description><![CDATA[
        <h3>Rampur Hatinga</h3>
        <p><b>Village ID:</b> 14692<br/>
        <b>Sub-District:</b> Na-Duar<br/>
        <b>District:</b> SONITPUR<br/>
        <b>Coordinates:</b> 26.833, 92.934</p>
      ]]></description>
      <styleUrl>#villageStyle</styleUrl>
      <MultiGeometry>
        <Point>
          <coordinates>92.934,26.833,0</coordinates>
        </Point>
        <Polygon>
          <outerBoundaryIs>
            <LinearRing>
              <coordinates>92.94,26.836,0 92.939,26.836,0 92.938,26.836,0 92.937,26.836,0 92.936,26.836,0 92.935,26.836,0 92.935,26.837,0 92.935,26.838,0 92.934,26.838,0 92.934,26.837,0 92.933,26.837,0 92.932,26.836,0 92.931,26.836,0 92.93,26.836,0 92.929,26.836,0 92.928,26.836,0 92.927,26.836,0 92.926,26.836,0 92.926,26.834,0 92.926,26.833,0 92.926,26.831,0 92.926,26.829,0 92.926,26.827,0 92.927,26.827,0 92.929,26.827,0 92.933,26.827,0 92.936,26.827,0 92.938,26.827,0 92.939,26.827,0 92.94,26.827,0 92.94,26.828,0 92.94,26.831,0 92.94,26.833,0 92.94,26.834,0 92.94,26.835,0 92.94,26.836,0</coordinates>
            </LinearRing>
          </outerBoundaryIs>
        </Polygon>
      </MultiGeometry>
    </Placemark>
    <Placemark>
      <name>No.1 Tezalpati</name>
      <description><![CDATA[
        <h3>No.1 Tezalpati</h3>
        <p><b>Village ID:</b> 14696<br/>
        <b>Sub-District:</b> Na-Duar<br/>
        <b>District:</b> SONITPUR<br/>
        <b>Coordinates:</b> 26.843, 92.962</p>
      ]]></description>
      <styleUrl>#villageStyle</styleUrl>
      <MultiGeometry>
        <Point>
          <coordinates>92.962,26.843,0</coordinates>
        </Point>
        <Polygon>
          <outerBoundaryIs>
            <LinearRing>
              <coordinates>92.971,26.846,0 92.97,26.846,0 92.969,26.846,0 92.967,26.846,0 92.964,26.847,0 92.963,26.847,0 92.961,26.848,0 92.959,26.848,0 92.958,26.849,0 92.957,26.849,0 92.957,26.848,0 92.956,26.847,0 92.956,26.845,0 92.955,26.844,0 92.955,26.843,0 92.955,26.842,0 92.955,26.841,0 92.954,26.841,0 92.954,26.84,0 92.954,26.839,0 92.953,26.839,0 92.957,26.839,0 92.959,26.838,0 92.962,26.839,0 92.965,26.839,0 92.968,26.839,0 92.968,26.84,0 92.968,26.841,0 92.969,26.842,0 92.97,26.843,0 92.971,26.844,0 92.971,26.846,0</coordinates>
            </LinearRing>
          </outerBoundaryIs>
        </Polygon>
      </MultiGeometry>
    </Placemark>
    <Placemark>
      <name>No.3 Balijuri</name>
      <description><![CDATA[
        <h3>No.3 Balijuri</h3>
        <p><b>Village ID:</b> 14703<br/>
        <b>Sub-District:</b> Na-Duar<br/>
        <b>District:</b> SONITPUR<br/>
        <b>Coordinates:</b> 26.853, 92.958</p>
      ]]></description>
      <styleUrl>#villageStyle</styleUrl>
      <MultiGeometry>
        <Point>
          <coordinates>92.958,26.853,0</coordinates>
        </Point>
        <Polygon>
          <outerBoundaryIs>
            <LinearRing>
              <coordinates>92.978,26.876,0 92.977,26.876,0 92.975,26.876,0 92.972,26.877,0 92.969,26.877,0 92.968,26.877,0 92.965,26.877,0 92.961,26.877,0 92.959,26.877,0 92.959,26.876,0 92.958,26.875,0 92.956,26.873,0 92.956,26.872,0 92.955,26.871,0 92.955,26.869,0 92.955,26.868,0 92.956,26.867,0 92.956,26.866,0 92.956,26.864,0 92.956,26.862,0 92.956,26.86,0 92.957,26.86,0 92.957,26.859,0 92.957,26.858,0 92.957,26.857,0 92.957,26.856,0 92.957,26.855,0 92.956,26.855,0 92.955,26.854,0 92.954,26.853,0 92.952,26.853,0 92.951,26.853,0 92.95,26.852,0 92.949,26.852,0 92.948,26.852,0 92.947,26.851,0 92.946,26.85,0 92.946,26.849,0 92.946,26.848,0 92.947,26.847,0 92.947,26.846,0 92.948,26.845,0 92.948,26.844,0 92.948,26.843,0 92.947,26.842,0 92.947,26.841,0 92.946,26.84,0 92.946,26.839,0 92.946,26.838,0 92.946,26.837,0 92.947,26.836,0 92.948,26.835,0 92.948,26.834,0 92.948,26.833,0 92.948,26.832,0 92.948,26.831,0 92.949,26.83,0 92.95,26.829,0 92.951,26.829,0 92.951,26.828,0 92.952,26.827,0 92.952,26.828,0 92.953,26.828,0 92.954,26.829,0 92.955,26.831,0 92.954,26.831,0 92.953,26.832,0 92.952,26.834,0 92.952,26.835,0 92.952,26.836,0 92.952,26.837,0 92.952,26.838,0 92.953,26.838,0 92.953,26.839,0 92.954,26.839,0 92.954,26.84,0 92.954,26.841,0 92.955,26.841,0 92.955,26.842,0 92.955,26.843,0 92.955,26.844,0 92.956,26.845,0 92.956,26.847,0 92.957,26.848,0 92.957,26.849,0 92.957,26.85,0 92.957,26.852,0 92.957,26.853,0 92.958,26.854,0 92.958,26.855,0 92.958,26.856,0 92.958,26.857,0 92.957,26.857,0 92.958,26.857,0 92.958,26.858,0 92.959,26.859,0 92.961,26.859,0 92.962,26.859,0 92.964,26.859,0 92.969,26.858,0 92.971,26.858,0 92.973,26.858,0 92.975,26.858,0 92.976,26.858,0 92.977,26.859,0 92.977,26.86,0 92.977,26.861,0 92.977,26.863,0 92.977,26.864,0 92.978,26.865,0 92.978,26.867,0 92.978,26.869,0 92.978,26.871,0 92.978,26.872,0 92.978,26.874,0 92.978,26.875,0 92.978,26.876,0</coordinates>
            </LinearRing>
          </outerBoundaryIs>
        </Polygon>
      </MultiGeometry>
    </Placemark>
    <Placemark>
      <name>Bar Dikarai Miri</name>
      <description><![CDATA[
        <h3>Bar Dikarai Miri</h3>
        <p><b>Village ID:</b> 14708<br/>
        <b>Sub-District:</b> Na-Duar<br/>
        <b>District:</b> SONITPUR<br/>
        <b>Coordinates:</b> 26.851, 92.871</p>
      ]]></description>
      <styleUrl>#villageStyle</styleUrl>
      <MultiGeometry>
        <Point>
          <coordinates>92.871,26.851,0</coordinates>
        </Point>
        <Polygon>
          <outerBoundaryIs>
            <LinearRing>
              <coordinates>92.879,26.852,0 92.88,26.854,0 92.88,26.855,0 92.88,26.856,0 92.88,26.857,0 92.88,26.858,0 92.88,26.859,0 92.879,26.86,0 92.879,26.861,0 92.879,26.862,0 92.878,26.862,0 92.879,26.863,0 92.879,26.864,0 92.88,26.865,0 92.881,26.867,0 92.88,26.867,0 92.876,26.866,0 92.874,26.865,0 92.873,26.864,0 92.873,26.862,0 92.874,26.86,0 92.874,26.858,0 92.873,26.857,0 92.871,26.856,0 92.869,26.857,0 92.868,26.856,0 92.867,26.855,0 92.867,26.854,0 92.865,26.853,0 92.864,26.852,0 92.862,26.852,0 92.861,26.851,0 92.862,26.851,0 92.864,26.851,0 92.866,26.85,0 92.867,26.849,0 92.868,26.848,0 92.868,26.846,0 92.867,26.844,0 92.866,26.844,0 92.863,26.843,0 92.86,26.843,0 92.859,26.843,0 92.859,26.842,0 92.859,26.841,0 92.86,26.841,0 92.86,26.84,0 92.863,26.84,0 92.865,26.839,0 92.867,26.837,0 92.867,26.836,0 92.869,26.837,0 92.87,26.837,0 92.871,26.837,0 92.871,26.838,0 92.873,26.839,0 92.874,26.84,0 92.875,26.841,0 92.875,26.842,0 92.875,26.843,0 92.875,26.845,0 92.875,26.846,0 92.875,26.847,0 92.873,26.847,0 92.872,26.847,0 92.871,26.848,0 92.87,26.849,0 92.87,26.85,0 92.87,26.851,0 92.871,26.852,0 92.872,26.852,0 92.873,26.852,0 92.874,26.852,0 92.875,26.853,0 92.877,26.853,0 92.878,26.853,0 92.879,26.852,0</coordinates>
            </LinearRing>
          </outerBoundaryIs>
        </Polygon>
      </MultiGeometry>
    </Placemark>
    <Placemark>
      <name>Un-named Block (14728)</name>
      <description><![CDATA[
        <h3>Un-named Block (14728)</h3>
        <p><b>Village ID:</b> 14728<br/>
        <b>Sub-District:</b> Na-Duar<br/>
        <b>District:</b> SONITPUR<br/>
        <b>Coordinates:</b> 26.848, 92.984</p>
      ]]></description>
      <styleUrl>#villageStyle</styleUrl>
      <MultiGeometry>
        <Point>
          <coordinates>92.984,26.848,0</coordinates>
        </Point>
        <Polygon>
          <outerBoundaryIs>
            <LinearRing>
              <coordinates>92.994,26.836,0 92.995,26.837,0 92.995,26.838,0 92.996,26.839,0 92.997,26.842,0 92.997,26.843,0 92.996,26.844,0 92.994,26.845,0 92.992,26.847,0 92.988,26.85,0 92.988,26.851,0 92.989,26.852,0 92.99,26.853,0 92.991,26.853,0 92.992,26.854,0 92.993,26.855,0 92.994,26.855,0 92.994,26.856,0 92.993,26.856,0 92.992,26.857,0 92.991,26.857,0 92.99,26.856,0 92.989,26.856,0 92.988,26.855,0 92.987,26.856,0 92.986,26.856,0 92.986,26.857,0 92.985,26.857,0 92.984,26.857,0 92.983,26.858,0 92.983,26.859,0 92.982,26.859,0 92.981,26.859,0 92.981,26.86,0 92.981,26.861,0 92.982,26.862,0 92.982,26.863,0 92.981,26.863,0 92.981,26.864,0 92.98,26.864,0 92.979,26.864,0 92.979,26.863,0 92.978,26.863,0 92.977,26.863,0 92.977,26.861,0 92.977,26.86,0 92.977,26.859,0 92.976,26.858,0 92.976,26.857,0 92.976,26.855,0 92.976,26.854,0 92.975,26.854,0 92.975,26.853,0 92.974,26.853,0 92.974,26.852,0 92.973,26.851,0 92.973,26.85,0 92.973,26.849,0 92.972,26.849,0 92.972,26.848,0 92.971,26.847,0 92.971,26.846,0 92.971,26.844,0 92.972,26.844,0 92.973,26.843,0 92.975,26.842,0 92.976,26.841,0 92.977,26.839,0 92.978,26.84,0 92.979,26.839,0 92.98,26.839,0 92.982,26.839,0 92.983,26.839,0 92.984,26.839,0 92.985,26.84,0 92.986,26.841,0 92.986,26.84,0 92.987,26.839,0 92.988,26.838,0 92.989,26.838,0 92.99,26.838,0 92.99,26.837,0 92.99,26.836,0 92.989,26.835,0 92.99,26.834,0 92.989,26.834,0 92.989,26.833,0 92.988,26.833,0 92.988,26.832,0 92.988,26.831,0 92.988,26.83,0 92.988,26.831,0 92.989,26.832,0 92.99,26.833,0 92.991,26.834,0 92.991,26.835,0 92.991,26.836,0 92.992,26.836,0 92.993,26.836,0 92.994,26.836,0</coordinates>
            </LinearRing>
          </outerBoundaryIs>
        </Polygon>
      </MultiGeometry>
    </Placemark>
    <Placemark>
      <name>Un-named Block (14737)</name>
      <description><![CDATA[
        <h3>Un-named Block (14737)</h3>
        <p><b>Village ID:</b> 14737<br/>
        <b>Sub-District:</b> Na-Duar<br/>
        <b>District:</b> SONITPUR<br/>
        <b>Coordinates:</b> 26.852, 92.9</p>
      ]]></description>
      <styleUrl>#villageStyle</styleUrl>
      <MultiGeometry>
        <Point>
          <coordinates>92.9,26.852,0</coordinates>
        </Point>
        <Polygon>
          <outerBoundaryIs>
            <LinearRing>
              <coordinates>92.898,26.858,0 92.896,26.859,0 92.894,26.859,0 92.893,26.858,0 92.892,26.858,0 92.891,26.857,0 92.89,26.852,0 92.891,26.85,0 92.891,26.849,0 92.892,26.849,0 92.893,26.848,0 92.894,26.848,0 92.895,26.848,0 92.896,26.847,0 92.897,26.847,0 92.898,26.846,0 92.899,26.846,0 92.902,26.845,0 92.904,26.846,0 92.906,26.846,0 92.908,26.846,0 92.91,26.846,0 92.91,26.848,0 92.91,26.85,0 92.91,26.851,0 92.91,26.853,0 92.91,26.854,0 92.909,26.854,0 92.908,26.855,0 92.907,26.855,0 92.905,26.856,0 92.904,26.856,0 92.903,26.855,0 92.901,26.855,0 92.9,26.855,0 92.899,26.856,0 92.899,26.857,0 92.898,26.858,0</coordinates>
            </LinearRing>
          </outerBoundaryIs>
        </Polygon>
      </MultiGeometry>
    </Placemark>
    <Placemark>
      <name>Un-named Block (14751)</name>
      <description><![CDATA[
        <h3>Un-named Block (14751)</h3>
        <p><b>Village ID:</b> 14751<br/>
        <b>Sub-District:</b> Na-Duar<br/>
        <b>District:</b> SONITPUR<br/>
        <b>Coordinates:</b> 26.831, 93.01</p>
      ]]></description>
      <styleUrl>#villageStyle</styleUrl>
      <MultiGeometry>
        <Point>
          <coordinates>93.01,26.831,0</coordinates>
        </Point>
        <Polygon>
          <outerBoundaryIs>
            <LinearRing>
              <coordinates>93.018,26.823,0 93.018,26.824,0 93.018,26.825,0 93.018,26.826,0 93.019,26.827,0 93.019,26.828,0 93.019,26.829,0 93.019,26.83,0 93.02,26.832,0 93.02,26.833,0 93.02,26.835,0 93.021,26.836,0 93.021,26.838,0 93.021,26.839,0 93.021,26.84,0 93.021,26.841,0 93.021,26.843,0 93.021,26.845,0 93.02,26.844,0 93.017,26.843,0 93.016,26.843,0 93.013,26.843,0 93.01,26.844,0 93.007,26.844,0 93.005,26.844,0 93.001,26.844,0 93.0,26.845,0 93.0,26.843,0 93.0,26.841,0 93.0,26.839,0 92.999,26.837,0 92.999,26.835,0 93.0,26.834,0 93.0,26.833,0 92.999,26.832,0 93.0,26.832,0 93.001,26.832,0 93.002,26.832,0 93.003,26.832,0 93.003,26.831,0 93.003,26.83,0 93.003,26.829,0 93.003,26.828,0 93.003,26.827,0 93.002,26.826,0 93.002,26.825,0 93.002,26.824,0 93.002,26.823,0 93.002,26.822,0 93.002,26.821,0 93.002,26.82,0 93.003,26.82,0 93.004,26.82,0 93.006,26.82,0 93.007,26.82,0 93.008,26.82,0 93.009,26.819,0 93.011,26.819,0 93.012,26.819,0 93.013,26.82,0 93.014,26.82,0 93.015,26.821,0 93.016,26.821,0 93.017,26.822,0 93.018,26.823,0</coordinates>
            </LinearRing>
          </outerBoundaryIs>
        </Polygon>
      </MultiGeometry>
    </Placemark>
    <Placemark>
      <name>Un-named Block (14752)</name>
      <description><![CDATA[
        <h3>Un-named Block (14752)</h3>
        <p><b>Village ID:</b> 14752<br/>
        <b>Sub-District:</b> Na-Duar<br/>
        <b>District:</b> SONITPUR<br/>
        <b>Coordinates:</b> 26.825, 92.982</p>
      ]]></description>
      <styleUrl>#villageStyle</styleUrl>
      <MultiGeometry>
        <Point>
          <coordinates>92.982,26.825,0</coordinates>
        </Point>
        <Polygon>
          <outerBoundaryIs>
            <LinearRing>
              <coordinates>92.987,26.83,0 92.986,26.83,0 92.985,26.83,0 92.983,26.83,0 92.982,26.83,0 92.982,26.831,0 92.982,26.832,0 92.982,26.833,0 92.983,26.834,0 92.983,26.835,0 92.983,26.836,0 92.983,26.837,0 92.982,26.837,0 92.982,26.836,0 92.981,26.833,0 92.98,26.832,0 92.98,26.831,0 92.979,26.829,0 92.978,26.827,0 92.977,26.826,0 92.976,26.824,0 92.976,26.823,0 92.975,26.821,0 92.975,26.82,0 92.975,26.819,0 92.976,26.819,0 92.976,26.818,0 92.976,26.817,0 92.977,26.816,0 92.978,26.816,0 92.98,26.815,0 92.982,26.814,0 92.983,26.814,0 92.984,26.814,0 92.984,26.813,0 92.984,26.814,0 92.985,26.815,0 92.985,26.816,0 92.986,26.818,0 92.986,26.819,0 92.987,26.82,0 92.987,26.821,0 92.986,26.821,0 92.986,26.822,0 92.985,26.823,0 92.984,26.824,0 92.983,26.825,0 92.983,26.826,0 92.984,26.826,0 92.984,26.827,0 92.985,26.827,0 92.985,26.828,0 92.986,26.829,0 92.987,26.83,0</coordinates>
            </LinearRing>
          </outerBoundaryIs>
        </Polygon>
      </MultiGeometry>
    </Placemark>
    <Placemark>
      <name>Purani Bar Dikarai</name>
      <description><![CDATA[
        <h3>Purani Bar Dikarai</h3>
        <p><b>Village ID:</b> 14758<br/>
        <b>Sub-District:</b> Na-Duar<br/>
        <b>District:</b> SONITPUR<br/>
        <b>Coordinates:</b> 26.871, 92.893</p>
      ]]></description>
      <styleUrl>#villageStyle</styleUrl>
      <MultiGeometry>
        <Point>
          <coordinates>92.893,26.871,0</coordinates>
        </Point>
        <Polygon>
          <outerBoundaryIs>
            <LinearRing>
              <coordinates>92.9,26.875,0 92.899,26.875,0 92.897,26.876,0 92.896,26.877,0 92.894,26.875,0 92.893,26.873,0 92.892,26.872,0 92.891,26.871,0 92.889,26.87,0 92.888,26.869,0 92.888,26.868,0 92.886,26.867,0 92.887,26.867,0 92.889,26.867,0 92.891,26.867,0 92.892,26.867,0 92.893,26.867,0 92.894,26.869,0 92.895,26.87,0 92.897,26.872,0 92.898,26.873,0 92.899,26.874,0 92.9,26.875,0</coordinates>
            </LinearRing>
          </outerBoundaryIs>
        </Polygon>
      </MultiGeometry>
    </Placemark>
    <Placemark>
      <name>Ghiladhari Basti</name>
      <description><![CDATA[
        <h3>Ghiladhari Basti</h3>
        <p><b>Village ID:</b> 14771<br/>
        <b>Sub-District:</b> Na-Duar<br/>
        <b>District:</b> SONITPUR<br/>
        <b>Coordinates:</b> 26.824, 93.052</p>
      ]]></description>
      <styleUrl>#villageStyle</styleUrl>
      <MultiGeometry>
        <Point>
          <coordinates>93.052,26.824,0</coordinates>
        </Point>
        <Polygon>
          <outerBoundaryIs>
            <LinearRing>
              <coordinates>93.049,26.836,0 93.048,26.836,0 93.045,26.836,0 93.043,26.836,0 93.041,26.836,0 93.04,26.836,0 93.039,26.836,0 93.039,26.835,0 93.038,26.833,0 93.04,26.833,0 93.041,26.832,0 93.043,26.832,0 93.044,26.832,0 93.045,26.832,0 93.046,26.832,0 93.046,26.831,0 93.047,26.831,0 93.047,26.83,0 93.047,26.828,0 93.047,26.827,0 93.047,26.826,0 93.047,26.825,0 93.048,26.825,0 93.049,26.825,0 93.05,26.825,0 93.051,26.824,0 93.053,26.824,0 93.054,26.823,0 93.055,26.823,0 93.056,26.823,0 93.057,26.823,0 93.058,26.822,0 93.058,26.821,0 93.059,26.82,0 93.059,26.819,0 93.058,26.817,0 93.057,26.816,0 93.056,26.816,0 93.056,26.815,0 93.054,26.815,0 93.054,26.814,0 93.053,26.814,0 93.053,26.813,0 93.053,26.812,0 93.053,26.811,0 93.053,26.809,0 93.053,26.808,0 93.053,26.807,0 93.054,26.807,0 93.055,26.806,0 93.057,26.805,0 93.058,26.805,0 93.059,26.807,0 93.061,26.809,0 93.061,26.811,0 93.063,26.815,0 93.064,26.82,0 93.064,26.822,0 93.063,26.823,0 93.062,26.825,0 93.059,26.828,0 93.059,26.829,0 93.058,26.83,0 93.057,26.83,0 93.056,26.83,0 93.055,26.83,0 93.054,26.83,0 93.053,26.831,0 93.053,26.832,0 93.052,26.833,0 93.052,26.834,0 93.051,26.834,0 93.05,26.836,0 93.049,26.836,0</coordinates>
            </LinearRing>
          </outerBoundaryIs>
        </Polygon>
      </MultiGeometry>
    </Placemark>
    <Placemark>
      <name>Chari Pukhuri</name>
      <description><![CDATA[
        <h3>Chari Pukhuri</h3>
        <p><b>Village ID:</b> 14782<br/>
        <b>Sub-District:</b> Na-Duar<br/>
        <b>District:</b> SONITPUR<br/>
        <b>Coordinates:</b> 26.837, 92.901</p>
      ]]></description>
      <styleUrl>#villageStyle</styleUrl>
      <MultiGeometry>
        <Point>
          <coordinates>92.901,26.837,0</coordinates>
        </Point>
        <Polygon>
          <outerBoundaryIs>
            <LinearRing>
              <coordinates>92.911,26.841,0 92.911,26.843,0 92.91,26.845,0 92.91,26.846,0 92.908,26.846,0 92.906,26.846,0 92.904,26.846,0 92.902,26.845,0 92.899,26.846,0 92.898,26.846,0 92.898,26.844,0 92.897,26.843,0 92.897,26.841,0 92.896,26.839,0 92.896,26.838,0 92.896,26.836,0 92.895,26.834,0 92.895,26.833,0 92.894,26.832,0 92.894,26.831,0 92.894,26.83,0 92.894,26.829,0 92.895,26.829,0 92.897,26.829,0 92.899,26.829,0 92.902,26.829,0 92.903,26.829,0 92.904,26.829,0 92.905,26.83,0 92.906,26.83,0 92.906,26.831,0 92.907,26.834,0 92.909,26.839,0 92.911,26.841,0</coordinates>
            </LinearRing>
          </outerBoundaryIs>
        </Polygon>
      </MultiGeometry>
    </Placemark>
    <Placemark>
      <name>Ranga Chakua</name>
      <description><![CDATA[
        <h3>Ranga Chakua</h3>
        <p><b>Village ID:</b> 14783<br/>
        <b>Sub-District:</b> Na-Duar<br/>
        <b>District:</b> SONITPUR<br/>
        <b>Coordinates:</b> 26.832, 92.919</p>
      ]]></description>
      <styleUrl>#villageStyle</styleUrl>
      <MultiGeometry>
        <Point>
          <coordinates>92.919,26.832,0</coordinates>
        </Point>
        <Polygon>
          <outerBoundaryIs>
            <LinearRing>
              <coordinates>92.922,26.844,0 92.921,26.844,0 92.92,26.844,0 92.919,26.845,0 92.918,26.845,0 92.918,26.846,0 92.917,26.845,0 92.916,26.845,0 92.915,26.846,0 92.915,26.845,0 92.914,26.844,0 92.913,26.843,0 92.912,26.842,0 92.911,26.841,0 92.909,26.839,0 92.907,26.834,0 92.906,26.831,0 92.906,26.83,0 92.906,26.829,0 92.907,26.827,0 92.908,26.827,0 92.909,26.826,0 92.911,26.825,0 92.912,26.825,0 92.914,26.824,0 92.917,26.824,0 92.918,26.823,0 92.919,26.822,0 92.92,26.821,0 92.922,26.819,0 92.922,26.817,0 92.923,26.816,0 92.924,26.815,0 92.925,26.813,0 92.926,26.813,0 92.926,26.814,0 92.926,26.815,0 92.926,26.817,0 92.926,26.819,0 92.926,26.821,0 92.926,26.823,0 92.926,26.825,0 92.926,26.827,0 92.926,26.829,0 92.926,26.831,0 92.926,26.833,0 92.926,26.834,0 92.926,26.836,0 92.926,26.837,0 92.926,26.838,0 92.927,26.84,0 92.926,26.842,0 92.926,26.843,0 92.925,26.844,0 92.924,26.844,0 92.923,26.843,0 92.922,26.844,0</coordinates>
            </LinearRing>
          </outerBoundaryIs>
        </Polygon>
      </MultiGeometry>
    </Placemark>
    <Placemark>
      <name>Gorbil</name>
      <description><![CDATA[
        <h3>Gorbil</h3>
        <p><b>Village ID:</b> 14784<br/>
        <b>Sub-District:</b> Na-Duar<br/>
        <b>District:</b> SONITPUR<br/>
        <b>Coordinates:</b> 26.839, 92.89</p>
      ]]></description>
      <styleUrl>#villageStyle</styleUrl>
      <MultiGeometry>
        <Point>
          <coordinates>92.89,26.839,0</coordinates>
        </Point>
        <Polygon>
          <outerBoundaryIs>
            <LinearRing>
              <coordinates>92.898,26.846,0 92.897,26.847,0 92.896,26.847,0 92.895,26.848,0 92.894,26.848,0 92.893,26.848,0 92.892,26.848,0 92.891,26.848,0 92.89,26.847,0 92.889,26.845,0 92.888,26.845,0 92.887,26.844,0 92.886,26.844,0 92.885,26.844,0 92.883,26.843,0 92.882,26.843,0 92.881,26.84,0 92.881,26.837,0 92.88,26.835,0 92.879,26.832,0 92.88,26.832,0 92.881,26.832,0 92.882,26.832,0 92.883,26.832,0 92.884,26.832,0 92.885,26.832,0 92.885,26.831,0 92.886,26.831,0 92.887,26.831,0 92.888,26.831,0 92.89,26.832,0 92.891,26.832,0 92.892,26.832,0 92.893,26.831,0 92.894,26.831,0 92.894,26.832,0 92.895,26.833,0 92.895,26.834,0 92.896,26.836,0 92.896,26.838,0 92.896,26.839,0 92.897,26.841,0 92.897,26.843,0 92.898,26.844,0 92.898,26.846,0</coordinates>
            </LinearRing>
          </outerBoundaryIs>
        </Polygon>
      </MultiGeometry>
    </Placemark>
    <Placemark>
      <name>No.1 Batamari</name>
      <description><![CDATA[
        <h3>No.1 Batamari</h3>
        <p><b>Village ID:</b> 14788<br/>
        <b>Sub-District:</b> Na-Duar<br/>
        <b>District:</b> SONITPUR<br/>
        <b>Coordinates:</b> 26.851, 92.919</p>
      ]]></description>
      <styleUrl>#villageStyle</styleUrl>
      <MultiGeometry>
        <Point>
          <coordinates>92.919,26.851,0</coordinates>
        </Point>
        <Polygon>
          <outerBoundaryIs>
            <LinearRing>
              <coordinates>92.929,26.858,0 92.927,26.858,0 92.925,26.857,0 92.923,26.858,0 92.92,26.858,0 92.919,26.858,0 92.919,26.857,0 92.918,26.857,0 92.917,26.856,0 92.916,26.856,0 92.915,26.855,0 92.914,26.855,0 92.913,26.855,0 92.913,26.854,0 92.912,26.854,0 92.911,26.854,0 92.91,26.854,0 92.91,26.853,0 92.91,26.851,0 92.91,26.85,0 92.91,26.848,0 92.91,26.846,0 92.91,26.845,0 92.911,26.843,0 92.911,26.841,0 92.912,26.842,0 92.913,26.843,0 92.914,26.844,0 92.915,26.845,0 92.915,26.846,0 92.916,26.845,0 92.917,26.845,0 92.918,26.846,0 92.918,26.845,0 92.919,26.845,0 92.92,26.844,0 92.921,26.844,0 92.922,26.844,0 92.923,26.844,0 92.924,26.845,0 92.924,26.847,0 92.925,26.848,0 92.924,26.849,0 92.924,26.85,0 92.925,26.852,0 92.925,26.853,0 92.926,26.854,0 92.927,26.855,0 92.928,26.855,0 92.928,26.856,0 92.929,26.857,0 92.929,26.858,0</coordinates>
            </LinearRing>
          </outerBoundaryIs>
        </Polygon>
      </MultiGeometry>
    </Placemark>
    <Placemark>
      <name>No.2 Batamari</name>
      <description><![CDATA[
        <h3>No.2 Batamari</h3>
        <p><b>Village ID:</b> 14789<br/>
        <b>Sub-District:</b> Na-Duar<br/>
        <b>District:</b> SONITPUR<br/>
        <b>Coordinates:</b> 26.846, 92.93</p>
      ]]></description>
      <styleUrl>#villageStyle</styleUrl>
      <MultiGeometry>
        <Point>
          <coordinates>92.93,26.846,0</coordinates>
        </Point>
        <Polygon>
          <outerBoundaryIs>
            <LinearRing>
              <coordinates>92.935,26.838,0 92.935,26.839,0 92.935,26.84,0 92.935,26.841,0 92.935,26.842,0 92.935,26.843,0 92.935,26.844,0 92.934,26.845,0 92.934,26.846,0 92.935,26.847,0 92.936,26.848,0 92.936,26.849,0 92.936,26.85,0 92.936,26.851,0 92.935,26.852,0 92.935,26.853,0 92.934,26.854,0 92.934,26.855,0 92.933,26.855,0 92.932,26.855,0 92.931,26.855,0 92.93,26.855,0 92.93,26.858,0 92.929,26.858,0 92.929,26.857,0 92.928,26.856,0 92.928,26.855,0 92.927,26.855,0 92.926,26.854,0 92.925,26.853,0 92.925,26.852,0 92.924,26.85,0 92.924,26.849,0 92.925,26.848,0 92.924,26.847,0 92.924,26.845,0 92.923,26.844,0 92.922,26.844,0 92.923,26.843,0 92.924,26.844,0 92.925,26.844,0 92.926,26.843,0 92.926,26.842,0 92.927,26.84,0 92.926,26.838,0 92.926,26.837,0 92.926,26.836,0 92.927,26.836,0 92.928,26.836,0 92.929,26.836,0 92.93,26.836,0 92.931,26.836,0 92.932,26.836,0 92.933,26.837,0 92.934,26.837,0 92.934,26.838,0 92.935,26.838,0</coordinates>
            </LinearRing>
          </outerBoundaryIs>
        </Polygon>
      </MultiGeometry>
    </Placemark>
    <Placemark>
      <name>No.2 Tezalpati</name>
      <description><![CDATA[
        <h3>No.2 Tezalpati</h3>
        <p><b>Village ID:</b> 14860<br/>
        <b>Sub-District:</b> Na-Duar<br/>
        <b>District:</b> SONITPUR<br/>
        <b>Coordinates:</b> 26.835, 92.96</p>
      ]]></description>
      <styleUrl>#villageStyle</styleUrl>
      <MultiGeometry>
        <Point>
          <coordinates>92.96,26.835,0</coordinates>
        </Point>
        <Polygon>
          <outerBoundaryIs>
            <LinearRing>
              <coordinates>92.968,26.839,0 92.965,26.839,0 92.962,26.839,0 92.959,26.838,0 92.957,26.839,0 92.953,26.839,0 92.953,26.838,0 92.952,26.838,0 92.952,26.837,0 92.952,26.836,0 92.952,26.835,0 92.952,26.834,0 92.953,26.832,0 92.954,26.831,0 92.955,26.831,0 92.957,26.831,0 92.959,26.831,0 92.96,26.831,0 92.962,26.831,0 92.964,26.831,0 92.965,26.831,0 92.965,26.832,0 92.965,26.833,0 92.966,26.834,0 92.967,26.835,0 92.967,26.836,0 92.968,26.836,0 92.968,26.837,0 92.968,26.838,0 92.968,26.839,0</coordinates>
            </LinearRing>
          </outerBoundaryIs>
        </Polygon>
      </MultiGeometry>
    </Placemark>
    <Placemark>
      <name>Un-named Block (14881)</name>
      <description><![CDATA[
        <h3>Un-named Block (14881)</h3>
        <p><b>Village ID:</b> 14881<br/>
        <b>Sub-District:</b> Na-Duar<br/>
        <b>District:</b> SONITPUR<br/>
        <b>Coordinates:</b> 26.85, 93.011</p>
      ]]></description>
      <styleUrl>#villageStyle</styleUrl>
      <MultiGeometry>
        <Point>
          <coordinates>93.011,26.85,0</coordinates>
        </Point>
        <Polygon>
          <outerBoundaryIs>
            <LinearRing>
              <coordinates>93.021,26.845,0 93.021,26.846,0 93.021,26.847,0 93.021,26.848,0 93.021,26.849,0 93.021,26.85,0 93.02,26.852,0 93.02,26.853,0 93.019,26.854,0 93.019,26.855,0 93.018,26.855,0 93.017,26.855,0 93.016,26.855,0 93.014,26.854,0 93.013,26.854,0 93.011,26.854,0 93.01,26.854,0 93.008,26.854,0 93.007,26.854,0 93.005,26.854,0 93.005,26.853,0 93.004,26.853,0 93.003,26.854,0 93.001,26.854,0 92.999,26.853,0 93.0,26.851,0 93.0,26.85,0 93.0,26.848,0 93.0,26.846,0 93.0,26.845,0 93.001,26.844,0 93.005,26.844,0 93.007,26.844,0 93.01,26.844,0 93.013,26.843,0 93.016,26.843,0 93.017,26.843,0 93.02,26.844,0 93.021,26.845,0</coordinates>
            </LinearRing>
          </outerBoundaryIs>
        </Polygon>
      </MultiGeometry>
    </Placemark>
    <Placemark>
      <name>Un-named Block (14894)</name>
      <description><![CDATA[
        <h3>Un-named Block (14894)</h3>
        <p><b>Village ID:</b> 14894<br/>
        <b>Sub-District:</b> Na-Duar<br/>
        <b>District:</b> SONITPUR<br/>
        <b>Coordinates:</b> 26.857, 92.99</p>
      ]]></description>
      <styleUrl>#villageStyle</styleUrl>
      <MultiGeometry>
        <Point>
          <coordinates>92.99,26.857,0</coordinates>
        </Point>
        <Polygon>
          <outerBoundaryIs>
            <LinearRing>
              <coordinates>92.999,26.853,0 92.999,26.854,0 92.998,26.854,0 92.997,26.856,0 92.997,26.857,0 92.996,26.858,0 92.996,26.859,0 92.995,26.861,0 92.994,26.863,0 92.994,26.864,0 92.994,26.865,0 92.993,26.866,0 92.993,26.867,0 92.993,26.868,0 92.992,26.87,0 92.991,26.872,0 92.99,26.873,0 92.989,26.875,0 92.989,26.876,0 92.987,26.876,0 92.985,26.876,0 92.979,26.876,0 92.978,26.876,0 92.978,26.875,0 92.978,26.874,0 92.978,26.872,0 92.978,26.871,0 92.978,26.869,0 92.978,26.867,0 92.978,26.865,0 92.977,26.864,0 92.977,26.863,0 92.978,26.863,0 92.979,26.863,0 92.979,26.864,0 92.98,26.864,0 92.981,26.864,0 92.981,26.863,0 92.982,26.863,0 92.982,26.862,0 92.981,26.861,0 92.981,26.86,0 92.981,26.859,0 92.982,26.859,0 92.983,26.859,0 92.983,26.858,0 92.984,26.857,0 92.985,26.857,0 92.986,26.857,0 92.986,26.856,0 92.987,26.856,0 92.988,26.855,0 92.989,26.856,0 92.99,26.856,0 92.991,26.857,0 92.992,26.857,0 92.993,26.856,0 92.994,26.856,0 92.994,26.855,0 92.993,26.855,0 92.992,26.854,0 92.991,26.853,0 92.99,26.853,0 92.989,26.852,0 92.988,26.851,0 92.988,26.85,0 92.992,26.847,0 92.994,26.845,0 92.996,26.844,0 92.997,26.843,0 92.997,26.842,0 92.996,26.839,0 92.995,26.838,0 92.995,26.837,0 92.994,26.836,0 92.995,26.836,0 92.996,26.835,0 92.998,26.835,0 92.999,26.835,0 92.999,26.837,0 93.0,26.839,0 93.0,26.841,0 93.0,26.843,0 93.0,26.845,0 93.0,26.846,0 93.0,26.848,0 93.0,26.85,0 93.0,26.851,0 92.999,26.853,0</coordinates>
            </LinearRing>
          </outerBoundaryIs>
        </Polygon>
      </MultiGeometry>
    </Placemark>
    <Placemark>
      <name>Un-named Block (14995)</name>
      <description><![CDATA[
        <h3>Un-named Block (14995)</h3>
        <p><b>Village ID:</b> 14995<br/>
        <b>Sub-District:</b> Na-Duar<br/>
        <b>District:</b> SONITPUR<br/>
        <b>Coordinates:</b> 26.833, 92.994</p>
      ]]></description>
      <styleUrl>#villageStyle</styleUrl>
      <MultiGeometry>
        <Point>
          <coordinates>92.994,26.833,0</coordinates>
        </Point>
        <Polygon>
          <outerBoundaryIs>
            <LinearRing>
              <coordinates>92.994,26.836,0 92.993,26.836,0 92.992,26.836,0 92.991,26.836,0 92.991,26.835,0 92.991,26.834,0 92.99,26.833,0 92.989,26.832,0 92.988,26.831,0 92.988,26.83,0 92.989,26.83,0 92.99,26.83,0 92.991,26.83,0 92.993,26.831,0 92.995,26.832,0 92.997,26.832,0 92.998,26.832,0 92.999,26.832,0 93.0,26.833,0 93.0,26.834,0 92.999,26.835,0 92.998,26.835,0 92.996,26.835,0 92.995,26.836,0 92.994,26.836,0</coordinates>
            </LinearRing>
          </outerBoundaryIs>
        </Polygon>
      </MultiGeometry>
    </Placemark>
    <Placemark>
      <name>Balijuri</name>
      <description><![CDATA[
        <h3>Balijuri</h3>
        <p><b>Village ID:</b> 15324<br/>
        <b>Sub-District:</b> Na-Duar<br/>
        <b>District:</b> SONITPUR<br/>
        <b>Coordinates:</b> 26.865, 92.949</p>
      ]]></description>
      <styleUrl>#villageStyle</styleUrl>
      <MultiGeometry>
        <Point>
          <coordinates>92.949,26.865,0</coordinates>
        </Point>
        <Polygon>
          <outerBoundaryIs>
            <LinearRing>
              <coordinates>92.959,26.877,0 92.955,26.877,0 92.952,26.877,0 92.951,26.877,0 92.948,26.877,0 92.945,26.877,0 92.943,26.877,0 92.941,26.878,0 92.941,26.877,0 92.94,26.876,0 92.94,26.875,0 92.94,26.874,0 92.94,26.873,0 92.939,26.871,0 92.939,26.869,0 92.939,26.868,0 92.939,26.866,0 92.939,26.865,0 92.939,26.863,0 92.939,26.862,0 92.939,26.861,0 92.939,26.86,0 92.94,26.86,0 92.94,26.859,0 92.941,26.858,0 92.942,26.857,0 92.943,26.857,0 92.944,26.856,0 92.945,26.856,0 92.946,26.856,0 92.946,26.855,0 92.947,26.854,0 92.948,26.853,0 92.949,26.853,0 92.95,26.852,0 92.951,26.853,0 92.952,26.853,0 92.954,26.853,0 92.955,26.854,0 92.956,26.855,0 92.957,26.855,0 92.957,26.856,0 92.957,26.857,0 92.957,26.858,0 92.957,26.859,0 92.957,26.86,0 92.956,26.86,0 92.956,26.862,0 92.956,26.864,0 92.956,26.866,0 92.956,26.867,0 92.955,26.868,0 92.955,26.869,0 92.955,26.871,0 92.956,26.872,0 92.956,26.873,0 92.958,26.875,0 92.959,26.876,0 92.959,26.877,0</coordinates>
            </LinearRing>
          </outerBoundaryIs>
        </Polygon>
      </MultiGeometry>
    </Placemark>
    <Placemark>
      <name>Morisuti</name>
      <description><![CDATA[
        <h3>Morisuti</h3>
        <p><b>Village ID:</b> 15341<br/>
        <b>Sub-District:</b> Na-Duar<br/>
        <b>District:</b> SONITPUR<br/>
        <b>Coordinates:</b> 26.864, 92.907</p>
      ]]></description>
      <styleUrl>#villageStyle</styleUrl>
      <MultiGeometry>
        <Point>
          <coordinates>92.907,26.864,0</coordinates>
        </Point>
        <Polygon>
          <outerBoundaryIs>
            <LinearRing>
              <coordinates>92.914,26.879,0 92.904,26.879,0 92.902,26.876,0 92.901,26.875,0 92.9,26.875,0 92.899,26.874,0 92.898,26.873,0 92.897,26.872,0 92.895,26.87,0 92.894,26.869,0 92.893,26.867,0 92.892,26.867,0 92.892,26.866,0 92.892,26.865,0 92.893,26.865,0 92.894,26.865,0 92.895,26.865,0 92.896,26.865,0 92.897,26.865,0 92.897,26.864,0 92.897,26.862,0 92.897,26.861,0 92.897,26.86,0 92.898,26.86,0 92.898,26.859,0 92.898,26.858,0 92.899,26.857,0 92.899,26.856,0 92.9,26.855,0 92.901,26.855,0 92.903,26.855,0 92.904,26.856,0 92.905,26.856,0 92.907,26.855,0 92.908,26.855,0 92.909,26.854,0 92.91,26.854,0 92.911,26.854,0 92.912,26.854,0 92.913,26.854,0 92.913,26.855,0 92.914,26.855,0 92.915,26.855,0 92.916,26.856,0 92.917,26.856,0 92.918,26.857,0 92.919,26.857,0 92.919,26.858,0 92.919,26.859,0 92.918,26.86,0 92.918,26.861,0 92.917,26.863,0 92.917,26.864,0 92.917,26.865,0 92.918,26.866,0 92.919,26.867,0 92.919,26.868,0 92.919,26.869,0 92.919,26.87,0 92.918,26.872,0 92.917,26.873,0 92.916,26.874,0 92.916,26.875,0 92.916,26.876,0 92.915,26.877,0 92.914,26.879,0</coordinates>
            </LinearRing>
          </outerBoundaryIs>
        </Polygon>
      </MultiGeometry>
    </Placemark>
    <Placemark>
      <name>Christan Basti</name>
      <description><![CDATA[
        <h3>Christan Basti</h3>
        <p><b>Village ID:</b> 15343<br/>
        <b>Sub-District:</b> Na-Duar<br/>
        <b>District:</b> SONITPUR<br/>
        <b>Coordinates:</b> 26.868, 92.928</p>
      ]]></description>
      <styleUrl>#villageStyle</styleUrl>
      <MultiGeometry>
        <Point>
          <coordinates>92.928,26.868,0</coordinates>
        </Point>
        <Polygon>
          <outerBoundaryIs>
            <LinearRing>
              <coordinates>92.941,26.878,0 92.937,26.878,0 92.935,26.878,0 92.933,26.878,0 92.931,26.878,0 92.927,26.878,0 92.922,26.878,0 92.92,26.878,0 92.916,26.878,0 92.914,26.879,0 92.915,26.877,0 92.916,26.876,0 92.916,26.875,0 92.916,26.874,0 92.917,26.873,0 92.918,26.872,0 92.919,26.87,0 92.919,26.869,0 92.919,26.868,0 92.919,26.867,0 92.918,26.866,0 92.917,26.865,0 92.917,26.864,0 92.917,26.863,0 92.918,26.861,0 92.918,26.86,0 92.919,26.859,0 92.919,26.858,0 92.92,26.858,0 92.923,26.858,0 92.925,26.857,0 92.927,26.858,0 92.929,26.858,0 92.93,26.858,0 92.93,26.859,0 92.93,26.86,0 92.931,26.86,0 92.932,26.86,0 92.933,26.86,0 92.935,26.86,0 92.937,26.86,0 92.938,26.86,0 92.939,26.86,0 92.939,26.861,0 92.939,26.862,0 92.939,26.863,0 92.939,26.865,0 92.939,26.866,0 92.939,26.868,0 92.939,26.869,0 92.939,26.871,0 92.94,26.873,0 92.94,26.874,0 92.94,26.875,0 92.94,26.876,0 92.941,26.877,0 92.941,26.878,0</coordinates>
            </LinearRing>
          </outerBoundaryIs>
        </Polygon>
      </MultiGeometry>
    </Placemark>
    <Placemark>
      <name>Na-Duar Reserve Forest</name>
      <description><![CDATA[
        <h3>Na-Duar Reserve Forest</h3>
        <p><b>Village ID:</b> 15404<br/>
        <b>Sub-District:</b> Na-Duar<br/>
        <b>District:</b> SONITPUR<br/>
        <b>Coordinates:</b> 26.875, 93.003</p>
      ]]></description>
      <styleUrl>#villageStyle</styleUrl>
      <MultiGeometry>
        <Point>
          <coordinates>93.003,26.875,0</coordinates>
        </Point>
        <Polygon>
          <outerBoundaryIs>
            <LinearRing>
              <coordinates>93.062,26.922,0 93.061,26.922,0 93.06,26.922,0 93.058,26.921,0 93.055,26.921,0 93.054,26.92,0 93.052,26.92,0 93.05,26.92,0 93.048,26.919,0 93.047,26.919,0 93.045,26.918,0 93.044,26.918,0 93.042,26.918,0 93.041,26.917,0 93.039,26.917,0 93.037,26.917,0 93.036,26.916,0 93.034,26.916,0 93.032,26.915,0 93.03,26.915,0 93.029,26.915,0 93.028,26.914,0 93.027,26.914,0 93.026,26.914,0 93.024,26.914,0 93.024,26.913,0 93.023,26.914,0 93.022,26.914,0 93.021,26.914,0 93.02,26.915,0 93.017,26.916,0 93.015,26.917,0 93.013,26.919,0 93.01,26.92,0 93.008,26.921,0 93.005,26.923,0 93.004,26.923,0 93.002,26.925,0 93.0,26.925,0 92.999,26.926,0 92.997,26.927,0 92.995,26.928,0 92.989,26.932,0 92.984,26.935,0 92.983,26.936,0 92.981,26.933,0 92.979,26.931,0 92.978,26.93,0 92.977,26.929,0 92.975,26.929,0 92.974,26.928,0 92.973,26.928,0 92.972,26.927,0 92.971,26.926,0 92.969,26.924,0 92.968,26.923,0 92.966,26.922,0 92.966,26.92,0 92.964,26.918,0 92.962,26.917,0 92.961,26.916,0 92.959,26.915,0 92.959,26.913,0 92.958,26.913,0 92.958,26.911,0 92.958,26.91,0 92.958,26.909,0 92.957,26.909,0 92.956,26.908,0 92.955,26.908,0 92.953,26.907,0 92.951,26.906,0 92.95,26.905,0 92.949,26.903,0 92.947,26.902,0 92.945,26.899,0 92.944,26.897,0 92.943,26.896,0 92.94,26.894,0 92.936,26.892,0 92.935,26.891,0 92.933,26.89,0 92.931,26.89,0 92.93,26.89,0 92.928,26.889,0 92.925,26.888,0 92.923,26.886,0 92.921,26.886,0 92.919,26.885,0 92.918,26.884,0 92.916,26.882,0 92.915,26.882,0 92.911,26.881,0 92.907,26.881,0 92.906,26.881,0 92.905,26.88,0 92.904,26.879,0 92.914,26.879,0 92.916,26.878,0 92.92,26.878,0 92.922,26.878,0 92.927,26.878,0 92.931,26.878,0 92.933,26.878,0 92.935,26.878,0 92.937,26.878,0 92.941,26.878,0 92.943,26.877,0 92.945,26.877,0 92.948,26.877,0 92.951,26.877,0 92.952,26.877,0 92.955,26.877,0 92.959,26.877,0 92.961,26.877,0 92.965,26.877,0 92.968,26.877,0 92.969,26.877,0 92.972,26.877,0 92.975,26.876,0 92.977,26.876,0 92.978,26.876,0 92.979,26.876,0 92.985,26.876,0 92.987,26.876,0 92.989,26.876,0 92.989,26.875,0 92.99,26.873,0 92.991,26.872,0 92.992,26.87,0 92.993,26.868,0 92.993,26.867,0 92.993,26.866,0 92.994,26.865,0 92.994,26.864,0 92.994,26.863,0 92.995,26.861,0 92.996,26.859,0 92.996,26.858,0 92.997,26.857,0 92.997,26.856,0 92.998,26.854,0 92.999,26.854,0 92.999,26.853,0 93.001,26.854,0 93.003,26.854,0 93.004,26.853,0 93.005,26.853,0 93.005,26.854,0 93.007,26.854,0 93.008,26.854,0 93.01,26.854,0 93.011,26.854,0 93.013,26.854,0 93.014,26.854,0 93.016,26.855,0 93.017,26.855,0 93.018,26.855,0 93.019,26.855,0 93.019,26.854,0 93.02,26.853,0 93.02,26.852,0 93.021,26.85,0 93.021,26.849,0 93.021,26.848,0 93.021,26.847,0 93.021,26.846,0 93.021,26.845,0 93.021,26.843,0 93.021,26.841,0 93.021,26.84,0 93.021,26.839,0 93.021,26.838,0 93.021,26.836,0 93.02,26.835,0 93.02,26.833,0 93.02,26.832,0 93.019,26.83,0 93.019,26.829,0 93.019,26.828,0 93.019,26.827,0 93.018,26.826,0 93.018,26.825,0 93.018,26.824,0 93.018,26.823,0 93.017,26.822,0 93.017,26.821,0 93.016,26.82,0 93.016,26.819,0 93.017,26.819,0 93.018,26.818,0 93.019,26.818,0 93.02,26.817,0 93.021,26.817,0 93.024,26.816,0 93.027,26.816,0 93.028,26.816,0 93.03,26.815,0 93.031,26.815,0 93.032,26.815,0 93.034,26.815,0 93.034,26.818,0 93.034,26.819,0 93.035,26.821,0 93.036,26.824,0 93.036,26.826,0 93.037,26.828,0 93.037,26.83,0 93.038,26.831,0 93.038,26.832,0 93.038,26.833,0 93.039,26.835,0 93.039,26.836,0 93.04,26.836,0 93.041,26.836,0 93.043,26.836,0 93.045,26.836,0 93.048,26.836,0 93.049,26.836,0 93.049,26.837,0 93.048,26.837,0 93.047,26.838,0 93.047,26.84,0 93.046,26.843,0 93.045,26.844,0 93.045,26.845,0 93.045,26.846,0 93.045,26.847,0 93.044,26.849,0 93.043,26.851,0 93.043,26.852,0 93.043,26.853,0 93.044,26.854,0 93.044,26.855,0 93.047,26.856,0 93.05,26.857,0 93.05,26.858,0 93.051,26.86,0 93.052,26.861,0 93.052,26.862,0 93.053,26.863,0 93.055,26.863,0 93.057,26.864,0 93.057,26.866,0 93.058,26.866,0 93.058,26.867,0 93.059,26.868,0 93.06,26.869,0 93.06,26.87,0 93.061,26.872,0 93.06,26.877,0 93.057,26.883,0 93.059,26.889,0 93.059,26.896,0 93.06,26.901,0 93.057,26.905,0 93.055,26.909,0 93.056,26.912,0 93.058,26.918,0 93.062,26.922,0</coordinates>
            </LinearRing>
          </outerBoundaryIs>
        </Polygon>
      </MultiGeometry>
    </Placemark>
  </Document>
</kml>