{
  "type": "FeatureCollection",
  "features": [
    {
      "type": "Feature",
      "properties": {
        "name": "Hailakandi"
      },
      "geometry": {
        "type": "Polygon",
        "coordinates": [
          [
            [
              92.596451,
              24.874713
            ],
            [
              92.59157,
              24.872737
            ],
            [
              92.569826,
              24.870514
            ],
            [
              92.568693,
              24.829822
            ],
            [
              92.553422,
              24.812584
            ],
            [
              92.545008,
              24.782081
            ],
            [
              92.544271,
              24.762688
            ],
            [
              92.525089,
              24.745116
            ],
            [
              92.521709,
              24.724933
            ],
            [
              92.509241,
              24.710181
            ],
            [
              92.497286,
              24.68483
            ],
            [
              92.503525,
              24.663036
            ],
            [
              92.504756,
              24.642062
            ],
            [
              92.508693,
              24.62456
            ],
            [
              92.5041,
              24.606004
            ],
            [
              92.512882,
              24.581916
            ],
            [
              92.516486,
              24.563066
            ],
            [
              92.509763,
              24.528178
            ],
            [
              92.507758,
              24.501122
            ],
            [
              92.507776,
              24.479242
            ],
            [
              92.505826,
              24.448368
            ],
            [
              92.498742,
              24.407901
            ],
            [
              92.491569,
              24.382682
            ],
            [
              92.480333,
              24.350025
            ],
            [
              92.451434,
              24.295256
            ],
            [
              92.43689,
              24.276777
            ],
            [
              92.421403,
              24.263544
            ],
            [
              92.421394,
              24.263536
            ],
            [
              92.420908,
              24.256013
            ],
            [
              92.419308,
              24.229089
            ],
            [
              92.418508,
              24.212114
            ],
            [
              92.429313,
              24.197021
            ],
            [
              92.436989,
              24.182951
            ],
            [
              92.435434,
              24.165712
            ],
            [
              92.448243,
              24.158747
            ],
            [
              92.464019,
              24.15
            ],
            [
              92.475533,
              24.155377
            ],
            [
              92.479614,
              24.164233
            ],
            [
              92.483821,
              24.174359
            ],
            [
              92.50152,
              24.175506
            ],
            [
              92.510805,
              24.177373
            ],
            [
              92.513295,
              24.187205
            ],
            [
              92.528666,
              24.188096
            ],
            [
              92.533233,
              24.201089
            ],
            [
              92.538923,
              24.216468
            ],
            [
              92.544864,
              24.231925
            ],
            [
              92.546536,
              24.25014
            ],
            [
              92.562258,
              24.260112
            ],
            [
              92.587085,
              24.255556
            ],
            [
              92.604874,
              24.260011
            ],
            [
              92.614914,
              24.281519
            ],
            [
              92.616316,
              24.298541
            ],
            [
              92.617323,
              24.31502
            ],
            [
              92.622033,
              24.336164
            ],
            [
              92.63451,
              24.344167
            ],
            [
              92.64277,
              24.336319
            ],
            [
              92.649512,
              24.339317
            ],
            [
              92.656335,
              24.351776
            ],
            [
              92.66766,
              24.354821
            ],
            [
              92.682852,
              24.357858
            ],
            [
              92.691858,
              24.370913
            ],
            [
              92.697665,
              24.382287
            ],
            [
              92.705432,
              24.393668
            ],
            [
              92.711571,
              24.409435
            ],
            [
              92.717153,
              24.422746
            ],
            [
              92.728344,
              24.456394
            ],
            [
              92.748317,
              24.494018
            ],
            [
              92.752596,
              24.509986
            ],
            [
              92.763913,
              24.524583
            ],
            [
              92.759877,
              24.529216
            ],
            [
              92.766681,
              24.541465
            ],
            [
              92.774367,
              24.551801
            ],
            [
              92.776165,
              24.562051
            ],
            [
              92.77949,
              24.572844
            ],
            [
              92.76758,
              24.572875
            ],
            [
              92.760326,
              24.579925
            ],
            [
              92.751634,
              24.586867
            ],
            [
              92.739742,
              24.589106
            ],
            [
              92.733036,
              24.585504
            ],
            [
              92.71851,
              24.570155
            ],
            [
              92.708353,
              24.570938
            ],
            [
              92.698897,
              24.575625
            ],
            [
              92.679193,
              24.585945
            ],
            [
              92.670258,
              24.592988
            ],
            [
              92.672317,
              24.603176
            ],
            [
              92.669737,
              24.613279
            ],
            [
              92.682627,
              24.6151
            ],
            [
              92.695076,
              24.61995
            ],
            [
              92.686906,
              24.62807
            ],
            [
              92.674492,
              24.629875
            ],
            [
              92.667031,
              24.636778
            ],
            [
              92.667813,
              24.661393
            ],
            [
              92.663903,
              24.671783
            ],
            [
              92.656532,
              24.678725
            ],
            [
              92.655346,
              24.694678
            ],
            [
              92.658096,
              24.713505
            ],
            [
              92.655858,
              24.725661
            ],
            [
              92.661557,
              24.755103
            ],
            [
              92.665557,
              24.766368
            ],
            [
              92.666447,
              24.780399
            ],
            [
              92.6714,
              24.790464
            ],
            [
              92.682986,
              24.802062
            ],
            [
              92.678519,
              24.81225
            ],
            [
              92.652101,
              24.813808
            ],
            [
              92.6386,
              24.817519
            ],
            [
              92.636964,
              24.822966
            ],
            [
              92.633647,
              24.849145
            ],
            [
              92.605557,
              24.862572
            ],
            [
              92.596451,
              24.874713
            ]
          ]
        ]
      }
    },
    {
      "type": "Feature",
      "properties": {
        "name": "Hojai"
      },
      "geometry": {
        "type": "Polygon",
        "coordinates": [
          [
            [
              92.799203,
              26.226355
            ],
            [
              92.78545,
              26.222481
            ],
            [
              92.768021,
              26.209387
            ],
            [
              92.772839,
              26.191032
            ],
            [
              92.768623,
              26.174623
            ],
            [
              92.750268,
              26.17174
            ],
            [
              92.728002,
              26.168184
            ],
            [
              92.715382,
              26.158337
            ],
            [
              92.709423,
              26.144135
            ],
            [
              92.70518,
              26.129159
            ],
            [
              92.683544,
              26.134412
            ],
            [
              92.672856,
              26.122023
            ],
            [
              92.683831,
              26.107558
            ],
            [
              92.704011,
              26.108147
            ],
            [
              92.698915,
              26.09066
            ],
            [
              92.724218,
              26.081672
            ],
            [
              92.720766,
              26.070531
            ],
            [
              92.730483,
              26.066363
            ],
            [
              92.735787,
              26.044219
            ],
            [
              92.753126,
              26.027019
            ],
            [
              92.754546,
              26.016149
            ],
            [
              92.752164,
              25.999778
            ],
            [
              92.751382,
              25.98842
            ],
            [
              92.780965,
              25.972351
            ],
            [
              92.772425,
              25.949131
            ],
            [
              92.788533,
              25.932512
            ],
            [
              92.79567,
              25.903396
            ],
            [
              92.812497,
              25.894881
            ],
            [
              92.844471,
              25.885521
            ],
            [
              92.857846,
              25.83489
            ],
            [
              92.884057,
              25.833479
            ],
            [
              92.889577,
              25.835967
            ],
            [
              92.902799,
              25.837934
            ],
            [
              92.918943,
              25.839949
            ],
            [
              92.944615,
              25.843226
            ],
            [
              92.964741,
              25.84624
            ],
            [
              92.984795,
              25.84693
            ],
            [
              92.994998,
              25.831333
            ],
            [
              93.005263,
              25.821408
            ],
            [
              93.011897,
              25.809376
            ],
            [
              93.021317,
              25.79698
            ],
            [
              93.043061,
              25.774805
            ],
            [
              93.059384,
              25.761719
            ],
            [
              93.075726,
              25.755273
            ],
            [
              93.070387,
              25.749106
            ],
            [
              93.070378,
              25.749098
            ],
            [
              93.070396,
              25.749091
            ],
            [
              93.074342,
              25.740955
            ],
            [
              93.083025,
              25.742621
            ],
            [
              93.09489,
              25.748091
            ],
            [
              93.106162,
              25.748657
            ],
            [
              93.117893,
              25.740142
            ],
            [
              93.129866,
              25.733146
            ],
            [
              93.133138,
              25.721074
            ],
            [
              93.148014,
              25.713141
            ],
            [
              93.147628,
              25.702224
            ],
            [
              93.143025,
              25.689154
            ],
            [
              93.174001,
              25.699202
            ],
            [
              93.207862,
              25.704332
            ],
            [
              93.22806,
              25.712443
            ],
            [
              93.232311,
              25.736376
            ],
            [
              93.246846,
              25.753003
            ],
            [
              93.248707,
              25.774712
            ],
            [
              93.245516,
              25.793865
            ],
            [
              93.238379,
              25.816659
            ],
            [
              93.222595,
              25.834735
            ],
            [
              93.201309,
              25.859032
            ],
            [
              93.18352,
              25.881508
            ],
            [
              93.172509,
              25.916567
            ],
            [
              93.161075,
              25.931962
            ],
            [
              93.156518,
              25.953679
            ],
            [
              93.146963,
              25.973257
            ],
            [
              93.131996,
              25.989373
            ],
            [
              93.11223,
              26.002428
            ],
            [
              93.096418,
              26.007658
            ],
            [
              93.105452,
              26.041973
            ],
            [
              93.091421,
              26.044506
            ],
            [
              93.08005,
              26.045382
            ],
            [
              93.062459,
              26.048008
            ],
            [
              93.046809,
              26.053199
            ],
            [
              93.034764,
              26.068842
            ],
            [
              93.020903,
              26.076063
            ],
            [
              93.001559,
              26.080998
            ],
            [
              92.981092,
              26.092496
            ],
            [
              92.960507,
              26.100701
            ],
            [
              92.938143,
              26.102801
            ],
            [
              92.936939,
              26.115608
            ],
            [
              92.953262,
              26.130902
            ],
            [
              92.951555,
              26.152433
            ],
            [
              92.933954,
              26.164357
            ],
            [
              92.909208,
              26.164845
            ],
            [
              92.872606,
              26.168634
            ],
            [
              92.840875,
              26.168711
            ],
            [
              92.81399,
              26.168083
            ],
            [
              92.795365,
              26.17453
            ],
            [
              92.810718,
              26.178845
            ],
            [
              92.825693,
              26.190715
            ],
            [
              92.816866,
              26.209929
            ],
            [
              92.818529,
              26.22042
            ],
            [
              92.804093,
              26.22582
            ],
            [
              92.799203,
              26.226355
            ]
          ]
        ]
      }
    },
    {
      "type": "Feature",
      "properties": {
        "name": "Morigaon"
      },
      "geometry": {
        "type": "Polygon",
        "coordinates": [
          [
            [
              92.416198,
              26.470015
            ],
            [
              92.408189,
              26.469085
            ],
            [
              92.39502,
              26.469132
            ],
            [
              92.365007,
              26.459021
            ],
            [
              92.343676,
              26.462988
            ],
            [
              92.315038,
              26.462856
            ],
            [
              92.29813,
              26.44031
            ],
            [
              92.286984,
              26.413572
            ],
            [
              92.27555,
              26.399812
            ],
            [
              92.260197,
              26.384991
            ],
            [
              92.240143,
              26.37034
            ],
            [
              92.220224,
              26.365575
            ],
            [
              92.201617,
              26.373346
            ],
            [
              92.187648,
              26.39108
            ],
            [
              92.175504,
              26.383883
            ],
            [
              92.171684,
              26.365923
            ],
            [
              92.172969,
              26.343811
            ],
            [
              92.157032,
              26.334638
            ],
            [
              92.131953,
              26.318429
            ],
            [
              92.111117,
              26.30797
            ],
            [
              92.095396,
              26.301648
            ],
            [
              92.088367,
              26.281132
            ],
            [
              92.075207,
              26.269704
            ],
            [
              92.061086,
              26.262731
            ],
            [
              92.038856,
              26.246328
            ],
            [
              92.018398,
              26.243446
            ],
            [
              92.003899,
              26.247948
            ],
            [
              91.965139,
              26.231336
            ],
            [
              91.950838,
              26.219343
            ],
            [
              91.955656,
              26.208178
            ],
            [
              92.016357,
              26.165821
            ],
            [
              92.040205,
              26.159739
            ],
            [
              92.052789,
              26.165403
            ],
            [
              92.081805,
              26.146359
            ],
            [
              92.094057,
              26.136387
            ],
            [
              92.129401,
              26.135481
            ],
            [
              92.147819,
              26.125602
            ],
            [
              92.164664,
              26.125285
            ],
            [
              92.16265,
              26.112602
            ],
            [
              92.169994,
              26.075017
            ],
            [
              92.177383,
              26.043445
            ],
            [
              92.177608,
              26.043499
            ],
            [
              92.178192,
              26.033721
            ],
            [
              92.18852,
              26.030824
            ],
            [
              92.208206,
              26.033171
            ],
            [
              92.214201,
              26.033566
            ],
            [
              92.233042,
              26.029708
            ],
            [
              92.252053,
              26.028902
            ],
            [
              92.270309,
              26.031203
            ],
            [
              92.280701,
              26.03338
            ],
            [
              92.292089,
              26.040555
            ],
            [
              92.3008,
              26.040462
            ],
            [
              92.300764,
              26.040423
            ],
            [
              92.309177,
              26.041175
            ],
            [
              92.312818,
              26.050883
            ],
            [
              92.332126,
              26.062899
            ],
            [
              92.34311,
              26.070996
            ],
            [
              92.358472,
              26.07786
            ],
            [
              92.370805,
              26.095006
            ],
            [
              92.391227,
              26.104195
            ],
            [
              92.412324,
              26.102003
            ],
            [
              92.421214,
              26.110122
            ],
            [
              92.41654,
              26.126261
            ],
            [
              92.407218,
              26.147436
            ],
            [
              92.415569,
              26.159584
            ],
            [
              92.433663,
              26.164396
            ],
            [
              92.436962,
              26.173584
            ],
            [
              92.433573,
              26.193984
            ],
            [
              92.446374,
              26.201205
            ],
            [
              92.442913,
              26.212819
            ],
            [
              92.442185,
              26.230143
            ],
            [
              92.45298,
              26.240091
            ],
            [
              92.469834,
              26.243562
            ],
            [
              92.50819,
              26.24605
            ],
            [
              92.53894,
              26.253859
            ],
            [
              92.546581,
              26.277661
            ],
            [
              92.556001,
              26.305467
            ],
            [
              92.549421,
              26.321955
            ],
            [
              92.54703,
              26.343184
            ],
            [
              92.509889,
              26.331887
            ],
            [
              92.479902,
              26.325069
            ],
            [
              92.456099,
              26.336513
            ],
            [
              92.443686,
              26.357246
            ],
            [
              92.437547,
              26.381954
            ],
            [
              92.44712,
              26.40591
            ],
            [
              92.449547,
              26.419066
            ],
            [
              92.436423,
              26.436041
            ],
            [
              92.426643,
              26.452606
            ],
            [
              92.416198,
              26.470015
            ]
          ]
        ]
      }
    },
    {
      "type": "Feature",
      "properties": {
        "name": "Darrang"
      },
      "geometry": {
        "type": "Polygon",
        "coordinates": [
          [
            [
              92.31066,
              26.625304
            ],
            [
              92.309078,
              26.625165
            ],
            [
              92.29751,
              26.595847
            ],
            [
              92.287981,
              26.577957
            ],
            [
              92.267891,
              26.565514
            ],
            [
              92.268431,
              26.542372
            ],
            [
              92.251936,
              26.530858
            ],
            [
              92.242228,
              26.543852
            ],
            [
              92.238435,
              26.56068
            ],
            [
              92.231595,
              26.578763
            ],
            [
              92.215334,
              26.597242
            ],
            [
              92.20026,
              26.614744
            ],
            [
              92.180394,
              26.61345
            ],
            [
              92.161841,
              26.598838
            ],
            [
              92.142497,
              26.594724
            ],
            [
              92.11918,
              26.601154
            ],
            [
              92.110911,
              26.58999
            ],
            [
              92.09909,
              26.580994
            ],
            [
              92.070829,
              26.570659
            ],
            [
              92.056393,
              26.559541
            ],
            [
              92.046623,
              26.542511
            ],
            [
              92.032357,
              26.534562
            ],
            [
              92.039584,
              26.520267
            ],
            [
              92.058632,
              26.504617
            ],
            [
              92.072726,
              26.507631
            ],
            [
              92.072726,
              26.524188
            ],
            [
              92.078407,
              26.540768
            ],
            [
              92.105913,
              26.547028
            ],
            [
              92.126156,
              26.545548
            ],
            [
              92.143855,
              26.542875
            ],
            [
              92.142803,
              26.519221
            ],
            [
              92.123387,
              26.524978
            ],
            [
              92.103378,
              26.525923
            ],
            [
              92.093643,
              26.518392
            ],
            [
              92.097131,
              26.498488
            ],
            [
              92.091405,
              26.48056
            ],
            [
              92.087746,
              26.464778
            ],
            [
              92.088223,
              26.450134
            ],
            [
              92.093014,
              26.431609
            ],
            [
              92.081104,
              26.442952
            ],
            [
              92.076367,
              26.428696
            ],
            [
              92.069355,
              26.444192
            ],
            [
              92.065526,
              26.465978
            ],
            [
              92.061966,
              26.479297
            ],
            [
              92.049418,
              26.482745
            ],
            [
              92.033382,
              26.492367
            ],
            [
              92.010479,
              26.51348
            ],
            [
              91.991872,
              26.515014
            ],
            [
              91.97322,
              26.504005
            ],
            [
              91.956644,
              26.506058
            ],
            [
              91.944051,
              26.521801
            ],
            [
              91.923242,
              26.523901
            ],
            [
              91.908347,
              26.512651
            ],
            [
              91.89659,
              26.499395
            ],
            [
              91.876464,
              26.496962
            ],
            [
              91.856302,
              26.491655
            ],
            [
              91.843223,
              26.478414
            ],
            [
              91.82432,
              26.472843
            ],
            [
              91.804751,
              26.468287
            ],
            [
              91.782828,
              26.473378
            ],
            [
              91.782801,
              26.473378
            ],
            [
              91.780032,
              26.463879
            ],
            [
              91.779493,
              26.448445
            ],
            [
              91.777434,
              26.444626
            ],
            [
              91.772634,
              26.421103
            ],
            [
              91.767771,
              26.406669
            ],
            [
              91.77374,
              26.382093
            ],
            [
              91.789587,
              26.364382
            ],
            [
              91.80316,
              26.344896
            ],
            [
              91.818468,
              26.332732
            ],
            [
              91.819385,
              26.30491
            ],
            [
              91.812805,
              26.283743
            ],
            [
              91.79881,
              26.27357
            ],
            [
              91.787978,
              26.266597
            ],
            [
              91.787403,
              26.238317
            ],
            [
              91.783942,
              26.211781
            ],
            [
              91.763996,
              26.193179
            ],
            [
              91.749443,
              26.169432
            ],
            [
              91.749722,
              26.169137
            ],
            [
              91.770926,
              26.166162
            ],
            [
              91.787457,
              26.172151
            ],
            [
              91.807664,
              26.177838
            ],
            [
              91.831718,
              26.182092
            ],
            [
              91.852752,
              26.18268
            ],
            [
              91.872392,
              26.18251
            ],
            [
              91.888482,
              26.18877
            ],
            [
              91.904527,
              26.198339
            ],
            [
              91.916105,
              26.210317
            ],
            [
              91.929049,
              26.214439
            ],
            [
              91.950829,
              26.219343
            ],
            [
              91.96513,
              26.231336
            ],
            [
              92.00389,
              26.247948
            ],
            [
              92.018389,
              26.243446
            ],
            [
              92.038847,
              26.246328
            ],
            [
              92.061077,
              26.262731
            ],
            [
              92.075198,
              26.269704
            ],
            [
              92.088358,
              26.281132
            ],
            [
              92.095387,
              26.301648
            ],
            [
              92.111108,
              26.30797
            ],
            [
              92.131945,
              26.318429
            ],
            [
              92.157023,
              26.334638
            ],
            [
              92.172961,
              26.343811
            ],
            [
              92.171675,
              26.365923
            ],
            [
              92.175495,
              26.383883
            ],
            [
              92.187639,
              26.39108
            ],
            [
              92.201608,
              26.373346
            ],
            [
              92.220215,
              26.365575
            ],
            [
              92.240134,
              26.37034
            ],
            [
              92.260188,
              26.384991
            ],
            [
              92.275541,
              26.399812
            ],
            [
              92.286975,
              26.413572
            ],
            [
              92.298121,
              26.44031
            ],
            [
              92.315029,
              26.462856
            ],
            [
              92.343667,
              26.462988
            ],
            [
              92.364998,
              26.459021
            ],
            [
              92.395011,
              26.469132
            ],
            [
              92.39502,
              26.469132
            ],
            [
              92.399416,
              26.472386
            ],
            [
              92.37582,
              26.474416
            ],
            [
              92.371155,
              26.485224
            ],
            [
              92.36898,
              26.506639
            ],
            [
              92.360611,
              26.521561
            ],
            [
              92.361276,
              26.533012
            ],
            [
              92.338472,
              26.535073
            ],
            [
              92.330571,
              26.548152
            ],
            [
              92.32978,
              26.555218
            ],
            [
              92.328198,
              26.562245
            ],
            [
              92.331146,
              26.58266
            ],
            [
              92.336548,
              26.589478
            ],
            [
              92.335487,
              26.594166
            ],
            [
              92.331982,
              26.606082
            ],
            [
              92.333258,
              26.617657
            ],
            [
              92.333249,
              26.617657
            ],
            [
              92.31066,
              26.625304
            ]
          ]
        ]
      }
    },
    {
      "type": "Feature",
      "properties": {
        "name": "Udalguri"
      },
      "geometry": {
        "type": "Polygon",
        "coordinates": [
          [
            [
              92.353483,
              26.877255
            ],
            [
              92.351137,
              26.877053
            ],
            [
              92.346526,
              26.875581
            ],
            [
              92.301842,
              26.866291
            ],
            [
              92.30275,
              26.853934
            ],
            [
              92.296035,
              26.849672
            ],
            [
              92.278354,
              26.846395
            ],
            [
              92.267011,
              26.848045
            ],
            [
              92.2535,
              26.854631
            ],
            [
              92.225222,
              26.845334
            ],
            [
              92.194246,
              26.833851
            ],
            [
              92.168781,
              26.834897
            ],
            [
              92.155882,
              26.835091
            ],
            [
              92.128223,
              26.833751
            ],
            [
              92.112115,
              26.83537
            ],
            [
              92.112079,
              26.83537
            ],
            [
              92.102218,
              26.823965
            ],
            [
              92.101445,
              26.810678
            ],
            [
              92.055953,
              26.791773
            ],
            [
              92.012213,
              26.795306
            ],
            [
              91.982047,
              26.802961
            ],
            [
              91.966119,
              26.821006
            ],
            [
              91.949705,
              26.83427
            ],
            [
              91.8917,
              26.861728
            ],
            [
              91.858433,
              26.856157
            ],
            [
              91.823601,
              26.807997
            ],
            [
              91.779448,
              26.786458
            ],
            [
              91.720166,
              26.756792
            ],
            [
              91.701452,
              26.756792
            ],
            [
              91.711178,
              26.729868
            ],
            [
              91.729218,
              26.681499
            ],
            [
              91.738827,
              26.649686
            ],
            [
              91.740499,
              26.62446
            ],
            [
              91.732598,
              26.612551
            ],
            [
              91.742926,
              26.594173
            ],
            [
              91.745641,
              26.58751
            ],
            [
              91.736158,
              26.577345
            ],
            [
              91.738935,
              26.564468
            ],
            [
              91.738755,
              26.553676
            ],
            [
              91.743528,
              26.543914
            ],
            [
              91.757443,
              26.527984
            ],
            [
              91.778126,
              26.500844
            ],
            [
              91.780436,
              26.486588
            ],
            [
              91.783358,
              26.480196
            ],
            [
              91.78281,
              26.473385
            ],
            [
              91.782801,
              26.473378
            ],
            [
              91.782828,
              26.473378
            ],
            [
              91.804751,
              26.468287
            ],
            [
              91.82432,
              26.472843
            ],
            [
              91.843223,
              26.478414
            ],
            [
              91.856302,
              26.491655
            ],
            [
              91.876464,
              26.496962
            ],
            [
              91.89659,
              26.499395
            ],
            [
              91.908347,
              26.512651
            ],
            [
              91.923242,
              26.523901
            ],
            [
              91.944051,
              26.521801
            ],
            [
              91.956644,
              26.506058
            ],
            [
              91.97322,
              26.504005
            ],
            [
              91.991872,
              26.515014
            ],
            [
              92.010479,
              26.51348
            ],
            [
              92.033382,
              26.492367
            ],
            [
              92.049418,
              26.482745
            ],
            [
              92.061966,
              26.479297
            ],
            [
              92.065526,
              26.465978
            ],
            [
              92.069355,
              26.444192
            ],
            [
              92.076367,
              26.428696
            ],
            [
              92.081104,
              26.442952
            ],
            [
              92.093014,
              26.431609
            ],
            [
              92.088223,
              26.450134
            ],
            [
              92.087746,
              26.464778
            ],
            [
              92.091405,
              26.48056
            ],
            [
              92.097131,
              26.498488
            ],
            [
              92.093643,
              26.518392
            ],
            [
              92.103378,
              26.525923
            ],
            [
              92.123387,
              26.524978
            ],
            [
              92.142803,
              26.519221
            ],
            [
              92.143855,
              26.542875
            ],
            [
              92.126156,
              26.545548
            ],
            [
              92.105913,
              26.547028
            ],
            [
              92.078407,
              26.540768
            ],
            [
              92.072726,
              26.524188
            ],
            [
              92.072726,
              26.507631
            ],
            [
              92.058632,
              26.504617
            ],
            [
              92.039584,
              26.520267
            ],
            [
              92.032357,
              26.534562
            ],
            [
              92.046623,
              26.542511
            ],
            [
              92.056393,
              26.559541
            ],
            [
              92.070829,
              26.570659
            ],
            [
              92.09909,
              26.580994
            ],
            [
              92.110911,
              26.58999
            ],
            [
              92.11918,
              26.601154
            ],
            [
              92.142497,
              26.594724
            ],
            [
              92.161841,
              26.598838
            ],
            [
              92.180394,
              26.61345
            ],
            [
              92.20026,
              26.614744
            ],
            [
              92.215334,
              26.597242
            ],
            [
              92.231595,
              26.578763
            ],
            [
              92.238435,
              26.56068
            ],
            [
              92.242228,
              26.543852
            ],
            [
              92.251936,
              26.530858
            ],
            [
              92.268431,
              26.542372
            ],
            [
              92.267891,
              26.565514
            ],
            [
              92.287981,
              26.577957
            ],
            [
              92.29751,
              26.595847
            ],
            [
              92.309078,
              26.625165
            ],
            [
              92.333249,
              26.617657
            ],
            [
              92.333249,
              26.617665
            ],
            [
              92.333663,
              26.633005
            ],
            [
              92.335164,
              26.654482
            ],
            [
              92.33315,
              26.682847
            ],
            [
              92.328521,
              26.698908
            ],
            [
              92.331344,
              26.714621
            ],
            [
              92.338903,
              26.720555
            ],
            [
              92.334463,
              26.736787
            ],
            [
              92.32915,
              26.752639
            ],
            [
              92.330391,
              26.76337
            ],
            [
              92.334921,
              26.772714
            ],
            [
              92.339559,
              26.796895
            ],
            [
              92.343452,
              26.819045
            ],
            [
              92.347757,
              26.845078
            ],
            [
              92.363524,
              26.874729
            ],
            [
              92.363533,
              26.874954
            ],
            [
              92.355874,
              26.87665
            ],
            [
              92.353483,
              26.877255
            ]
          ]
        ]
      }
    },
    {
      "type": "Feature",
      "properties": {
        "name": "Biswanath"
      },
      "geometry": {
        "type": "Polygon",
        "coordinates": [
          [
            [
              93.696063,
              26.935332
            ],
            [
              93.695955,
              26.935239
            ],
            [
              93.674562,
              26.912879
            ],
            [
              93.638256,
              26.905836
            ],
            [
              93.594076,
              26.896709
            ],
            [
              93.565464,
              26.895377
            ],
            [
              93.487495,
              26.880524
            ],
            [
              93.466201,
              26.880997
            ],
            [
              93.445931,
              26.895702
            ],
            [
              93.346128,
              26.904318
            ],
            [
              93.213192,
              26.888605
            ],
            [
              93.120518,
              26.871273
            ],
            [
              93.091556,
              26.858947
            ],
            [
              93.067511,
              26.866292
            ],
            [
              93.028355,
              26.859752
            ],
            [
              93.000616,
              26.86953
            ],
            [
              92.979141,
              26.877448
            ],
            [
              92.960732,
              26.868926
            ],
            [
              92.946719,
              26.863254
            ],
            [
              92.927492,
              26.854569
            ],
            [
              92.917775,
              26.843715
            ],
            [
              92.904354,
              26.836052
            ],
            [
              92.888112,
              26.829032
            ],
            [
              92.875527,
              26.813785
            ],
            [
              92.868273,
              26.79963
            ],
            [
              92.86457,
              26.787388
            ],
            [
              92.877352,
              26.74899
            ],
            [
              92.877882,
              26.730589
            ],
            [
              92.87595,
              26.713931
            ],
            [
              92.86901,
              26.703557
            ],
            [
              92.860264,
              26.69443
            ],
            [
              92.856228,
              26.672705
            ],
            [
              92.859986,
              26.655033
            ],
            [
              92.864911,
              26.633478
            ],
            [
              92.865792,
              26.617215
            ],
            [
              92.865127,
              26.605199
            ],
            [
              92.871105,
              26.583652
            ],
            [
              92.877073,
              26.563825
            ],
            [
              92.887518,
              26.546176
            ],
            [
              92.896309,
              26.547973
            ],
            [
              92.918458,
              26.549872
            ],
            [
              92.940013,
              26.569094
            ],
            [
              92.987267,
              26.5657
            ],
            [
              93.005622,
              26.55115
            ],
            [
              93.052895,
              26.547865
            ],
            [
              93.081129,
              26.547911
            ],
            [
              93.098351,
              26.540435
            ],
            [
              93.120014,
              26.538583
            ],
            [
              93.152023,
              26.539621
            ],
            [
              93.162909,
              26.555768
            ],
            [
              93.180914,
              26.565716
            ],
            [
              93.214721,
              26.577957
            ],
            [
              93.229148,
              26.604106
            ],
            [
              93.240267,
              26.63089
            ],
            [
              93.255287,
              26.634803
            ],
            [
              93.282649,
              26.636802
            ],
            [
              93.290299,
              26.646673
            ],
            [
              93.305705,
              26.648811
            ],
            [
              93.320141,
              26.655482
            ],
            [
              93.334766,
              26.659038
            ],
            [
              93.342056,
              26.675773
            ],
            [
              93.367746,
              26.691315
            ],
            [
              93.397221,
              26.700752
            ],
            [
              93.418947,
              26.696088
            ],
            [
              93.441625,
              26.695631
            ],
            [
              93.469275,
              26.708298
            ],
            [
              93.501104,
              26.708446
            ],
            [
              93.523873,
              26.704339
            ],
            [
              93.538264,
              26.697932
            ],
            [
              93.559703,
              26.686349
            ],
            [
              93.563217,
              26.674735
            ],
            [
              93.604827,
              26.665368
            ],
            [
              93.638705,
              26.656985
            ],
            [
              93.654921,
              26.659898
            ],
            [
              93.67013,
              26.663555
            ],
            [
              93.665016,
              26.677788
            ],
            [
              93.652422,
              26.711986
            ],
            [
              93.647928,
              26.73788
            ],
            [
              93.667946,
              26.7483
            ],
            [
              93.68622,
              26.744264
            ],
            [
              93.701097,
              26.755637
            ],
            [
              93.711874,
              26.765485
            ],
            [
              93.743156,
              26.749323
            ],
            [
              93.753663,
              26.754878
            ],
            [
              93.767569,
              26.75549
            ],
            [
              93.779443,
              26.758156
            ],
            [
              93.787992,
              26.761673
            ],
            [
              93.791983,
              26.769831
            ],
            [
              93.763524,
              26.784614
            ],
            [
              93.770005,
              26.791246
            ],
            [
              93.770832,
              26.796678
            ],
            [
              93.7777,
              26.798622
            ],
            [
              93.786688,
              26.804673
            ],
            [
              93.786698,
              26.804673
            ],
            [
              93.786257,
              26.805611
            ],
            [
              93.785826,
              26.806548
            ],
            [
              93.779309,
              26.825259
            ],
            [
              93.760055,
              26.837268
            ],
            [
              93.741412,
              26.852175
            ],
            [
              93.746203,
              26.872273
            ],
            [
              93.742239,
              26.898553
            ],
            [
              93.72321,
              26.918589
            ],
            [
              93.696189,
              26.935224
            ],
            [
              93.696063,
              26.935332
            ]
          ]
        ]
      }
    },
    {
      "type": "Feature",
      "properties": {
        "name": "Dhemaji"
      },
      "geometry": {
        "type": "Polygon",
        "coordinates": [
          [
            [
              95.512192,
              27.799684
            ],
            [
              95.512146,
              27.799614
            ],
            [
              95.38063,
              27.760581
            ],
            [
              95.331497,
              27.781221
            ],
            [
              95.306005,
              27.786389
            ],
            [
              95.240791,
              27.769413
            ],
            [
              95.073006,
              27.717782
            ],
            [
              95.045096,
              27.70661
            ],
            [
              95.009113,
              27.694414
            ],
            [
              94.985185,
              27.692253
            ],
            [
              94.902398,
              27.670172
            ],
            [
              94.857714,
              27.660704
            ],
            [
              94.8606,
              27.659015
            ],
            [
              94.850433,
              27.653103
            ],
            [
              94.84548,
              27.63261
            ],
            [
              94.824141,
              27.620942
            ],
            [
              94.80433,
              27.619431
            ],
            [
              94.791665,
              27.617952
            ],
            [
              94.773507,
              27.606462
            ],
            [
              94.760464,
              27.597102
            ],
            [
              94.745102,
              27.587952
            ],
            [
              94.726414,
              27.590772
            ],
            [
              94.71561,
              27.588835
            ],
            [
              94.703313,
              27.586612
            ],
            [
              94.682486,
              27.587627
            ],
            [
              94.682215,
              27.575625
            ],
            [
              94.666826,
              27.574083
            ],
            [
              94.64563,
              27.565902
            ],
            [
              94.627958,
              27.552723
            ],
            [
              94.611104,
              27.550042
            ],
            [
              94.596848,
              27.546129
            ],
            [
              94.582403,
              27.543883
            ],
            [
              94.566367,
              27.530967
            ],
            [
              94.550735,
              27.528457
            ],
            [
              94.532398,
              27.521801
            ],
            [
              94.518474,
              27.515657
            ],
            [
              94.504685,
              27.508111
            ],
            [
              94.486681,
              27.501293
            ],
            [
              94.473045,
              27.498512
            ],
            [
              94.456937,
              27.483775
            ],
            [
              94.452416,
              27.491182
            ],
            [
              94.428226,
              27.520384
            ],
            [
              94.409296,
              27.519694
            ],
            [
              94.382986,
              27.512891
            ],
            [
              94.359426,
              27.505322
            ],
            [
              94.336145,
              27.507104
            ],
            [
              94.312513,
              27.514743
            ],
            [
              94.288954,
              27.523847
            ],
            [
              94.272396,
              27.522127
            ],
            [
              94.256693,
              27.545789
            ],
            [
              94.254787,
              27.560812
            ],
            [
              94.234553,
              27.565228
            ],
            [
              94.215335,
              27.545215
            ],
            [
              94.21511,
              27.524126
            ],
            [
              94.219397,
              27.51527
            ],
            [
              94.227532,
              27.498248
            ],
            [
              94.252404,
              27.48665
            ],
            [
              94.256215,
              27.461586
            ],
            [
              94.25715,
              27.450413
            ],
            [
              94.260602,
              27.448639
            ],
            [
              94.277303,
              27.43195
            ],
            [
              94.275883,
              27.404918
            ],
            [
              94.283038,
              27.385572
            ],
            [
              94.304252,
              27.365025
            ],
            [
              94.303434,
              27.343393
            ],
            [
              94.296269,
              27.321428
            ],
            [
              94.278256,
              27.318368
            ],
            [
              94.262112,
              27.331531
            ],
            [
              94.244368,
              27.323535
            ],
            [
              94.24746,
              27.316508
            ],
            [
              94.262561,
              27.302136
            ],
            [
              94.277573,
              27.292319
            ],
            [
              94.293798,
              27.286547
            ],
            [
              94.29813,
              27.281519
            ],
            [
              94.320431,
              27.284122
            ],
            [
              94.337447,
              27.278521
            ],
            [
              94.353573,
              27.274639
            ],
            [
              94.400279,
              27.26593
            ],
            [
              94.429025,
              27.265752
            ],
            [
              94.444819,
              27.273818
            ],
            [
              94.471929,
              27.279435
            ],
            [
              94.496046,
              27.281573
            ],
            [
              94.515058,
              27.269495
            ],
            [
              94.524208,
              27.243811
            ],
            [
              94.533566,
              27.239278
            ],
            [
              94.556883,
              27.256316
            ],
            [
              94.575328,
              27.238271
            ],
            [
              94.595256,
              27.219103
            ],
            [
              94.60402,
              27.232119
            ],
            [
              94.608955,
              27.255688
            ],
            [
              94.619094,
              27.267124
            ],
            [
              94.637225,
              27.263025
            ],
            [
              94.65442,
              27.281465
            ],
            [
              94.660973,
              27.304693
            ],
            [
              94.681881,
              27.317136
            ],
            [
              94.684866,
              27.3444
            ],
            [
              94.718609,
              27.360283
            ],
            [
              94.736075,
              27.371301
            ],
            [
              94.749675,
              27.386238
            ],
            [
              94.764587,
              27.409342
            ],
            [
              94.789262,
              27.413913
            ],
            [
              94.808893,
              27.431493
            ],
            [
              94.813765,
              27.44609
            ],
            [
              94.842305,
              27.467273
            ],
            [
              94.870763,
              27.491647
            ],
            [
              94.894404,
              27.513999
            ],
            [
              94.926198,
              27.533733
            ],
            [
              94.948876,
              27.546718
            ],
            [
              94.979789,
              27.577128
            ],
            [
              95.02476,
              27.586147
            ],
            [
              95.046504,
              27.590625
            ],
            [
              95.09267,
              27.588766
            ],
            [
              95.117776,
              27.607446
            ],
            [
              95.156509,
              27.619369
            ],
            [
              95.191053,
              27.630828
            ],
            [
              95.200347,
              27.621733
            ],
            [
              95.190559,
              27.598946
            ],
            [
              95.210154,
              27.583993
            ],
            [
              95.236869,
              27.582521
            ],
            [
              95.272564,
              27.609956
            ],
            [
              95.278901,
              27.617611
            ],
            [
              95.309068,
              27.622662
            ],
            [
              95.325544,
              27.625235
            ],
            [
              95.365077,
              27.640234
            ],
            [
              95.397104,
              27.651972
            ],
            [
              95.415675,
              27.664221
            ],
            [
              95.450066,
              27.694624
            ],
            [
              95.45732,
              27.707353
            ],
            [
              95.463217,
              27.728846
            ],
            [
              95.472997,
              27.742924
            ],
            [
              95.474174,
              27.753499
            ],
            [
              95.48239,
              27.767228
            ],
            [
              95.493869,
              27.778773
            ],
            [
              95.515748,
              27.78191
            ],
            [
              95.512242,
              27.799552
            ],
            [
              95.512192,
              27.799684
            ]
          ]
        ]
      }
    },
    {
      "type": "Feature",
      "properties": {
        "name": "Tamulpur"
      },
      "geometry": {
        "type": "Polygon",
        "coordinates": [
          [
            [
              91.408299,
              26.783653
            ],
            [
              91.420515,
              26.758582
            ],
            [
              91.436677,
              26.737818
            ],
            [
              91.468947,
              26.703115
            ],
            [
              91.46972,
              26.673418
            ],
            [
              91.478061,
              26.644278
            ],
            [
              91.496632,
              26.623096
            ],
            [
              91.505028,
              26.596265
            ],
            [
              91.501423,
              26.568714
            ],
            [
              91.499194,
              26.545742
            ],
            [
              91.506709,
              26.52817
            ],
            [
              91.527985,
              26.520631
            ],
            [
              91.527985,
              26.520639
            ],
            [
              91.5243,
              26.525358
            ],
            [
              91.527545,
              26.529053
            ],
            [
              91.540192,
              26.52896
            ],
            [
              91.545316,
              26.531246
            ],
            [
              91.552282,
              26.533562
            ],
            [
              91.567338,
              26.531269
            ],
            [
              91.58288,
              26.529131
            ],
            [
              91.591096,
              26.518911
            ],
            [
              91.595159,
              26.506732
            ],
            [
              91.598035,
              26.492406
            ],
            [
              91.614772,
              26.480188
            ],
            [
              91.633074,
              26.466831
            ],
            [
              91.642485,
              26.453597
            ],
            [
              91.649793,
              26.437327
            ],
            [
              91.662665,
              26.423854
            ],
            [
              91.697937,
              26.415254
            ],
            [
              91.720373,
              26.42335
            ],
            [
              91.731915,
              26.441472
            ],
            [
              91.747439,
              26.452242
            ],
            [
              91.779511,
              26.448437
            ],
            [
              91.779511,
              26.448445
            ],
            [
              91.78005,
              26.463879
            ],
            [
              91.782828,
              26.473385
            ],
            [
              91.783376,
              26.480196
            ],
            [
              91.780454,
              26.486588
            ],
            [
              91.778144,
              26.500844
            ],
            [
              91.757461,
              26.527984
            ],
            [
              91.743546,
              26.543914
            ],
            [
              91.738773,
              26.553676
            ],
            [
              91.738953,
              26.564468
            ],
            [
              91.736176,
              26.577345
            ],
            [
              91.745659,
              26.58751
            ],
            [
              91.742944,
              26.594173
            ],
            [
              91.732616,
              26.612551
            ],
            [
              91.740517,
              26.62446
            ],
            [
              91.738845,
              26.649686
            ],
            [
              91.729236,
              26.681499
            ],
            [
              91.711196,
              26.729868
            ],
            [
              91.70147,
              26.756792
            ],
            [
              91.688912,
              26.75236
            ],
            [
              91.625577,
              26.765919
            ],
            [
              91.599465,
              26.75401
            ],
            [
              91.585154,
              26.749478
            ],
            [
              91.525064,
              26.741389
            ],
            [
              91.494583,
              26.73702
            ],
            [
              91.461315,
              26.749315
            ],
            [
              91.433432,
              26.765764
            ],
            [
              91.408299,
              26.783653
            ]
          ]
        ]
      }
    },
    {
      "type": "Feature",
      "properties": {
        "name": "Bongaigaon"
      },
      "geometry": {
        "type": "Polygon",
        "coordinates": [
          [
            [
              90.64993,
              26.479491
            ],
            [
              90.633103,
              26.475415
            ],
            [
              90.623575,
              26.461802
            ],
            [
              90.624366,
              26.43883
            ],
            [
              90.597921,
              26.456224
            ],
            [
              90.56379,
              26.462732
            ],
            [
              90.563988,
              26.429556
            ],
            [
              90.551979,
              26.401424
            ],
            [
              90.538594,
              26.379157
            ],
            [
              90.52601,
              26.397116
            ],
            [
              90.496985,
              26.408815
            ],
            [
              90.471798,
              26.398247
            ],
            [
              90.461228,
              26.378018
            ],
            [
              90.460158,
              26.359237
            ],
            [
              90.444392,
              26.36676
            ],
            [
              90.438782,
              26.358486
            ],
            [
              90.44183,
              26.343726
            ],
            [
              90.444688,
              26.326681
            ],
            [
              90.449515,
              26.311999
            ],
            [
              90.45676,
              26.311534
            ],
            [
              90.456571,
              26.300013
            ],
            [
              90.454459,
              26.295961
            ],
            [
              90.470918,
              26.290057
            ],
            [
              90.471268,
              26.276204
            ],
            [
              90.47676,
              26.247188
            ],
            [
              90.467942,
              26.239239
            ],
            [
              90.456383,
              26.241796
            ],
            [
              90.473174,
              26.230562
            ],
            [
              90.448095,
              26.230531
            ],
            [
              90.449893,
              26.208945
            ],
            [
              90.430243,
              26.215771
            ],
            [
              90.430522,
              26.203925
            ],
            [
              90.394755,
              26.181216
            ],
            [
              90.377263,
              26.166232
            ],
            [
              90.364966,
              26.139037
            ],
            [
              90.347177,
              26.136945
            ],
            [
              90.36031,
              26.122
            ],
            [
              90.399322,
              26.109983
            ],
            [
              90.426027,
              26.105977
            ],
            [
              90.454774,
              26.107984
            ],
            [
              90.479412,
              26.122
            ],
            [
              90.518423,
              26.136023
            ],
            [
              90.541021,
              26.14804
            ],
            [
              90.571826,
              26.150039
            ],
            [
              90.600572,
              26.160057
            ],
            [
              90.621103,
              26.18409
            ],
            [
              90.64575,
              26.186089
            ],
            [
              90.658667,
              26.188026
            ],
            [
              90.652303,
              26.197029
            ],
            [
              90.65989,
              26.208209
            ],
            [
              90.671162,
              26.213974
            ],
            [
              90.701517,
              26.2155
            ],
            [
              90.716034,
              26.223046
            ],
            [
              90.728097,
              26.216794
            ],
            [
              90.732438,
              26.22496
            ],
            [
              90.721715,
              26.227315
            ],
            [
              90.718254,
              26.236566
            ],
            [
              90.727117,
              26.250288
            ],
            [
              90.745877,
              26.260825
            ],
            [
              90.756016,
              26.269688
            ],
            [
              90.766389,
              26.265551
            ],
            [
              90.783001,
              26.26153
            ],
            [
              90.794956,
              26.26397
            ],
            [
              90.803468,
              26.270308
            ],
            [
              90.799028,
              26.279628
            ],
            [
              90.789437,
              26.285215
            ],
            [
              90.804187,
              26.300579
            ],
            [
              90.80754,
              26.312007
            ],
            [
              90.819127,
              26.322706
            ],
            [
              90.831082,
              26.318313
            ],
            [
              90.84274,
              26.315725
            ],
            [
              90.857212,
              26.318476
            ],
            [
              90.860161,
              26.330222
            ],
            [
              90.846659,
              26.34681
            ],
            [
              90.843981,
              26.357695
            ],
            [
              90.848898,
              26.367946
            ],
            [
              90.857716,
              26.384998
            ],
            [
              90.85217,
              26.395125
            ],
            [
              90.841563,
              26.399092
            ],
            [
              90.828691,
              26.387478
            ],
            [
              90.817104,
              26.387416
            ],
            [
              90.79358,
              26.383767
            ],
            [
              90.786219,
              26.394373
            ],
            [
              90.795657,
              26.399479
            ],
            [
              90.810183,
              26.39404
            ],
            [
              90.824853,
              26.403973
            ],
            [
              90.818677,
              26.415285
            ],
            [
              90.816718,
              26.430447
            ],
            [
              90.803729,
              26.432655
            ],
            [
              90.80372,
              26.432647
            ],
            [
              90.774785,
              26.43694
            ],
            [
              90.753167,
              26.428223
            ],
            [
              90.731306,
              26.437645
            ],
            [
              90.702739,
              26.439527
            ],
            [
              90.684879,
              26.463592
            ],
            [
              90.65589,
              26.478638
            ],
            [
              90.64993,
              26.479491
            ]
          ]
        ]
      }
    },
    {
      "type": "Feature",
      "properties": {
        "name": "Bajali"
      },
      "geometry": {
        "type": "Polygon",
        "coordinates": [
          [
            [
              91.141781,
              26.612141
            ],
            [
              91.138598,
              26.611366
            ],
            [
              91.135237,
              26.60158
            ],
            [
              91.126122,
              26.597482
            ],
            [
              91.133097,
              26.589486
            ],
            [
              91.139479,
              26.579832
            ],
            [
              91.147021,
              26.572193
            ],
            [
              91.13654,
              26.567908
            ],
            [
              91.137511,
              26.556674
            ],
            [
              91.137897,
              26.541907
            ],
            [
              91.147992,
              26.52662
            ],
            [
              91.142356,
              26.507414
            ],
            [
              91.136154,
              26.496884
            ],
            [
              91.119263,
              26.495126
            ],
            [
              91.104738,
              26.472649
            ],
            [
              91.090158,
              26.474943
            ],
            [
              91.08587,
              26.492763
            ],
            [
              91.056971,
              26.496768
            ],
            [
              91.033375,
              26.487223
            ],
            [
              91.036063,
              26.476484
            ],
            [
              91.037969,
              26.465359
            ],
            [
              91.027766,
              26.453869
            ],
            [
              91.033366,
              26.449708
            ],
            [
              91.040521,
              26.442782
            ],
            [
              91.041519,
              26.431222
            ],
            [
              91.041133,
              26.413596
            ],
            [
              91.0464,
              26.398573
            ],
            [
              91.041933,
              26.380652
            ],
            [
              91.040962,
              26.37856
            ],
            [
              91.053277,
              26.361251
            ],
            [
              91.073304,
              26.35651
            ],
            [
              91.100153,
              26.35627
            ],
            [
              91.115461,
              26.364947
            ],
            [
              91.120684,
              26.382759
            ],
            [
              91.125475,
              26.399239
            ],
            [
              91.147039,
              26.396171
            ],
            [
              91.168073,
              26.395233
            ],
            [
              91.184486,
              26.395295
            ],
            [
              91.195417,
              26.380908
            ],
            [
              91.202006,
              26.366683
            ],
            [
              91.209601,
              26.360074
            ],
            [
              91.230087,
              26.357726
            ],
            [
              91.238518,
              26.359338
            ],
            [
              91.232388,
              26.379482
            ],
            [
              91.237269,
              26.40374
            ],
            [
              91.251534,
              26.422575
            ],
            [
              91.265916,
              26.445059
            ],
            [
              91.247094,
              26.463205
            ],
            [
              91.245521,
              26.481017
            ],
            [
              91.244873,
              26.48885
            ],
            [
              91.243219,
              26.502494
            ],
            [
              91.243219,
              26.502502
            ],
            [
              91.238437,
              26.513472
            ],
            [
              91.248163,
              26.520097
            ],
            [
              91.26117,
              26.527116
            ],
            [
              91.278563,
              26.542372
            ],
            [
              91.290599,
              26.548601
            ],
            [
              91.290294,
              26.557108
            ],
            [
              91.269341,
              26.558293
            ],
            [
              91.250285,
              26.55772
            ],
            [
              91.231363,
              26.560509
            ],
            [
              91.22001,
              26.559649
            ],
            [
              91.211228,
              26.552676
            ],
            [
              91.213772,
              26.544425
            ],
            [
              91.200217,
              26.547803
            ],
            [
              91.199767,
              26.559401
            ],
            [
              91.189044,
              26.560137
            ],
            [
              91.173799,
              26.571635
            ],
            [
              91.166275,
              26.582761
            ],
            [
              91.157286,
              26.593685
            ],
            [
              91.150392,
              26.60791
            ],
            [
              91.141781,
              26.612141
            ]
          ]
        ]
      }
    },
    {
      "type": "Feature",
      "properties": {
        "name": "Nalbari"
      },
      "geometry": {
        "type": "Polygon",
        "coordinates": [
          [
            [
              91.556111,
              26.533725
            ],
            [
              91.552282,
              26.533562
            ],
            [
              91.545316,
              26.531246
            ],
            [
              91.540192,
              26.52896
            ],
            [
              91.527545,
              26.529053
            ],
            [
              91.5243,
              26.525358
            ],
            [
              91.527985,
              26.520639
            ],
            [
              91.52688,
              26.512798
            ],
            [
              91.525639,
              26.502083
            ],
            [
              91.521846,
              26.494645
            ],
            [
              91.512767,
              26.489694
            ],
            [
              91.497217,
              26.491903
            ],
            [
              91.489846,
              26.502494
            ],
            [
              91.485235,
              26.512132
            ],
            [
              91.457594,
              26.511442
            ],
            [
              91.448542,
              26.506468
            ],
            [
              91.453396,
              26.498907
            ],
            [
              91.445054,
              26.492662
            ],
            [
              91.424137,
              26.487579
            ],
            [
              91.395319,
              26.4829
            ],
            [
              91.374034,
              26.480079
            ],
            [
              91.354294,
              26.472905
            ],
            [
              91.345971,
              26.463437
            ],
            [
              91.340712,
              26.455341
            ],
            [
              91.329305,
              26.445617
            ],
            [
              91.304811,
              26.446322
            ],
            [
              91.297701,
              26.452947
            ],
            [
              91.298321,
              26.461795
            ],
            [
              91.303462,
              26.469829
            ],
            [
              91.309512,
              26.487719
            ],
            [
              91.304128,
              26.503214
            ],
            [
              91.290303,
              26.500929
            ],
            [
              91.278842,
              26.498705
            ],
            [
              91.254851,
              26.499185
            ],
            [
              91.243228,
              26.502502
            ],
            [
              91.243219,
              26.502494
            ],
            [
              91.244873,
              26.48885
            ],
            [
              91.245521,
              26.481017
            ],
            [
              91.247094,
              26.463205
            ],
            [
              91.265916,
              26.445059
            ],
            [
              91.251534,
              26.422575
            ],
            [
              91.237269,
              26.40374
            ],
            [
              91.232388,
              26.379482
            ],
            [
              91.238518,
              26.359338
            ],
            [
              91.234743,
              26.347724
            ],
            [
              91.24135,
              26.335661
            ],
            [
              91.250707,
              26.324326
            ],
            [
              91.275175,
              26.328649
            ],
            [
              91.270743,
              26.318809
            ],
            [
              91.275588,
              26.303972
            ],
            [
              91.2665,
              26.293667
            ],
            [
              91.263525,
              26.275181
            ],
            [
              91.258339,
              26.265853
            ],
            [
              91.252028,
              26.254766
            ],
            [
              91.255543,
              26.244841
            ],
            [
              91.228334,
              26.239712
            ],
            [
              91.216424,
              26.226238
            ],
            [
              91.228208,
              26.22207
            ],
            [
              91.230905,
              26.205552
            ],
            [
              91.21521,
              26.181735
            ],
            [
              91.235606,
              26.172244
            ],
            [
              91.246806,
              26.15891
            ],
            [
              91.233574,
              26.144058
            ],
            [
              91.234464,
              26.13648
            ],
            [
              91.254375,
              26.125564
            ],
            [
              91.296712,
              26.120249
            ],
            [
              91.316388,
              26.123154
            ],
            [
              91.333701,
              26.126764
            ],
            [
              91.351499,
              26.126904
            ],
            [
              91.366816,
              26.120489
            ],
            [
              91.392434,
              26.101538
            ],
            [
              91.412776,
              26.099446
            ],
            [
              91.417971,
              26.144631
            ],
            [
              91.411715,
              26.164233
            ],
            [
              91.419742,
              26.177148
            ],
            [
              91.425468,
              26.19696
            ],
            [
              91.422403,
              26.203902
            ],
            [
              91.410007,
              26.212323
            ],
            [
              91.418214,
              26.224759
            ],
            [
              91.438178,
              26.220389
            ],
            [
              91.450259,
              26.233219
            ],
            [
              91.450807,
              26.26624
            ],
            [
              91.450457,
              26.273554
            ],
            [
              91.475536,
              26.276421
            ],
            [
              91.496246,
              26.281465
            ],
            [
              91.510637,
              26.285633
            ],
            [
              91.530044,
              26.291064
            ],
            [
              91.520327,
              26.296681
            ],
            [
              91.526161,
              26.319584
            ],
            [
              91.530826,
              26.330586
            ],
            [
              91.529136,
              26.340937
            ],
            [
              91.537235,
              26.354449
            ],
            [
              91.540309,
              26.368527
            ],
            [
              91.553082,
              26.371099
            ],
            [
              91.56164,
              26.381992
            ],
            [
              91.560004,
              26.397604
            ],
            [
              91.552066,
              26.419461
            ],
            [
              91.560273,
              26.437869
            ],
            [
              91.555482,
              26.467621
            ],
            [
              91.568714,
              26.475748
            ],
            [
              91.581172,
              26.489555
            ],
            [
              91.584309,
              26.503462
            ],
            [
              91.595159,
              26.506732
            ],
            [
              91.591096,
              26.518911
            ],
            [
              91.58288,
              26.529131
            ],
            [
              91.567338,
              26.531269
            ],
            [
              91.556111,
              26.533725
            ]
          ]
        ]
      }
    },
    {
      "type": "Feature",
      "properties": {
        "name": "Kamrup"
      },
      "geometry": {
        "type": "Polygon",
        "coordinates": [
          [
            [
              91.588148,
              26.507398
            ],
            [
              91.584309,
              26.503462
            ],
            [
              91.581172,
              26.489555
            ],
            [
              91.568714,
              26.475748
            ],
            [
              91.555482,
              26.467621
            ],
            [
              91.560273,
              26.437869
            ],
            [
              91.552066,
              26.419461
            ],
            [
              91.560004,
              26.397604
            ],
            [
              91.56164,
              26.381992
            ],
            [
              91.553082,
              26.371099
            ],
            [
              91.540309,
              26.368527
            ],
            [
              91.537235,
              26.354449
            ],
            [
              91.529136,
              26.340937
            ],
            [
              91.530826,
              26.330586
            ],
            [
              91.526161,
              26.319584
            ],
            [
              91.520327,
              26.296681
            ],
            [
              91.530044,
              26.291064
            ],
            [
              91.510637,
              26.285633
            ],
            [
              91.496246,
              26.281465
            ],
            [
              91.475536,
              26.276421
            ],
            [
              91.450457,
              26.273554
            ],
            [
              91.450807,
              26.26624
            ],
            [
              91.450259,
              26.233219
            ],
            [
              91.438178,
              26.220389
            ],
            [
              91.418214,
              26.224759
            ],
            [
              91.410007,
              26.212323
            ],
            [
              91.422403,
              26.203902
            ],
            [
              91.425468,
              26.19696
            ],
            [
              91.419742,
              26.177148
            ],
            [
              91.411715,
              26.164233
            ],
            [
              91.417971,
              26.144631
            ],
            [
              91.412776,
              26.099446
            ],
            [
              91.392434,
              26.101538
            ],
            [
              91.366816,
              26.120489
            ],
            [
              91.351499,
              26.126904
            ],
            [
              91.333701,
              26.126764
            ],
            [
              91.316388,
              26.123154
            ],
            [
              91.296712,
              26.120249
            ],
            [
              91.254375,
              26.125564
            ],
            [
              91.234464,
              26.13648
            ],
            [
              91.233574,
              26.144058
            ],
            [
              91.211866,
              26.140052
            ],
            [
              91.173646,
              26.133869
            ],
            [
              91.150823,
              26.124324
            ],
            [
              91.138203,
              26.121279
            ],
            [
              91.119605,
              26.117165
            ],
            [
              91.108774,
              26.119567
            ],
            [
              91.091353,
              26.12592
            ],
            [
              91.07405,
              26.118815
            ],
            [
              91.053681,
              26.099903
            ],
            [
              91.048584,
              26.091473
            ],
            [
              91.031586,
              26.084524
            ],
            [
              91.021501,
              26.084601
            ],
            [
              91.002687,
              26.092333
            ],
            [
              90.989276,
              26.087607
            ],
            [
              90.973123,
              26.07535
            ],
            [
              90.95866,
              26.063287
            ],
            [
              90.935981,
              26.057716
            ],
            [
              90.949042,
              26.047605
            ],
            [
              90.959892,
              26.041639
            ],
            [
              90.985744,
              26.023084
            ],
            [
              91.009555,
              26.017497
            ],
            [
              91.031982,
              26.007325
            ],
            [
              91.054912,
              26.009424
            ],
            [
              91.069915,
              26.002513
            ],
            [
              91.083164,
              25.996113
            ],
            [
              91.094302,
              25.980711
            ],
            [
              91.091084,
              25.967927
            ],
            [
              91.08196,
              25.946907
            ],
            [
              91.062949,
              25.926376
            ],
            [
              91.051641,
              25.903248
            ],
            [
              91.038697,
              25.882531
            ],
            [
              91.029483,
              25.856785
            ],
            [
              91.029357,
              25.8567
            ],
            [
              91.024153,
              25.833046
            ],
            [
              91.011443,
              25.814009
            ],
            [
              91.004818,
              25.791525
            ],
            [
              91.031272,
              25.801745
            ],
            [
              91.054023,
              25.817829
            ],
            [
              91.076881,
              25.819169
            ],
            [
              91.058679,
              25.803263
            ],
            [
              91.06596,
              25.794756
            ],
            [
              91.120846,
              25.801683
            ],
            [
              91.144387,
              25.815969
            ],
            [
              91.170545,
              25.814815
            ],
            [
              91.193233,
              25.825127
            ],
            [
              91.200981,
              25.807989
            ],
            [
              91.188684,
              25.785497
            ],
            [
              91.184585,
              25.761626
            ],
            [
              91.185826,
              25.738817
            ],
            [
              91.189835,
              25.710816
            ],
            [
              91.209574,
              25.699311
            ],
            [
              91.233458,
              25.702488
            ],
            [
              91.267121,
              25.720664
            ],
            [
              91.28597,
              25.734672
            ],
            [
              91.32331,
              25.791463
            ],
            [
              91.340649,
              25.806819
            ],
            [
              91.363598,
              25.810298
            ],
            [
              91.396065,
              25.819332
            ],
            [
              91.424416,
              25.822973
            ],
            [
              91.446385,
              25.814056
            ],
            [
              91.471527,
              25.827591
            ],
            [
              91.497298,
              25.831945
            ],
            [
              91.521891,
              25.843172
            ],
            [
              91.525774,
              25.85897
            ],
            [
              91.510448,
              25.838438
            ],
            [
              91.480857,
              25.837431
            ],
            [
              91.483149,
              25.859473
            ],
            [
              91.500821,
              25.867074
            ],
            [
              91.53097,
              25.89141
            ],
            [
              91.521612,
              25.892425
            ],
            [
              91.50181,
              25.887412
            ],
            [
              91.519392,
              25.909222
            ],
            [
              91.528498,
              25.928638
            ],
            [
              91.551248,
              25.9416
            ],
            [
              91.56528,
              25.967454
            ],
            [
              91.569127,
              25.989845
            ],
            [
              91.591527,
              25.990489
            ],
            [
              91.610988,
              25.989032
            ],
            [
              91.63337,
              25.983175
            ],
            [
              91.627204,
              25.962643
            ],
            [
              91.630916,
              25.938857
            ],
            [
              91.630916,
              25.916141
            ],
            [
              91.610853,
              25.908641
            ],
            [
              91.642152,
              25.885847
            ],
            [
              91.665532,
              25.876782
            ],
            [
              91.684364,
              25.888597
            ],
            [
              91.700427,
              25.909152
            ],
            [
              91.720778,
              25.928948
            ],
            [
              91.722261,
              25.985197
            ],
            [
              91.725901,
              26.011563
            ],
            [
              91.741677,
              26.028127
            ],
            [
              91.771645,
              26.048062
            ],
            [
              91.771699,
              26.048117
            ],
            [
              91.771672,
              26.048194
            ],
            [
              91.766486,
              26.067455
            ],
            [
              91.745605,
              26.068377
            ],
            [
              91.72689,
              26.072212
            ],
            [
              91.704463,
              26.069594
            ],
            [
              91.692004,
              26.061598
            ],
            [
              91.686315,
              26.073003
            ],
            [
              91.678018,
              26.06957
            ],
            [
              91.661505,
              26.068625
            ],
            [
              91.64946,
              26.07989
            ],
            [
              91.63533,
              26.090846
            ],
            [
              91.638503,
              26.108061
            ],
            [
              91.631051,
              26.125912
            ],
            [
              91.649775,
              26.135194
            ],
            [
              91.64066,
              26.146273
            ],
            [
              91.64351,
              26.150411
            ],
            [
              91.666809,
              26.142245
            ],
            [
              91.689137,
              26.142678
            ],
            [
              91.712616,
              26.144608
            ],
            [
              91.724427,
              26.151557
            ],
            [
              91.738836,
              26.165085
            ],
            [
              91.749461,
              26.169432
            ],
            [
              91.764014,
              26.193179
            ],
            [
              91.78396,
              26.211781
            ],
            [
              91.787421,
              26.238317
            ],
            [
              91.787996,
              26.266597
            ],
            [
              91.798828,
              26.27357
            ],
            [
              91.812823,
              26.283743
            ],
            [
              91.819403,
              26.30491
            ],
            [
              91.818486,
              26.332732
            ],
            [
              91.803178,
              26.344896
            ],
            [
              91.789605,
              26.364382
            ],
            [
              91.773758,
              26.382093
            ],
            [
              91.767789,
              26.406669
            ],
            [
              91.772652,
              26.421103
            ],
            [
              91.777452,
              26.444626
            ],
            [
              91.779502,
              26.448437
            ],
            [
              91.747439,
              26.452242
            ],
            [
              91.731915,
              26.441472
            ],
            [
              91.720373,
              26.42335
            ],
            [
              91.697937,
              26.415254
            ],
            [
              91.662665,
              26.423854
            ],
            [
              91.649793,
              26.437327
            ],
            [
              91.642485,
              26.453597
            ],
            [
              91.633074,
              26.466831
            ],
            [
              91.614772,
              26.480188
            ],
            [
              91.598035,
              26.492406
            ],
            [
              91.595159,
              26.506732
            ],
            [
              91.588148,
              26.507398
            ]
          ]
        ]
      }
    },
    {
      "type": "Feature",
      "properties": {
        "name": "Baksa"
      },
      "geometry": {
        "type": "Polygon",
        "coordinates": [
          [
            [
              91.40829,
              26.783661
            ],
            [
              91.399149,
              26.772845
            ],
            [
              91.375544,
              26.741072
            ],
            [
              91.336685,
              26.727017
            ],
            [
              91.295795,
              26.733448
            ],
            [
              91.274123,
              26.746867
            ],
            [
              91.234896,
              26.757357
            ],
            [
              91.172981,
              26.757474
            ],
            [
              91.134086,
              26.758861
            ],
            [
              91.097448,
              26.766926
            ],
            [
              91.06916,
              26.740591
            ],
            [
              91.054939,
              26.728404
            ],
            [
              91.036881,
              26.729698
            ],
            [
              90.991038,
              26.736276
            ],
            [
              90.957105,
              26.727389
            ],
            [
              90.959047,
              26.730178
            ],
            [
              90.941779,
              26.721129
            ],
            [
              90.929536,
              26.695057
            ],
            [
              90.912736,
              26.665484
            ],
            [
              90.90168,
              26.640885
            ],
            [
              90.893392,
              26.617409
            ],
            [
              90.899756,
              26.599806
            ],
            [
              90.878426,
              26.570543
            ],
            [
              90.854156,
              26.548647
            ],
            [
              90.846444,
              26.523568
            ],
            [
              90.854165,
              26.521786
            ],
            [
              90.869212,
              26.520546
            ],
            [
              90.878219,
              26.525396
            ],
            [
              90.887064,
              26.526574
            ],
            [
              90.896682,
              26.527271
            ],
            [
              90.911451,
              26.525381
            ],
            [
              90.912916,
              26.536189
            ],
            [
              90.918094,
              26.535809
            ],
            [
              90.919154,
              26.528154
            ],
            [
              90.919873,
              26.519152
            ],
            [
              90.923954,
              26.514185
            ],
            [
              90.920305,
              26.507878
            ],
            [
              90.92888,
              26.504043
            ],
            [
              90.936224,
              26.498318
            ],
            [
              90.941644,
              26.492081
            ],
            [
              90.948952,
              26.499875
            ],
            [
              90.970786,
              26.506716
            ],
            [
              90.978436,
              26.512318
            ],
            [
              90.976836,
              26.527883
            ],
            [
              90.968934,
              26.540117
            ],
            [
              90.976305,
              26.543441
            ],
            [
              90.991299,
              26.543487
            ],
            [
              91.001501,
              26.549143
            ],
            [
              91.003703,
              26.558735
            ],
            [
              91.0048,
              26.568466
            ],
            [
              91.014759,
              26.568094
            ],
            [
              91.024081,
              26.55335
            ],
            [
              91.021016,
              26.538273
            ],
            [
              91.011128,
              26.522568
            ],
            [
              91.012908,
              26.501277
            ],
            [
              91.00462,
              26.486998
            ],
            [
              91.002912,
              26.451885
            ],
            [
              90.972125,
              26.445292
            ],
            [
              90.97973,
              26.434755
            ],
            [
              90.974472,
              26.424264
            ],
            [
              90.983883,
              26.419577
            ],
            [
              90.988961,
              26.410295
            ],
            [
              90.999272,
              26.403012
            ],
            [
              90.998562,
              26.391352
            ],
            [
              91.000755,
              26.383147
            ],
            [
              91.012674,
              26.371432
            ],
            [
              91.022715,
              26.360531
            ],
            [
              91.031353,
              26.360546
            ],
            [
              91.040962,
              26.37856
            ],
            [
              91.041933,
              26.380652
            ],
            [
              91.0464,
              26.398573
            ],
            [
              91.041133,
              26.413596
            ],
            [
              91.041519,
              26.431222
            ],
            [
              91.040521,
              26.442782
            ],
            [
              91.033366,
              26.449708
            ],
            [
              91.027766,
              26.453869
            ],
            [
              91.037969,
              26.465359
            ],
            [
              91.036063,
              26.476484
            ],
            [
              91.033375,
              26.487223
            ],
            [
              91.056971,
              26.496768
            ],
            [
              91.08587,
              26.492763
            ],
            [
              91.090158,
              26.474943
            ],
            [
              91.104738,
              26.472649
            ],
            [
              91.119263,
              26.495126
            ],
            [
              91.136154,
              26.496884
            ],
            [
              91.142356,
              26.507414
            ],
            [
              91.147992,
              26.52662
            ],
            [
              91.137897,
              26.541907
            ],
            [
              91.137511,
              26.556674
            ],
            [
              91.13654,
              26.567908
            ],
            [
              91.147021,
              26.572193
            ],
            [
              91.139479,
              26.579832
            ],
            [
              91.133097,
              26.589486
            ],
            [
              91.126122,
              26.597482
            ],
            [
              91.135237,
              26.60158
            ],
            [
              91.138598,
              26.611366
            ],
            [
              91.150392,
              26.60791
            ],
            [
              91.157286,
              26.593685
            ],
            [
              91.166275,
              26.582761
            ],
            [
              91.173799,
              26.571635
            ],
            [
              91.189044,
              26.560137
            ],
            [
              91.199767,
              26.559401
            ],
            [
              91.200217,
              26.547803
            ],
            [
              91.213772,
              26.544425
            ],
            [
              91.211228,
              26.552676
            ],
            [
              91.22001,
              26.559649
            ],
            [
              91.231363,
              26.560509
            ],
            [
              91.250285,
              26.55772
            ],
            [
              91.269341,
              26.558293
            ],
            [
              91.290294,
              26.557108
            ],
            [
              91.290599,
              26.548601
            ],
            [
              91.278563,
              26.542372
            ],
            [
              91.26117,
              26.527116
            ],
            [
              91.248163,
              26.520097
            ],
            [
              91.238437,
              26.513472
            ],
            [
              91.243219,
              26.502502
            ],
            [
              91.254851,
              26.499185
            ],
            [
              91.278842,
              26.498705
            ],
            [
              91.290303,
              26.500929
            ],
            [
              91.304128,
              26.503214
            ],
            [
              91.309512,
              26.487719
            ],
            [
              91.303462,
              26.469829
            ],
            [
              91.298321,
              26.461795
            ],
            [
              91.297701,
              26.452947
            ],
            [
              91.304811,
              26.446322
            ],
            [
              91.329305,
              26.445617
            ],
            [
              91.340712,
              26.455341
            ],
            [
              91.345971,
              26.463437
            ],
            [
              91.354294,
              26.472905
            ],
            [
              91.374034,
              26.480079
            ],
            [
              91.395319,
              26.4829
            ],
            [
              91.424137,
              26.487579
            ],
            [
              91.445054,
              26.492662
            ],
            [
              91.453396,
              26.498907
            ],
            [
              91.448542,
              26.506468
            ],
            [
              91.457594,
              26.511442
            ],
            [
              91.485235,
              26.512132
            ],
            [
              91.489846,
              26.502494
            ],
            [
              91.497217,
              26.491903
            ],
            [
              91.512767,
              26.489694
            ],
            [
              91.521846,
              26.494645
            ],
            [
              91.525639,
              26.502083
            ],
            [
              91.52688,
              26.512798
            ],
            [
              91.527985,
              26.520631
            ],
            [
              91.506709,
              26.52817
            ],
            [
              91.499194,
              26.545742
            ],
            [
              91.501423,
              26.568714
            ],
            [
              91.505028,
              26.596265
            ],
            [
              91.496632,
              26.623096
            ],
            [
              91.478061,
              26.644278
            ],
            [
              91.46972,
              26.673418
            ],
            [
              91.468947,
              26.703115
            ],
            [
              91.436677,
              26.737818
            ],
            [
              91.420515,
              26.758582
            ],
            [
              91.408299,
              26.783653
            ],
            [
              91.408299,
              26.783661
            ],
            [
              91.40829,
              26.783661
            ]
          ]
        ]
      }
    },
    {
      "type": "Feature",
      "properties": {
        "name": "Chirang"
      },
      "geometry": {
        "type": "Polygon",
        "coordinates": [
          [
            [
              90.41703,
              26.847534
            ],
            [
              90.357245,
              26.843986
            ],
            [
              90.348409,
              26.819146
            ],
            [
              90.338018,
              26.813064
            ],
            [
              90.337685,
              26.812878
            ],
            [
              90.342737,
              26.767987
            ],
            [
              90.344517,
              26.722461
            ],
            [
              90.344759,
              26.676904
            ],
            [
              90.337434,
              26.635136
            ],
            [
              90.351959,
              26.596939
            ],
            [
              90.360247,
              26.577268
            ],
            [
              90.36262,
              26.530665
            ],
            [
              90.370216,
              26.497334
            ],
            [
              90.388868,
              26.477957
            ],
            [
              90.397632,
              26.444757
            ],
            [
              90.403034,
              26.39896
            ],
            [
              90.426333,
              26.384262
            ],
            [
              90.438782,
              26.358486
            ],
            [
              90.444392,
              26.36676
            ],
            [
              90.460158,
              26.359237
            ],
            [
              90.461228,
              26.378018
            ],
            [
              90.471798,
              26.398247
            ],
            [
              90.496985,
              26.408815
            ],
            [
              90.52601,
              26.397116
            ],
            [
              90.538594,
              26.379157
            ],
            [
              90.551979,
              26.401424
            ],
            [
              90.563988,
              26.429556
            ],
            [
              90.56379,
              26.462732
            ],
            [
              90.597921,
              26.456224
            ],
            [
              90.624366,
              26.43883
            ],
            [
              90.623575,
              26.461802
            ],
            [
              90.633103,
              26.475415
            ],
            [
              90.65589,
              26.478638
            ],
            [
              90.684879,
              26.463592
            ],
            [
              90.702739,
              26.439527
            ],
            [
              90.731306,
              26.437645
            ],
            [
              90.753167,
              26.428223
            ],
            [
              90.774785,
              26.43694
            ],
            [
              90.80372,
              26.432647
            ],
            [
              90.803729,
              26.432655
            ],
            [
              90.80372,
              26.432655
            ],
            [
              90.802884,
              26.447074
            ],
            [
              90.805895,
              26.452552
            ],
            [
              90.822075,
              26.447074
            ],
            [
              90.837005,
              26.457611
            ],
            [
              90.850597,
              26.453094
            ],
            [
              90.850354,
              26.469403
            ],
            [
              90.852179,
              26.482621
            ],
            [
              90.842525,
              26.488137
            ],
            [
              90.829302,
              26.493111
            ],
            [
              90.828214,
              26.507383
            ],
            [
              90.817023,
              26.518121
            ],
            [
              90.82808,
              26.526636
            ],
            [
              90.846435,
              26.523552
            ],
            [
              90.854156,
              26.548647
            ],
            [
              90.878426,
              26.570543
            ],
            [
              90.899756,
              26.599806
            ],
            [
              90.893392,
              26.617409
            ],
            [
              90.90168,
              26.640885
            ],
            [
              90.912736,
              26.665484
            ],
            [
              90.929536,
              26.695057
            ],
            [
              90.941779,
              26.721129
            ],
            [
              90.959056,
              26.730178
            ],
            [
              90.959056,
              26.730186
            ],
            [
              90.93946,
              26.732131
            ],
            [
              90.808169,
              26.722167
            ],
            [
              90.740861,
              26.720796
            ],
            [
              90.704501,
              26.715636
            ],
            [
              90.684582,
              26.723546
            ],
            [
              90.663881,
              26.72687
            ],
            [
              90.643746,
              26.726242
            ],
            [
              90.626694,
              26.741056
            ],
            [
              90.557525,
              26.758186
            ],
            [
              90.512104,
              26.784614
            ],
            [
              90.41703,
              26.847534
            ]
          ]
        ]
      }
    },
    {
      "type": "Feature",
      "properties": {
        "name": "Goalpara"
      },
      "geometry": {
        "type": "Polygon",
        "coordinates": [
          [
            [
              90.658667,
              26.188026
            ],
            [
              90.64575,
              26.186089
            ],
            [
              90.621103,
              26.18409
            ],
            [
              90.600572,
              26.160057
            ],
            [
              90.571826,
              26.150039
            ],
            [
              90.541021,
              26.14804
            ],
            [
              90.518423,
              26.136023
            ],
            [
              90.479412,
              26.122
            ],
            [
              90.454774,
              26.107984
            ],
            [
              90.426027,
              26.105977
            ],
            [
              90.399322,
              26.109983
            ],
            [
              90.36031,
              26.122
            ],
            [
              90.347177,
              26.136945
            ],
            [
              90.326009,
              26.138278
            ],
            [
              90.288984,
              26.146622
            ],
            [
              90.246583,
              26.134528
            ],
            [
              90.231213,
              26.101127
            ],
            [
              90.208714,
              26.091915
            ],
            [
              90.186026,
              26.079697
            ],
            [
              90.158367,
              26.04728
            ],
            [
              90.15505,
              26.041973
            ],
            [
              90.173378,
              26.02977
            ],
            [
              90.170664,
              26.015436
            ],
            [
              90.180075,
              26.002738
            ],
            [
              90.185262,
              25.987304
            ],
            [
              90.175617,
              25.97817
            ],
            [
              90.179248,
              25.975326
            ],
            [
              90.177064,
              25.957987
            ],
            [
              90.151626,
              25.9481
            ],
            [
              90.135859,
              25.939074
            ],
            [
              90.12261,
              25.935642
            ],
            [
              90.119706,
              25.92791
            ],
            [
              90.122556,
              25.924663
            ],
            [
              90.148947,
              25.931466
            ],
            [
              90.173909,
              25.925794
            ],
            [
              90.190403,
              25.920309
            ],
            [
              90.213792,
              25.920813
            ],
            [
              90.265918,
              25.928003
            ],
            [
              90.323258,
              25.940593
            ],
            [
              90.339123,
              25.959792
            ],
            [
              90.3724,
              25.976504
            ],
            [
              90.39969,
              25.976264
            ],
            [
              90.418072,
              25.958327
            ],
            [
              90.454567,
              25.964394
            ],
            [
              90.477848,
              25.980641
            ],
            [
              90.505138,
              25.96303
            ],
            [
              90.532401,
              25.92715
            ],
            [
              90.532949,
              25.900033
            ],
            [
              90.517165,
              25.875062
            ],
            [
              90.528122,
              25.871374
            ],
            [
              90.550253,
              25.891572
            ],
            [
              90.573498,
              25.912027
            ],
            [
              90.590981,
              25.91986
            ],
            [
              90.619449,
              25.909075
            ],
            [
              90.612339,
              25.890705
            ],
            [
              90.61508,
              25.868089
            ],
            [
              90.627925,
              25.88322
            ],
            [
              90.665391,
              25.900552
            ],
            [
              90.687809,
              25.91783
            ],
            [
              90.719728,
              25.919232
            ],
            [
              90.744456,
              25.923912
            ],
            [
              90.74309,
              25.903504
            ],
            [
              90.745337,
              25.888442
            ],
            [
              90.759585,
              25.889388
            ],
            [
              90.778299,
              25.876712
            ],
            [
              90.792861,
              25.903644
            ],
            [
              90.813994,
              25.918109
            ],
            [
              90.836763,
              25.910423
            ],
            [
              90.858794,
              25.911446
            ],
            [
              90.880934,
              25.914638
            ],
            [
              90.897329,
              25.90307
            ],
            [
              90.915586,
              25.884669
            ],
            [
              90.916332,
              25.902652
            ],
            [
              90.936754,
              25.910919
            ],
            [
              90.958148,
              25.901552
            ],
            [
              90.967505,
              25.855925
            ],
            [
              91.000153,
              25.856142
            ],
            [
              91.029366,
              25.85694
            ],
            [
              91.029357,
              25.856692
            ],
            [
              91.029483,
              25.856785
            ],
            [
              91.038697,
              25.882531
            ],
            [
              91.051641,
              25.903248
            ],
            [
              91.062949,
              25.926376
            ],
            [
              91.08196,
              25.946907
            ],
            [
              91.091084,
              25.967927
            ],
            [
              91.094302,
              25.980711
            ],
            [
              91.083164,
              25.996113
            ],
            [
              91.069915,
              26.002513
            ],
            [
              91.054912,
              26.009424
            ],
            [
              91.031982,
              26.007325
            ],
            [
              91.009555,
              26.017497
            ],
            [
              90.985744,
              26.023084
            ],
            [
              90.959892,
              26.041639
            ],
            [
              90.949042,
              26.047605
            ],
            [
              90.935972,
              26.057732
            ],
            [
              90.933015,
              26.061482
            ],
            [
              90.923154,
              26.056035
            ],
            [
              90.908925,
              26.054245
            ],
            [
              90.887172,
              26.058607
            ],
            [
              90.869266,
              26.061195
            ],
            [
              90.861797,
              26.072716
            ],
            [
              90.849895,
              26.079193
            ],
            [
              90.839423,
              26.075149
            ],
            [
              90.829392,
              26.078868
            ],
            [
              90.812825,
              26.084291
            ],
            [
              90.778434,
              26.09668
            ],
            [
              90.744394,
              26.099794
            ],
            [
              90.727962,
              26.097788
            ],
            [
              90.717787,
              26.095401
            ],
            [
              90.71225,
              26.101491
            ],
            [
              90.706658,
              26.10965
            ],
            [
              90.691863,
              26.115306
            ],
            [
              90.678272,
              26.141594
            ],
            [
              90.667162,
              26.169238
            ],
            [
              90.663512,
              26.177791
            ],
            [
              90.658667,
              26.188026
            ]
          ]
        ]
      }
    },
    {
      "type": "Feature",
      "properties": {
        "name": "Dhubri"
      },
      "geometry": {
        "type": "Polygon",
        "coordinates": [
          [
            [
              90.221523,
              26.340991
            ],
            [
              90.215581,
              26.33821
            ],
            [
              90.206916,
              26.321164
            ],
            [
              90.189621,
              26.304948
            ],
            [
              90.168821,
              26.301493
            ],
            [
              90.145459,
              26.308241
            ],
            [
              90.098142,
              26.282224
            ],
            [
              90.102448,
              26.261824
            ],
            [
              90.1291,
              26.255184
            ],
            [
              90.148434,
              26.246538
            ],
            [
              90.145918,
              26.227695
            ],
            [
              90.124389,
              26.218994
            ],
            [
              90.121342,
              26.199346
            ],
            [
              90.118708,
              26.172019
            ],
            [
              90.099239,
              26.152278
            ],
            [
              90.067715,
              26.130452
            ],
            [
              90.059427,
              26.106814
            ],
            [
              90.045926,
              26.092031
            ],
            [
              90.010519,
              26.098841
            ],
            [
              89.98251,
              26.092062
            ],
            [
              89.960226,
              26.082098
            ],
            [
              89.923435,
              26.07831
            ],
            [
              89.89912,
              26.082261
            ],
            [
              89.874509,
              26.10872
            ],
            [
              89.872738,
              26.132366
            ],
            [
              89.875498,
              26.15196
            ],
            [
              89.880612,
              26.177404
            ],
            [
              89.886302,
              26.217421
            ],
            [
              89.888271,
              26.244678
            ],
            [
              89.890995,
              26.271121
            ],
            [
              89.865466,
              26.284804
            ],
            [
              89.842796,
              26.297355
            ],
            [
              89.811354,
              26.311178
            ],
            [
              89.811345,
              26.311178
            ],
            [
              89.797735,
              26.289987
            ],
            [
              89.782356,
              26.290615
            ],
            [
              89.767461,
              26.278908
            ],
            [
              89.752917,
              26.279512
            ],
            [
              89.757403,
              26.255843
            ],
            [
              89.746787,
              26.250133
            ],
            [
              89.736432,
              26.251992
            ],
            [
              89.722274,
              26.260569
            ],
            [
              89.719011,
              26.262909
            ],
            [
              89.724683,
              26.245391
            ],
            [
              89.738104,
              26.23081
            ],
            [
              89.72969,
              26.218529
            ],
            [
              89.712746,
              26.227501
            ],
            [
              89.703371,
              26.222465
            ],
            [
              89.717888,
              26.213981
            ],
            [
              89.727991,
              26.200632
            ],
            [
              89.712827,
              26.18619
            ],
            [
              89.7,
              26.178636
            ],
            [
              89.71671,
              26.175397
            ],
            [
              89.731973,
              26.17054
            ],
            [
              89.713834,
              26.164194
            ],
            [
              89.718463,
              26.154881
            ],
            [
              89.701124,
              26.151093
            ],
            [
              89.704243,
              26.142911
            ],
            [
              89.718697,
              26.138448
            ],
            [
              89.734247,
              26.134288
            ],
            [
              89.720486,
              26.128159
            ],
            [
              89.720504,
              26.126865
            ],
            [
              89.731416,
              26.120094
            ],
            [
              89.755218,
              26.10858
            ],
            [
              89.76623,
              26.095719
            ],
            [
              89.762257,
              26.070577
            ],
            [
              89.780459,
              26.067192
            ],
            [
              89.783308,
              26.062683
            ],
            [
              89.783533,
              26.052277
            ],
            [
              89.789295,
              26.045451
            ],
            [
              89.793079,
              26.043267
            ],
            [
              89.796441,
              26.03634
            ],
            [
              89.799713,
              26.028352
            ],
            [
              89.785807,
              26.017854
            ],
            [
              89.775551,
              26.004442
            ],
            [
              89.789628,
              26.004435
            ],
            [
              89.799246,
              26.004744
            ],
            [
              89.801412,
              26.000173
            ],
            [
              89.806257,
              26.008518
            ],
            [
              89.820288,
              25.991287
            ],
            [
              89.823183,
              25.975574
            ],
            [
              89.817619,
              25.962736
            ],
            [
              89.832486,
              25.947333
            ],
            [
              89.837691,
              25.957382
            ],
            [
              89.843309,
              25.973769
            ],
            [
              89.864343,
              25.95027
            ],
            [
              89.873601,
              25.943165
            ],
            [
              89.845871,
              25.938168
            ],
            [
              89.846374,
              25.920611
            ],
            [
              89.837664,
              25.92041
            ],
            [
              89.833214,
              25.908486
            ],
            [
              89.851498,
              25.905209
            ],
            [
              89.879848,
              25.910609
            ],
            [
              89.88295,
              25.903287
            ],
            [
              89.86188,
              25.875697
            ],
            [
              89.86188,
              25.875689
            ],
            [
              89.861889,
              25.875689
            ],
            [
              89.877376,
              25.863533
            ],
            [
              89.8993,
              25.875178
            ],
            [
              89.914123,
              25.887606
            ],
            [
              89.931615,
              25.897926
            ],
            [
              89.961494,
              25.915901
            ],
            [
              89.995481,
              25.947504
            ],
            [
              90.024083,
              25.96451
            ],
            [
              90.033324,
              25.976473
            ],
            [
              90.046151,
              25.981679
            ],
            [
              90.0554,
              25.995106
            ],
            [
              90.079158,
              26.011803
            ],
            [
              90.085944,
              26.024253
            ],
            [
              90.10136,
              26.0351
            ],
            [
              90.130646,
              26.039796
            ],
            [
              90.15505,
              26.041973
            ],
            [
              90.158367,
              26.04728
            ],
            [
              90.186026,
              26.079697
            ],
            [
              90.208714,
              26.091915
            ],
            [
              90.231213,
              26.101127
            ],
            [
              90.246583,
              26.134528
            ],
            [
              90.288984,
              26.146622
            ],
            [
              90.326009,
              26.138278
            ],
            [
              90.364966,
              26.139037
            ],
            [
              90.377263,
              26.166232
            ],
            [
              90.394755,
              26.181216
            ],
            [
              90.430522,
              26.203925
            ],
            [
              90.430243,
              26.215771
            ],
            [
              90.449893,
              26.208945
            ],
            [
              90.448095,
              26.230531
            ],
            [
              90.473174,
              26.230562
            ],
            [
              90.456383,
              26.241796
            ],
            [
              90.467942,
              26.239239
            ],
            [
              90.47676,
              26.247188
            ],
            [
              90.471268,
              26.276204
            ],
            [
              90.470918,
              26.290057
            ],
            [
              90.454459,
              26.295961
            ],
            [
              90.454702,
              26.296217
            ],
            [
              90.454666,
              26.296217
            ],
            [
              90.420859,
              26.28984
            ],
            [
              90.406504,
              26.267991
            ],
            [
              90.401668,
              26.247754
            ],
            [
              90.379178,
              26.226068
            ],
            [
              90.335348,
              26.205009
            ],
            [
              90.317119,
              26.192636
            ],
            [
              90.294907,
              26.191916
            ],
            [
              90.265811,
              26.198137
            ],
            [
              90.268669,
              26.218258
            ],
            [
              90.273262,
              26.233599
            ],
            [
              90.266323,
              26.237666
            ],
            [
              90.245828,
              26.24935
            ],
            [
              90.236327,
              26.265923
            ],
            [
              90.235078,
              26.283169
            ],
            [
              90.217181,
              26.289182
            ],
            [
              90.224813,
              26.306575
            ],
            [
              90.227545,
              26.311263
            ],
            [
              90.22501,
              26.329702
            ],
            [
              90.221523,
              26.340991
            ]
          ]
        ]
      }
    },
    {
      "type": "Feature",
      "properties": {
        "name": "Shivsagar"
      },
      "geometry": {
        "type": "Polygon",
        "coordinates": [
          [
            [
              94.744996,
              27.209449
            ],
            [
              94.728915,
              27.207373
            ],
            [
              94.719845,
              27.178466
            ],
            [
              94.704204,
              27.19056
            ],
            [
              94.699449,
              27.199323
            ],
            [
              94.682407,
              27.186004
            ],
            [
              94.652483,
              27.185144
            ],
            [
              94.635566,
              27.170059
            ],
            [
              94.617508,
              27.129918
            ],
            [
              94.591682,
              27.086011
            ],
            [
              94.591638,
              27.086019
            ],
            [
              94.591638,
              27.086003
            ],
            [
              94.578784,
              27.074808
            ],
            [
              94.576042,
              27.061528
            ],
            [
              94.564545,
              27.048411
            ],
            [
              94.557849,
              27.041407
            ],
            [
              94.548392,
              27.034752
            ],
            [
              94.542127,
              27.016358
            ],
            [
              94.530208,
              27.009959
            ],
            [
              94.520752,
              27.001707
            ],
            [
              94.507062,
              26.984631
            ],
            [
              94.487682,
              26.976225
            ],
            [
              94.474998,
              26.9706
            ],
            [
              94.46796,
              26.95206
            ],
            [
              94.4636,
              26.941453
            ],
            [
              94.441299,
              26.928855
            ],
            [
              94.41516,
              26.914219
            ],
            [
              94.398036,
              26.903365
            ],
            [
              94.412427,
              26.888133
            ],
            [
              94.441237,
              26.883832
            ],
            [
              94.470702,
              26.883445
            ],
            [
              94.481147,
              26.864478
            ],
            [
              94.478738,
              26.850308
            ],
            [
              94.491079,
              26.831287
            ],
            [
              94.494262,
              26.818798
            ],
            [
              94.489839,
              26.794005
            ],
            [
              94.486783,
              26.780578
            ],
            [
              94.5053,
              26.767399
            ],
            [
              94.520168,
              26.749408
            ],
            [
              94.521003,
              26.740878
            ],
            [
              94.516491,
              26.722601
            ],
            [
              94.518963,
              26.717379
            ],
            [
              94.526405,
              26.712474
            ],
            [
              94.534495,
              26.709135
            ],
            [
              94.543017,
              26.705362
            ],
            [
              94.552473,
              26.703131
            ],
            [
              94.559862,
              26.702069
            ],
            [
              94.571521,
              26.698854
            ],
            [
              94.580311,
              26.682235
            ],
            [
              94.592006,
              26.677114
            ],
            [
              94.59206,
              26.677207
            ],
            [
              94.601418,
              26.686333
            ],
            [
              94.607691,
              26.6827
            ],
            [
              94.615341,
              26.67644
            ],
            [
              94.62104,
              26.666809
            ],
            [
              94.63402,
              26.669528
            ],
            [
              94.655476,
              26.672132
            ],
            [
              94.682326,
              26.679477
            ],
            [
              94.69838,
              26.690703
            ],
            [
              94.722173,
              26.707082
            ],
            [
              94.736708,
              26.717673
            ],
            [
              94.741005,
              26.726397
            ],
            [
              94.74914,
              26.723043
            ],
            [
              94.756313,
              26.7203
            ],
            [
              94.762614,
              26.727846
            ],
            [
              94.767153,
              26.737593
            ],
            [
              94.778146,
              26.742939
            ],
            [
              94.794776,
              26.750059
            ],
            [
              94.801805,
              26.756815
            ],
            [
              94.794156,
              26.762982
            ],
            [
              94.8039,
              26.766143
            ],
            [
              94.811306,
              26.773016
            ],
            [
              94.81536,
              26.787109
            ],
            [
              94.81839,
              26.79622
            ],
            [
              94.824304,
              26.803937
            ],
            [
              94.835846,
              26.817635
            ],
            [
              94.835864,
              26.817643
            ],
            [
              94.77456,
              26.881175
            ],
            [
              94.817769,
              26.952153
            ],
            [
              94.813203,
              27.007805
            ],
            [
              94.8391,
              27.037309
            ],
            [
              94.839091,
              27.037371
            ],
            [
              94.839064,
              27.037309
            ],
            [
              94.817284,
              27.041678
            ],
            [
              94.813257,
              27.049914
            ],
            [
              94.806147,
              27.059212
            ],
            [
              94.777203,
              27.065185
            ],
            [
              94.75669,
              27.084237
            ],
            [
              94.757733,
              27.092976
            ],
            [
              94.775549,
              27.111346
            ],
            [
              94.771333,
              27.12561
            ],
            [
              94.774946,
              27.143554
            ],
            [
              94.765472,
              27.155594
            ],
            [
              94.769841,
              27.169253
            ],
            [
              94.766416,
              27.180418
            ],
            [
              94.745733,
              27.200299
            ],
            [
              94.745005,
              27.209449
            ],
            [
              94.744996,
              27.209449
            ]
          ]
        ]
      }
    },
    {
      "type": "Feature",
      "properties": {
        "name": "Jorhat"
      },
      "geometry": {
        "type": "Polygon",
        "coordinates": [
          [
            [
              94.398072,
              26.903365
            ],
            [
              94.383618,
              26.892611
            ],
            [
              94.366503,
              26.862278
            ],
            [
              94.346144,
              26.858675
            ],
            [
              94.32155,
              26.854058
            ],
            [
              94.300346,
              26.8524
            ],
            [
              94.280813,
              26.851478
            ],
            [
              94.258557,
              26.845651
            ],
            [
              94.242224,
              26.844853
            ],
            [
              94.219896,
              26.845427
            ],
            [
              94.202071,
              26.839662
            ],
            [
              94.198466,
              26.828289
            ],
            [
              94.164372,
              26.810887
            ],
            [
              94.138124,
              26.807757
            ],
            [
              94.113558,
              26.812932
            ],
            [
              94.098798,
              26.804828
            ],
            [
              94.086618,
              26.812359
            ],
            [
              94.073378,
              26.809857
            ],
            [
              94.055364,
              26.794051
            ],
            [
              94.033773,
              26.787063
            ],
            [
              94.008389,
              26.784413
            ],
            [
              93.987022,
              26.767523
            ],
            [
              93.977179,
              26.737918
            ],
            [
              93.974339,
              26.728729
            ],
            [
              93.977647,
              26.715589
            ],
            [
              93.9978,
              26.714884
            ],
            [
              94.000766,
              26.69694
            ],
            [
              94.022124,
              26.697576
            ],
            [
              94.032784,
              26.688216
            ],
            [
              94.043229,
              26.688418
            ],
            [
              94.044011,
              26.679678
            ],
            [
              94.041881,
              26.664392
            ],
            [
              94.042061,
              26.649996
            ],
            [
              94.048937,
              26.638003
            ],
            [
              94.049863,
              26.627102
            ],
            [
              94.054097,
              26.619269
            ],
            [
              94.063949,
              26.61744
            ],
            [
              94.072443,
              26.615139
            ],
            [
              94.084875,
              26.606276
            ],
            [
              94.095437,
              26.594739
            ],
            [
              94.088218,
              26.580987
            ],
            [
              94.081863,
              26.571573
            ],
            [
              94.081396,
              26.561028
            ],
            [
              94.071409,
              26.546261
            ],
            [
              94.076632,
              26.535375
            ],
            [
              94.088686,
              26.533818
            ],
            [
              94.100776,
              26.524792
            ],
            [
              94.114403,
              26.511683
            ],
            [
              94.113774,
              26.499627
            ],
            [
              94.107473,
              26.480653
            ],
            [
              94.10376,
              26.462244
            ],
            [
              94.097369,
              26.44602
            ],
            [
              94.102295,
              26.428061
            ],
            [
              94.128479,
              26.403655
            ],
            [
              94.116632,
              26.379366
            ],
            [
              94.119329,
              26.352837
            ],
            [
              94.131059,
              26.323256
            ],
            [
              94.142592,
              26.311387
            ],
            [
              94.165334,
              26.310155
            ],
            [
              94.16537,
              26.310171
            ],
            [
              94.165324,
              26.310163
            ],
            [
              94.169217,
              26.322389
            ],
            [
              94.173864,
              26.338698
            ],
            [
              94.174161,
              26.358796
            ],
            [
              94.172291,
              26.378049
            ],
            [
              94.176866,
              26.39628
            ],
            [
              94.189523,
              26.418035
            ],
            [
              94.205757,
              26.435507
            ],
            [
              94.219213,
              26.452095
            ],
            [
              94.249856,
              26.481397
            ],
            [
              94.272391,
              26.508754
            ],
            [
              94.286449,
              26.511427
            ],
            [
              94.282557,
              26.495374
            ],
            [
              94.286089,
              26.473014
            ],
            [
              94.289191,
              26.444517
            ],
            [
              94.297874,
              26.424853
            ],
            [
              94.314369,
              26.417493
            ],
            [
              94.322099,
              26.433577
            ],
            [
              94.339591,
              26.442759
            ],
            [
              94.351088,
              26.455287
            ],
            [
              94.359376,
              26.462833
            ],
            [
              94.375276,
              26.470132
            ],
            [
              94.386755,
              26.483892
            ],
            [
              94.398342,
              26.489377
            ],
            [
              94.404958,
              26.50433
            ],
            [
              94.404958,
              26.512946
            ],
            [
              94.411556,
              26.535647
            ],
            [
              94.40565,
              26.559068
            ],
            [
              94.418108,
              26.570512
            ],
            [
              94.449767,
              26.58717
            ],
            [
              94.459763,
              26.592183
            ],
            [
              94.45819,
              26.610289
            ],
            [
              94.482936,
              26.622453
            ],
            [
              94.501551,
              26.627962
            ],
            [
              94.515601,
              26.640815
            ],
            [
              94.52504,
              26.649322
            ],
            [
              94.549741,
              26.657179
            ],
            [
              94.560473,
              26.646998
            ],
            [
              94.57064,
              26.638855
            ],
            [
              94.579224,
              26.652646
            ],
            [
              94.592096,
              26.658891
            ],
            [
              94.601966,
              26.665422
            ],
            [
              94.592051,
              26.677106
            ],
            [
              94.580348,
              26.682235
            ],
            [
              94.571557,
              26.698854
            ],
            [
              94.559898,
              26.702069
            ],
            [
              94.552509,
              26.703131
            ],
            [
              94.543053,
              26.705362
            ],
            [
              94.534532,
              26.709135
            ],
            [
              94.526441,
              26.712475
            ],
            [
              94.518999,
              26.717379
            ],
            [
              94.516527,
              26.722601
            ],
            [
              94.521039,
              26.740878
            ],
            [
              94.520204,
              26.749408
            ],
            [
              94.505336,
              26.767399
            ],
            [
              94.486819,
              26.780578
            ],
            [
              94.489875,
              26.794005
            ],
            [
              94.494298,
              26.818798
            ],
            [
              94.491116,
              26.831287
            ],
            [
              94.478774,
              26.850308
            ],
            [
              94.481183,
              26.864479
            ],
            [
              94.470738,
              26.883445
            ],
            [
              94.441273,
              26.883833
            ],
            [
              94.412463,
              26.888133
            ],
            [
              94.398072,
              26.903365
            ]
          ]
        ]
      }
    },
    {
      "type": "Feature",
      "properties": {
        "name": "Dibrugarh"
      },
      "geometry": {
        "type": "Polygon",
        "coordinates": [
          [
            [
              95.198473,
              27.633796
            ],
            [
              95.191066,
              27.630828
            ],
            [
              95.156522,
              27.619369
            ],
            [
              95.117789,
              27.607445
            ],
            [
              95.092684,
              27.588766
            ],
            [
              95.046517,
              27.590625
            ],
            [
              95.024773,
              27.586147
            ],
            [
              94.979802,
              27.577128
            ],
            [
              94.94889,
              27.546718
            ],
            [
              94.92621,
              27.533733
            ],
            [
              94.894417,
              27.513999
            ],
            [
              94.870776,
              27.491647
            ],
            [
              94.842318,
              27.467272
            ],
            [
              94.813778,
              27.44609
            ],
            [
              94.808906,
              27.431493
            ],
            [
              94.789275,
              27.413913
            ],
            [
              94.764601,
              27.409342
            ],
            [
              94.749688,
              27.386238
            ],
            [
              94.736088,
              27.3713
            ],
            [
              94.718623,
              27.360283
            ],
            [
              94.684878,
              27.3444
            ],
            [
              94.681894,
              27.317136
            ],
            [
              94.660986,
              27.304693
            ],
            [
              94.654433,
              27.281465
            ],
            [
              94.637238,
              27.263025
            ],
            [
              94.619107,
              27.267124
            ],
            [
              94.608968,
              27.255688
            ],
            [
              94.604033,
              27.232119
            ],
            [
              94.59526,
              27.219095
            ],
            [
              94.58424,
              27.20439
            ],
            [
              94.585498,
              27.186392
            ],
            [
              94.575772,
              27.154114
            ],
            [
              94.577201,
              27.134737
            ],
            [
              94.569336,
              27.122759
            ],
            [
              94.566478,
              27.11842
            ],
            [
              94.566298,
              27.118498
            ],
            [
              94.566469,
              27.118405
            ],
            [
              94.575188,
              27.107473
            ],
            [
              94.581192,
              27.099756
            ],
            [
              94.586667,
              27.090706
            ],
            [
              94.591656,
              27.086019
            ],
            [
              94.591702,
              27.086011
            ],
            [
              94.617527,
              27.129918
            ],
            [
              94.635585,
              27.170059
            ],
            [
              94.652502,
              27.185144
            ],
            [
              94.682426,
              27.186004
            ],
            [
              94.699469,
              27.199323
            ],
            [
              94.704224,
              27.19056
            ],
            [
              94.719865,
              27.178465
            ],
            [
              94.728934,
              27.207372
            ],
            [
              94.745788,
              27.200299
            ],
            [
              94.766471,
              27.180418
            ],
            [
              94.769896,
              27.169253
            ],
            [
              94.765528,
              27.155594
            ],
            [
              94.775002,
              27.143554
            ],
            [
              94.771388,
              27.12561
            ],
            [
              94.775604,
              27.111346
            ],
            [
              94.757788,
              27.092976
            ],
            [
              94.756746,
              27.084237
            ],
            [
              94.777258,
              27.065185
            ],
            [
              94.806202,
              27.059211
            ],
            [
              94.813312,
              27.049914
            ],
            [
              94.817339,
              27.041678
            ],
            [
              94.839119,
              27.037308
            ],
            [
              94.853942,
              27.06111
            ],
            [
              94.885906,
              27.099756
            ],
            [
              94.943974,
              27.150171
            ],
            [
              94.966005,
              27.168029
            ],
            [
              94.973206,
              27.131909
            ],
            [
              94.981817,
              27.109781
            ],
            [
              94.977952,
              27.093224
            ],
            [
              94.994698,
              27.088405
            ],
            [
              95.023399,
              27.085593
            ],
            [
              95.043669,
              27.09465
            ],
            [
              95.054923,
              27.081742
            ],
            [
              95.074069,
              27.077837
            ],
            [
              95.104361,
              27.075195
            ],
            [
              95.11397,
              27.071306
            ],
            [
              95.125988,
              27.074281
            ],
            [
              95.134114,
              27.075389
            ],
            [
              95.146942,
              27.065317
            ],
            [
              95.160164,
              27.06558
            ],
            [
              95.170348,
              27.080301
            ],
            [
              95.177009,
              27.079898
            ],
            [
              95.180731,
              27.09575
            ],
            [
              95.197702,
              27.098973
            ],
            [
              95.217396,
              27.102033
            ],
            [
              95.234996,
              27.109084
            ],
            [
              95.238394,
              27.125021
            ],
            [
              95.254142,
              27.120768
            ],
            [
              95.264057,
              27.129507
            ],
            [
              95.292363,
              27.130964
            ],
            [
              95.323464,
              27.125308
            ],
            [
              95.344983,
              27.10865
            ],
            [
              95.364884,
              27.078929
            ],
            [
              95.369685,
              27.049968
            ],
            [
              95.369685,
              27.04996
            ],
            [
              95.368193,
              27.045397
            ],
            [
              95.36937,
              27.04026
            ],
            [
              95.382197,
              27.046017
            ],
            [
              95.400903,
              27.054803
            ],
            [
              95.421595,
              27.069616
            ],
            [
              95.442269,
              27.071918
            ],
            [
              95.454,
              27.072902
            ],
            [
              95.460858,
              27.08849
            ],
            [
              95.455186,
              27.099151
            ],
            [
              95.461191,
              27.115375
            ],
            [
              95.46315,
              27.130398
            ],
            [
              95.456004,
              27.148171
            ],
            [
              95.465595,
              27.153107
            ],
            [
              95.470827,
              27.160506
            ],
            [
              95.483528,
              27.176931
            ],
            [
              95.483528,
              27.176939
            ],
            [
              95.47249,
              27.187492
            ],
            [
              95.461317,
              27.193302
            ],
            [
              95.453559,
              27.178326
            ],
            [
              95.445667,
              27.168417
            ],
            [
              95.436696,
              27.19087
            ],
            [
              95.445784,
              27.197843
            ],
            [
              95.461425,
              27.208604
            ],
            [
              95.451501,
              27.227555
            ],
            [
              95.457964,
              27.239526
            ],
            [
              95.462171,
              27.252573
            ],
            [
              95.448705,
              27.267511
            ],
            [
              95.463734,
              27.277474
            ],
            [
              95.471222,
              27.289499
            ],
            [
              95.462917,
              27.30236
            ],
            [
              95.441424,
              27.302321
            ],
            [
              95.426647,
              27.30862
            ],
            [
              95.411599,
              27.320575
            ],
            [
              95.380921,
              27.327269
            ],
            [
              95.372283,
              27.316499
            ],
            [
              95.346772,
              27.32716
            ],
            [
              95.319536,
              27.325037
            ],
            [
              95.302574,
              27.335218
            ],
            [
              95.28794,
              27.345282
            ],
            [
              95.270376,
              27.343841
            ],
            [
              95.254628,
              27.345732
            ],
            [
              95.247652,
              27.36077
            ],
            [
              95.235787,
              27.368564
            ],
            [
              95.219185,
              27.389042
            ],
            [
              95.225854,
              27.404491
            ],
            [
              95.226429,
              27.421908
            ],
            [
              95.240021,
              27.436559
            ],
            [
              95.261019,
              27.445415
            ],
            [
              95.266655,
              27.458935
            ],
            [
              95.265234,
              27.475035
            ],
            [
              95.27754,
              27.478846
            ],
            [
              95.273495,
              27.493281
            ],
            [
              95.279122,
              27.499425
            ],
            [
              95.290151,
              27.507219
            ],
            [
              95.300192,
              27.515036
            ],
            [
              95.317936,
              27.517616
            ],
            [
              95.305504,
              27.544927
            ],
            [
              95.288866,
              27.59198
            ],
            [
              95.272578,
              27.609955
            ],
            [
              95.236884,
              27.58252
            ],
            [
              95.210169,
              27.583992
            ],
            [
              95.190573,
              27.598945
            ],
            [
              95.200362,
              27.621731
            ],
            [
              95.198474,
              27.633795
            ],
            [
              95.198473,
              27.633796
            ]
          ]
        ]
      }
    },
    {
      "type": "Feature",
      "properties": {
        "name": "Nagaon"
      },
      "geometry": {
        "type": "Polygon",
        "coordinates": [
          [
            [
              93.305714,
              26.648811
            ],
            [
              93.290307,
              26.646672
            ],
            [
              93.282658,
              26.636802
            ],
            [
              93.255296,
              26.634803
            ],
            [
              93.240276,
              26.63089
            ],
            [
              93.229156,
              26.604106
            ],
            [
              93.214729,
              26.577957
            ],
            [
              93.180922,
              26.565716
            ],
            [
              93.162918,
              26.555768
            ],
            [
              93.152032,
              26.539621
            ],
            [
              93.120023,
              26.538583
            ],
            [
              93.09836,
              26.540435
            ],
            [
              93.081137,
              26.547911
            ],
            [
              93.052904,
              26.547865
            ],
            [
              93.005631,
              26.55115
            ],
            [
              92.987276,
              26.5657
            ],
            [
              92.940022,
              26.569094
            ],
            [
              92.918467,
              26.549872
            ],
            [
              92.896318,
              26.547973
            ],
            [
              92.887518,
              26.546168
            ],
            [
              92.868911,
              26.53574
            ],
            [
              92.842952,
              26.537057
            ],
            [
              92.796353,
              26.511326
            ],
            [
              92.770232,
              26.509932
            ],
            [
              92.763508,
              26.491275
            ],
            [
              92.756299,
              26.476051
            ],
            [
              92.747382,
              26.467094
            ],
            [
              92.725791,
              26.477073
            ],
            [
              92.720695,
              26.488827
            ],
            [
              92.687427,
              26.46501
            ],
            [
              92.669755,
              26.472254
            ],
            [
              92.646573,
              26.4722
            ],
            [
              92.60348,
              26.463391
            ],
            [
              92.576631,
              26.455062
            ],
            [
              92.559723,
              26.458649
            ],
            [
              92.53334,
              26.463577
            ],
            [
              92.485502,
              26.455217
            ],
            [
              92.464378,
              26.452242
            ],
            [
              92.451839,
              26.469418
            ],
            [
              92.432863,
              26.473463
            ],
            [
              92.416198,
              26.470015
            ],
            [
              92.426643,
              26.452606
            ],
            [
              92.436423,
              26.436041
            ],
            [
              92.449547,
              26.419066
            ],
            [
              92.44712,
              26.40591
            ],
            [
              92.437547,
              26.381954
            ],
            [
              92.443686,
              26.357246
            ],
            [
              92.456099,
              26.336513
            ],
            [
              92.479902,
              26.325069
            ],
            [
              92.509889,
              26.331887
            ],
            [
              92.54703,
              26.343184
            ],
            [
              92.549421,
              26.321955
            ],
            [
              92.556001,
              26.305467
            ],
            [
              92.546581,
              26.277661
            ],
            [
              92.53894,
              26.253859
            ],
            [
              92.50819,
              26.24605
            ],
            [
              92.469834,
              26.243562
            ],
            [
              92.45298,
              26.240091
            ],
            [
              92.442185,
              26.230143
            ],
            [
              92.442913,
              26.212819
            ],
            [
              92.446374,
              26.201205
            ],
            [
              92.433573,
              26.193984
            ],
            [
              92.436962,
              26.173584
            ],
            [
              92.433663,
              26.164396
            ],
            [
              92.415569,
              26.159584
            ],
            [
              92.407218,
              26.147436
            ],
            [
              92.41654,
              26.126261
            ],
            [
              92.421214,
              26.110122
            ],
            [
              92.412324,
              26.102003
            ],
            [
              92.409915,
              26.099911
            ],
            [
              92.406571,
              26.091001
            ],
            [
              92.406517,
              26.082579
            ],
            [
              92.422275,
              26.08058
            ],
            [
              92.431902,
              26.080053
            ],
            [
              92.44116,
              26.086515
            ],
            [
              92.449493,
              26.096052
            ],
            [
              92.459317,
              26.102096
            ],
            [
              92.470419,
              26.110448
            ],
            [
              92.479695,
              26.108069
            ],
            [
              92.503911,
              26.110393
            ],
            [
              92.514176,
              26.109053
            ],
            [
              92.525736,
              26.111021
            ],
            [
              92.523291,
              26.096695
            ],
            [
              92.521718,
              26.085151
            ],
            [
              92.519651,
              26.068912
            ],
            [
              92.531426,
              26.065046
            ],
            [
              92.540388,
              26.066843
            ],
            [
              92.549664,
              26.075761
            ],
            [
              92.563902,
              26.079689
            ],
            [
              92.576361,
              26.075079
            ],
            [
              92.575435,
              26.061141
            ],
            [
              92.587849,
              26.050325
            ],
            [
              92.596334,
              26.041043
            ],
            [
              92.59006,
              26.028468
            ],
            [
              92.583561,
              26.009184
            ],
            [
              92.584181,
              25.99568
            ],
            [
              92.5921,
              25.989264
            ],
            [
              92.570132,
              25.97937
            ],
            [
              92.570276,
              25.968748
            ],
            [
              92.552999,
              25.94294
            ],
            [
              92.557071,
              25.933341
            ],
            [
              92.572217,
              25.929893
            ],
            [
              92.585476,
              25.933132
            ],
            [
              92.595795,
              25.940422
            ],
            [
              92.607453,
              25.944118
            ],
            [
              92.625404,
              25.953408
            ],
            [
              92.635768,
              25.960869
            ],
            [
              92.649988,
              25.966323
            ],
            [
              92.658681,
              25.97342
            ],
            [
              92.656272,
              25.986119
            ],
            [
              92.666438,
              25.993843
            ],
            [
              92.678141,
              25.993115
            ],
            [
              92.686591,
              25.990605
            ],
            [
              92.697629,
              25.98763
            ],
            [
              92.709171,
              25.986847
            ],
            [
              92.713324,
              25.994827
            ],
            [
              92.712056,
              26.004806
            ],
            [
              92.717207,
              26.023649
            ],
            [
              92.753126,
              26.027019
            ],
            [
              92.735787,
              26.044219
            ],
            [
              92.730483,
              26.066363
            ],
            [
              92.720766,
              26.070531
            ],
            [
              92.724218,
              26.081672
            ],
            [
              92.698915,
              26.09066
            ],
            [
              92.704011,
              26.108147
            ],
            [
              92.683831,
              26.107558
            ],
            [
              92.672856,
              26.122023
            ],
            [
              92.683544,
              26.134412
            ],
            [
              92.70518,
              26.129159
            ],
            [
              92.709423,
              26.144135
            ],
            [
              92.715382,
              26.158337
            ],
            [
              92.728002,
              26.168184
            ],
            [
              92.750268,
              26.17174
            ],
            [
              92.768623,
              26.174623
            ],
            [
              92.772839,
              26.191032
            ],
            [
              92.768021,
              26.209387
            ],
            [
              92.78545,
              26.222481
            ],
            [
              92.804093,
              26.22582
            ],
            [
              92.818529,
              26.22042
            ],
            [
              92.825972,
              26.232444
            ],
            [
              92.840066,
              26.245647
            ],
            [
              92.847113,
              26.264528
            ],
            [
              92.860498,
              26.254464
            ],
            [
              92.881424,
              26.246282
            ],
            [
              92.894628,
              26.259019
            ],
            [
              92.905136,
              26.271679
            ],
            [
              92.921864,
              26.274391
            ],
            [
              92.941559,
              26.287841
            ],
            [
              92.941235,
              26.305669
            ],
            [
              92.927545,
              26.313486
            ],
            [
              92.911051,
              26.317298
            ],
            [
              92.920139,
              26.333375
            ],
            [
              92.916768,
              26.337536
            ],
            [
              92.897127,
              26.341084
            ],
            [
              92.886251,
              26.341518
            ],
            [
              92.898035,
              26.349529
            ],
            [
              92.907851,
              26.352946
            ],
            [
              92.923455,
              26.355069
            ],
            [
              92.942817,
              26.358253
            ],
            [
              92.954512,
              26.363855
            ],
            [
              92.971636,
              26.373811
            ],
            [
              92.989101,
              26.377057
            ],
            [
              93.008696,
              26.381094
            ],
            [
              93.037164,
              26.388524
            ],
            [
              93.051672,
              26.390244
            ],
            [
              93.048796,
              26.378599
            ],
            [
              93.062872,
              26.374539
            ],
            [
              93.072023,
              26.377801
            ],
            [
              93.092985,
              26.390259
            ],
            [
              93.076688,
              26.3863
            ],
            [
              93.082315,
              26.394435
            ],
            [
              93.100257,
              26.403438
            ],
            [
              93.098908,
              26.391243
            ],
            [
              93.115852,
              26.39786
            ],
            [
              93.107493,
              26.406584
            ],
            [
              93.123807,
              26.4174
            ],
            [
              93.117192,
              26.424729
            ],
            [
              93.125129,
              26.431594
            ],
            [
              93.135349,
              26.441565
            ],
            [
              93.129731,
              26.444137
            ],
            [
              93.121021,
              26.450924
            ],
            [
              93.118558,
              26.436878
            ],
            [
              93.105452,
              26.432337
            ],
            [
              93.107538,
              26.423211
            ],
            [
              93.09472,
              26.416687
            ],
            [
              93.086845,
              26.425589
            ],
            [
              93.072706,
              26.433856
            ],
            [
              93.073973,
              26.441534
            ],
            [
              93.090728,
              26.451877
            ],
            [
              93.076652,
              26.449809
            ],
            [
              93.066468,
              26.452102
            ],
            [
              93.056229,
              26.444393
            ],
            [
              93.026728,
              26.436707
            ],
            [
              93.00929,
              26.437908
            ],
            [
              93.011447,
              26.453667
            ],
            [
              93.026458,
              26.465258
            ],
            [
              93.044121,
              26.480498
            ],
            [
              93.04698,
              26.491368
            ],
            [
              93.069587,
              26.495707
            ],
            [
              93.089857,
              26.497729
            ],
            [
              93.10254,
              26.487757
            ],
            [
              93.120526,
              26.487083
            ],
            [
              93.133605,
              26.494731
            ],
            [
              93.146261,
              26.50911
            ],
            [
              93.162495,
              26.505113
            ],
            [
              93.186028,
              26.521561
            ],
            [
              93.210451,
              26.510404
            ],
            [
              93.196455,
              26.495505
            ],
            [
              93.179727,
              26.48916
            ],
            [
              93.160554,
              26.479483
            ],
            [
              93.180446,
              26.483403
            ],
            [
              93.198927,
              26.488641
            ],
            [
              93.208374,
              26.465289
            ],
            [
              93.211341,
              26.473595
            ],
            [
              93.211619,
              26.481412
            ],
            [
              93.220851,
              26.491647
            ],
            [
              93.240842,
              26.487138
            ],
            [
              93.253291,
              26.476229
            ],
            [
              93.272258,
              26.471851
            ],
            [
              93.273354,
              26.46212
            ],
            [
              93.28486,
              26.471441
            ],
            [
              93.291809,
              26.458773
            ],
            [
              93.292069,
              26.472889
            ],
            [
              93.272141,
              26.478832
            ],
            [
              93.275701,
              26.493793
            ],
            [
              93.265777,
              26.48651
            ],
            [
              93.263611,
              26.489106
            ],
            [
              93.24939,
              26.498155
            ],
            [
              93.251116,
              26.504834
            ],
            [
              93.238415,
              26.510079
            ],
            [
              93.254136,
              26.52239
            ],
            [
              93.274559,
              26.526465
            ],
            [
              93.293552,
              26.53168
            ],
            [
              93.300905,
              26.532207
            ],
            [
              93.300321,
              26.531393
            ],
            [
              93.301157,
              26.532098
            ],
            [
              93.303089,
              26.534368
            ],
            [
              93.293121,
              26.539699
            ],
            [
              93.292635,
              26.541992
            ],
            [
              93.294748,
              26.545548
            ],
            [
              93.299,
              26.557983
            ],
            [
              93.292689,
              26.56952
            ],
            [
              93.284986,
              26.587255
            ],
            [
              93.289229,
              26.589285
            ],
            [
              93.307934,
              26.588913
            ],
            [
              93.313166,
              26.592345
            ],
            [
              93.318065,
              26.601108
            ],
            [
              93.318964,
              26.608786
            ],
            [
              93.309543,
              26.61479
            ],
            [
              93.308168,
              26.620245
            ],
            [
              93.315917,
              26.626652
            ],
            [
              93.318236,
              26.630038
            ],
            [
              93.315512,
              26.632076
            ],
            [
              93.315395,
              26.636445
            ],
            [
              93.307359,
              26.642349
            ],
            [
              93.305723,
              26.648811
            ],
            [
              93.305714,
              26.648811
            ]
          ]
        ]
      }
    },
    {
      "type": "Feature",
      "properties": {
        "name": "Majuli"
      },
      "geometry": {
        "type": "Polygon",
        "coordinates": [
          [
            [
              94.560842,
              27.119621
            ],
            [
              94.54539,
              27.111284
            ],
            [
              94.525516,
              27.09575
            ],
            [
              94.513336,
              27.082439
            ],
            [
              94.502289,
              27.061466
            ],
            [
              94.483286,
              27.076838
            ],
            [
              94.464482,
              27.058692
            ],
            [
              94.432328,
              27.060474
            ],
            [
              94.419807,
              27.044839
            ],
            [
              94.408176,
              27.030769
            ],
            [
              94.399259,
              27.037161
            ],
            [
              94.375402,
              27.039927
            ],
            [
              94.36965,
              27.037208
            ],
            [
              94.352014,
              27.032993
            ],
            [
              94.333488,
              27.021464
            ],
            [
              94.312588,
              27.033845
            ],
            [
              94.299033,
              27.024858
            ],
            [
              94.28377,
              27.037053
            ],
            [
              94.261792,
              27.028848
            ],
            [
              94.253253,
              27.009486
            ],
            [
              94.232165,
              27.021828
            ],
            [
              94.215869,
              26.998941
            ],
            [
              94.21248,
              26.976969
            ],
            [
              94.196956,
              26.971909
            ],
            [
              94.179212,
              26.975675
            ],
            [
              94.164444,
              26.986243
            ],
            [
              94.16652,
              26.959048
            ],
            [
              94.158942,
              26.935185
            ],
            [
              94.135068,
              26.946652
            ],
            [
              94.119625,
              26.935657
            ],
            [
              94.134646,
              26.912732
            ],
            [
              94.106618,
              26.915536
            ],
            [
              94.084596,
              26.902536
            ],
            [
              94.069144,
              26.916753
            ],
            [
              94.052856,
              26.920162
            ],
            [
              94.037081,
              26.911182
            ],
            [
              94.025117,
              26.887931
            ],
            [
              94.009153,
              26.87445
            ],
            [
              93.987058,
              26.875968
            ],
            [
              93.958483,
              26.871924
            ],
            [
              93.915579,
              26.867562
            ],
            [
              93.908442,
              26.832558
            ],
            [
              93.893997,
              26.809957
            ],
            [
              93.867597,
              26.791765
            ],
            [
              93.835471,
              26.796251
            ],
            [
              93.807452,
              26.80606
            ],
            [
              93.786697,
              26.804673
            ],
            [
              93.777708,
              26.798622
            ],
            [
              93.770841,
              26.796678
            ],
            [
              93.770014,
              26.791246
            ],
            [
              93.763533,
              26.784614
            ],
            [
              93.791992,
              26.769831
            ],
            [
              93.788001,
              26.761673
            ],
            [
              93.779452,
              26.758156
            ],
            [
              93.767578,
              26.75549
            ],
            [
              93.753672,
              26.754878
            ],
            [
              93.743164,
              26.749323
            ],
            [
              93.755075,
              26.744488
            ],
            [
              93.799542,
              26.746239
            ],
            [
              93.823632,
              26.752259
            ],
            [
              93.845727,
              26.764811
            ],
            [
              93.866069,
              26.779508
            ],
            [
              93.887732,
              26.774643
            ],
            [
              93.905062,
              26.754227
            ],
            [
              93.931184,
              26.73788
            ],
            [
              93.949503,
              26.746162
            ],
            [
              93.959507,
              26.76502
            ],
            [
              93.979301,
              26.777804
            ],
            [
              94.008389,
              26.784413
            ],
            [
              94.033773,
              26.787063
            ],
            [
              94.055364,
              26.794051
            ],
            [
              94.073378,
              26.809857
            ],
            [
              94.086618,
              26.812359
            ],
            [
              94.098798,
              26.804828
            ],
            [
              94.113558,
              26.812932
            ],
            [
              94.138124,
              26.807757
            ],
            [
              94.164372,
              26.810887
            ],
            [
              94.198466,
              26.828289
            ],
            [
              94.202071,
              26.839662
            ],
            [
              94.219896,
              26.845427
            ],
            [
              94.242224,
              26.844853
            ],
            [
              94.258557,
              26.845651
            ],
            [
              94.280813,
              26.851478
            ],
            [
              94.300346,
              26.8524
            ],
            [
              94.32155,
              26.854058
            ],
            [
              94.346144,
              26.858675
            ],
            [
              94.366503,
              26.862278
            ],
            [
              94.383618,
              26.892611
            ],
            [
              94.398072,
              26.903365
            ],
            [
              94.415196,
              26.914219
            ],
            [
              94.441336,
              26.928855
            ],
            [
              94.463637,
              26.941453
            ],
            [
              94.467996,
              26.95206
            ],
            [
              94.475034,
              26.9706
            ],
            [
              94.487718,
              26.976225
            ],
            [
              94.507098,
              26.984631
            ],
            [
              94.520787,
              27.001707
            ],
            [
              94.530244,
              27.009959
            ],
            [
              94.542163,
              27.016358
            ],
            [
              94.548428,
              27.034752
            ],
            [
              94.557885,
              27.041407
            ],
            [
              94.564581,
              27.048411
            ],
            [
              94.576078,
              27.061528
            ],
            [
              94.578819,
              27.074808
            ],
            [
              94.591674,
              27.086003
            ],
            [
              94.586667,
              27.090706
            ],
            [
              94.581192,
              27.099756
            ],
            [
              94.575188,
              27.107473
            ],
            [
              94.566469,
              27.118405
            ],
            [
              94.566414,
              27.118436
            ],
            [
              94.560841,
              27.119622
            ],
            [
              94.560842,
              27.119621
            ]
          ]
        ]
      }
    },
    {
      "type": "Feature",
      "properties": {
        "name": "Karimganj"
      },
      "geometry": {
        "type": "Polygon",
        "coordinates": [
          [
            [
              92.29608,
              24.910965
            ],
            [
              92.275721,
              24.898545
            ],
            [
              92.229644,
              24.895074
            ],
            [
              92.243541,
              24.883127
            ],
            [
              92.2343,
              24.857226
            ],
            [
              92.253168,
              24.834006
            ],
            [
              92.255622,
              24.827026
            ],
            [
              92.275334,
              24.807028
            ],
            [
              92.279442,
              24.788643
            ],
            [
              92.280062,
              24.764005
            ],
            [
              92.283784,
              24.739096
            ],
            [
              92.279128,
              24.71335
            ],
            [
              92.258696,
              24.681809
            ],
            [
              92.253995,
              24.667808
            ],
            [
              92.24657,
              24.636422
            ],
            [
              92.234426,
              24.591818
            ],
            [
              92.230444,
              24.548655
            ],
            [
              92.215019,
              24.512
            ],
            [
              92.215037,
              24.511969
            ],
            [
              92.220754,
              24.505887
            ],
            [
              92.230111,
              24.505484
            ],
            [
              92.234004,
              24.502858
            ],
            [
              92.238732,
              24.494436
            ],
            [
              92.230031,
              24.485154
            ],
            [
              92.228431,
              24.475965
            ],
            [
              92.230111,
              24.465839
            ],
            [
              92.235307,
              24.457084
            ],
            [
              92.245042,
              24.448553
            ],
            [
              92.25573,
              24.441487
            ],
            [
              92.255361,
              24.424807
            ],
            [
              92.262336,
              24.414634
            ],
            [
              92.263379,
              24.4045
            ],
            [
              92.269617,
              24.397906
            ],
            [
              92.269267,
              24.389562
            ],
            [
              92.268026,
              24.382597
            ],
            [
              92.265725,
              24.372889
            ],
            [
              92.255172,
              24.352481
            ],
            [
              92.211918,
              24.260011
            ],
            [
              92.260575,
              24.261134
            ],
            [
              92.29217,
              24.262173
            ],
            [
              92.295604,
              24.262544
            ],
            [
              92.421394,
              24.263559
            ],
            [
              92.421394,
              24.263536
            ],
            [
              92.421403,
              24.263544
            ],
            [
              92.43689,
              24.276777
            ],
            [
              92.451434,
              24.295256
            ],
            [
              92.480333,
              24.350025
            ],
            [
              92.491569,
              24.382682
            ],
            [
              92.498742,
              24.407901
            ],
            [
              92.505826,
              24.448368
            ],
            [
              92.507776,
              24.479242
            ],
            [
              92.507758,
              24.501122
            ],
            [
              92.509763,
              24.528178
            ],
            [
              92.516486,
              24.563066
            ],
            [
              92.512882,
              24.581916
            ],
            [
              92.5041,
              24.606004
            ],
            [
              92.508693,
              24.62456
            ],
            [
              92.504756,
              24.642062
            ],
            [
              92.503525,
              24.663036
            ],
            [
              92.497286,
              24.68483
            ],
            [
              92.509241,
              24.710181
            ],
            [
              92.521709,
              24.724933
            ],
            [
              92.525089,
              24.745116
            ],
            [
              92.544271,
              24.762688
            ],
            [
              92.545008,
              24.782081
            ],
            [
              92.553422,
              24.812584
            ],
            [
              92.568693,
              24.829822
            ],
            [
              92.569826,
              24.870514
            ],
            [
              92.541556,
              24.866268
            ],
            [
              92.519507,
              24.864316
            ],
            [
              92.486913,
              24.871684
            ],
            [
              92.486904,
              24.871684
            ],
            [
              92.481196,
              24.857505
            ],
            [
              92.437762,
              24.863494
            ],
            [
              92.414104,
              24.852438
            ],
            [
              92.391542,
              24.846759
            ],
            [
              92.375425,
              24.859411
            ],
            [
              92.361411,
              24.866555
            ],
            [
              92.34764,
              24.884971
            ],
            [
              92.342634,
              24.882236
            ],
            [
              92.327613,
              24.890844
            ],
            [
              92.303155,
              24.907928
            ],
            [
              92.29608,
              24.910965
            ]
          ]
        ]
      }
    },
    {
      "type": "Feature",
      "properties": {
        "name": "Dima Hasao"
      },
      "geometry": {
        "type": "Polygon",
        "coordinates": [
          [
            [
              93.003447,
              25.79722
            ],
            [
              92.993128,
              25.792509
            ],
            [
              92.978449,
              25.752252
            ],
            [
              92.968804,
              25.762796
            ],
            [
              92.965047,
              25.787155
            ],
            [
              92.928714,
              25.776487
            ],
            [
              92.92733,
              25.752283
            ],
            [
              92.885927,
              25.730488
            ],
            [
              92.832722,
              25.717898
            ],
            [
              92.820785,
              25.703828
            ],
            [
              92.806574,
              25.674293
            ],
            [
              92.785738,
              25.658372
            ],
            [
              92.787598,
              25.636709
            ],
            [
              92.765243,
              25.609204
            ],
            [
              92.766807,
              25.596281
            ],
            [
              92.749153,
              25.58118
            ],
            [
              92.71451,
              25.570884
            ],
            [
              92.680308,
              25.563849
            ],
            [
              92.672272,
              25.550902
            ],
            [
              92.658923,
              25.547532
            ],
            [
              92.64837,
              25.536344
            ],
            [
              92.6418,
              25.525125
            ],
            [
              92.630483,
              25.506182
            ],
            [
              92.620478,
              25.493956
            ],
            [
              92.608523,
              25.490911
            ],
            [
              92.588253,
              25.478235
            ],
            [
              92.572487,
              25.466544
            ],
            [
              92.569089,
              25.443208
            ],
            [
              92.580676,
              25.445795
            ],
            [
              92.596235,
              25.438528
            ],
            [
              92.601134,
              25.420607
            ],
            [
              92.607453,
              25.393513
            ],
            [
              92.626285,
              25.402353
            ],
            [
              92.630977,
              25.410675
            ],
            [
              92.641081,
              25.403508
            ],
            [
              92.649188,
              25.406561
            ],
            [
              92.664784,
              25.395396
            ],
            [
              92.690411,
              25.379459
            ],
            [
              92.708155,
              25.366993
            ],
            [
              92.724128,
              25.360035
            ],
            [
              92.732389,
              25.35489
            ],
            [
              92.736407,
              25.344028
            ],
            [
              92.750358,
              25.325263
            ],
            [
              92.778897,
              25.317221
            ],
            [
              92.779437,
              25.290623
            ],
            [
              92.781558,
              25.258663
            ],
            [
              92.776992,
              25.244771
            ],
            [
              92.767859,
              25.224859
            ],
            [
              92.788569,
              25.219568
            ],
            [
              92.82599,
              25.223201
            ],
            [
              92.813999,
              25.197486
            ],
            [
              92.778529,
              25.189266
            ],
            [
              92.755346,
              25.187623
            ],
            [
              92.73647,
              25.187252
            ],
            [
              92.709926,
              25.177249
            ],
            [
              92.694402,
              25.172198
            ],
            [
              92.679085,
              25.16476
            ],
            [
              92.670905,
              25.164938
            ],
            [
              92.659103,
              25.148652
            ],
            [
              92.644955,
              25.139424
            ],
            [
              92.631202,
              25.124518
            ],
            [
              92.625548,
              25.109332
            ],
            [
              92.603291,
              25.113012
            ],
            [
              92.586231,
              25.118257
            ],
            [
              92.564343,
              25.119303
            ],
            [
              92.539543,
              25.124843
            ],
            [
              92.529367,
              25.124727
            ],
            [
              92.524073,
              25.120512
            ],
            [
              92.530374,
              25.107031
            ],
            [
              92.541934,
              25.088498
            ],
            [
              92.561664,
              25.093743
            ],
            [
              92.594878,
              25.097075
            ],
            [
              92.616595,
              25.094146
            ],
            [
              92.635903,
              25.101158
            ],
            [
              92.655993,
              25.103901
            ],
            [
              92.677279,
              25.100546
            ],
            [
              92.698348,
              25.100259
            ],
            [
              92.718969,
              25.106411
            ],
            [
              92.735904,
              25.114771
            ],
            [
              92.731984,
              25.133164
            ],
            [
              92.750466,
              25.126842
            ],
            [
              92.763877,
              25.112563
            ],
            [
              92.769423,
              25.091977
            ],
            [
              92.792794,
              25.077349
            ],
            [
              92.827796,
              25.063721
            ],
            [
              92.838844,
              25.046249
            ],
            [
              92.861801,
              25.055988
            ],
            [
              92.884453,
              25.060653
            ],
            [
              92.928273,
              25.070624
            ],
            [
              92.950638,
              25.062876
            ],
            [
              92.961119,
              25.080316
            ],
            [
              92.9844,
              25.082532
            ],
            [
              93.009946,
              25.087894
            ],
            [
              93.032058,
              25.0952
            ],
            [
              93.045766,
              25.084585
            ],
            [
              93.022377,
              25.066076
            ],
            [
              93.024067,
              25.046172
            ],
            [
              93.040427,
              25.029282
            ],
            [
              93.059645,
              25.016575
            ],
            [
              93.061632,
              24.998043
            ],
            [
              93.081173,
              24.991806
            ],
            [
              93.175448,
              24.990643
            ],
            [
              93.191224,
              24.98601
            ],
            [
              93.205093,
              24.975527
            ],
            [
              93.225004,
              24.97937
            ],
            [
              93.23446,
              24.969182
            ],
            [
              93.249022,
              24.965572
            ],
            [
              93.250163,
              24.966401
            ],
            [
              93.251125,
              24.967106
            ],
            [
              93.25099,
              24.967222
            ],
            [
              93.251269,
              24.967857
            ],
            [
              93.251592,
              24.968585
            ],
            [
              93.250837,
              24.979696
            ],
            [
              93.254109,
              24.991248
            ],
            [
              93.260869,
              24.997136
            ],
            [
              93.251511,
              24.99764
            ],
            [
              93.245534,
              24.99819
            ],
            [
              93.24743,
              25.00985
            ],
            [
              93.25508,
              25.018125
            ],
            [
              93.262298,
              25.028809
            ],
            [
              93.266064,
              25.039214
            ],
            [
              93.282909,
              25.041392
            ],
            [
              93.295628,
              25.038223
            ],
            [
              93.302972,
              25.038191
            ],
            [
              93.306721,
              25.049286
            ],
            [
              93.309211,
              25.062023
            ],
            [
              93.320644,
              25.077736
            ],
            [
              93.334164,
              25.084833
            ],
            [
              93.338101,
              25.099236
            ],
            [
              93.342928,
              25.110439
            ],
            [
              93.345463,
              25.120101
            ],
            [
              93.349238,
              25.132489
            ],
            [
              93.346685,
              25.14666
            ],
            [
              93.348959,
              25.160141
            ],
            [
              93.359108,
              25.17862
            ],
            [
              93.368815,
              25.190505
            ],
            [
              93.376285,
              25.20201
            ],
            [
              93.383539,
              25.214105
            ],
            [
              93.386658,
              25.23084
            ],
            [
              93.400294,
              25.245584
            ],
            [
              93.41384,
              25.24938
            ],
            [
              93.42149,
              25.260708
            ],
            [
              93.437149,
              25.271407
            ],
            [
              93.456969,
              25.278497
            ],
            [
              93.471908,
              25.29269
            ],
            [
              93.470299,
              25.293969
            ],
            [
              93.459054,
              25.304932
            ],
            [
              93.456888,
              25.313989
            ],
            [
              93.454218,
              25.324472
            ],
            [
              93.452816,
              25.332142
            ],
            [
              93.463872,
              25.343725
            ],
            [
              93.4718,
              25.355308
            ],
            [
              93.475567,
              25.367457
            ],
            [
              93.463693,
              25.387128
            ],
            [
              93.463306,
              25.401005
            ],
            [
              93.457436,
              25.413223
            ],
            [
              93.440286,
              25.423682
            ],
            [
              93.412231,
              25.425124
            ],
            [
              93.391261,
              25.451815
            ],
            [
              93.384096,
              25.462716
            ],
            [
              93.372663,
              25.476398
            ],
            [
              93.354577,
              25.498573
            ],
            [
              93.328869,
              25.527611
            ],
            [
              93.318793,
              25.513572
            ],
            [
              93.298783,
              25.519135
            ],
            [
              93.28264,
              25.516199
            ],
            [
              93.266154,
              25.519066
            ],
            [
              93.243889,
              25.526201
            ],
            [
              93.21659,
              25.528913
            ],
            [
              93.205929,
              25.535026
            ],
            [
              93.20076,
              25.542991
            ],
            [
              93.184248,
              25.562523
            ],
            [
              93.171789,
              25.577608
            ],
            [
              93.182225,
              25.597202
            ],
            [
              93.179574,
              25.619539
            ],
            [
              93.165524,
              25.637522
            ],
            [
              93.139286,
              25.643464
            ],
            [
              93.136346,
              25.668257
            ],
            [
              93.143025,
              25.689153
            ],
            [
              93.147627,
              25.702223
            ],
            [
              93.148014,
              25.71314
            ],
            [
              93.133138,
              25.721074
            ],
            [
              93.129866,
              25.733145
            ],
            [
              93.117892,
              25.740141
            ],
            [
              93.106162,
              25.748656
            ],
            [
              93.09489,
              25.74809
            ],
            [
              93.083025,
              25.74262
            ],
            [
              93.074342,
              25.740955
            ],
            [
              93.070395,
              25.74909
            ],
            [
              93.061038,
              25.752445
            ],
            [
              93.053029,
              25.755737
            ],
            [
              93.022009,
              25.765972
            ],
            [
              92.998898,
              25.764671
            ],
            [
              93.003447,
              25.797219
            ],
            [
              93.003447,
              25.79722
            ]
          ]
        ]
      }
    },
    {
      "type": "Feature",
      "properties": {
        "name": "Karbi Anglong"
      },
      "geometry": {
        "type": "Polygon",
        "coordinates": [
          [
            [
              93.499927,
              26.562741
            ],
            [
              93.499046,
              26.562725
            ],
            [
              93.489437,
              26.557325
            ],
            [
              93.476079,
              26.542348
            ],
            [
              93.481581,
              26.536576
            ],
            [
              93.460259,
              26.526915
            ],
            [
              93.457257,
              26.529588
            ],
            [
              93.439072,
              26.530084
            ],
            [
              93.407189,
              26.523041
            ],
            [
              93.394928,
              26.532865
            ],
            [
              93.350838,
              26.535732
            ],
            [
              93.314793,
              26.533315
            ],
            [
              93.300905,
              26.532207
            ],
            [
              93.293552,
              26.53168
            ],
            [
              93.274559,
              26.526465
            ],
            [
              93.254136,
              26.52239
            ],
            [
              93.238415,
              26.510079
            ],
            [
              93.251116,
              26.504834
            ],
            [
              93.24939,
              26.498155
            ],
            [
              93.263611,
              26.489106
            ],
            [
              93.265777,
              26.48651
            ],
            [
              93.275701,
              26.493793
            ],
            [
              93.272141,
              26.478832
            ],
            [
              93.292069,
              26.472889
            ],
            [
              93.291809,
              26.458773
            ],
            [
              93.28486,
              26.471441
            ],
            [
              93.273354,
              26.46212
            ],
            [
              93.272258,
              26.471851
            ],
            [
              93.253291,
              26.476229
            ],
            [
              93.240842,
              26.487138
            ],
            [
              93.220851,
              26.491647
            ],
            [
              93.211619,
              26.481412
            ],
            [
              93.211341,
              26.473595
            ],
            [
              93.208374,
              26.465289
            ],
            [
              93.198927,
              26.488641
            ],
            [
              93.180446,
              26.483403
            ],
            [
              93.160554,
              26.479483
            ],
            [
              93.179727,
              26.48916
            ],
            [
              93.196455,
              26.495505
            ],
            [
              93.210451,
              26.510404
            ],
            [
              93.186028,
              26.521561
            ],
            [
              93.162495,
              26.505113
            ],
            [
              93.146261,
              26.50911
            ],
            [
              93.133605,
              26.494731
            ],
            [
              93.120526,
              26.487083
            ],
            [
              93.10254,
              26.487757
            ],
            [
              93.089857,
              26.497729
            ],
            [
              93.069587,
              26.495707
            ],
            [
              93.04698,
              26.491368
            ],
            [
              93.044121,
              26.480498
            ],
            [
              93.026458,
              26.465258
            ],
            [
              93.011447,
              26.453667
            ],
            [
              93.00929,
              26.437908
            ],
            [
              93.026728,
              26.436707
            ],
            [
              93.056229,
              26.444393
            ],
            [
              93.066468,
              26.452102
            ],
            [
              93.076652,
              26.449809
            ],
            [
              93.090728,
              26.451877
            ],
            [
              93.073973,
              26.441534
            ],
            [
              93.072706,
              26.433856
            ],
            [
              93.086845,
              26.425589
            ],
            [
              93.09472,
              26.416687
            ],
            [
              93.107538,
              26.423211
            ],
            [
              93.105452,
              26.432337
            ],
            [
              93.118558,
              26.436878
            ],
            [
              93.121021,
              26.450924
            ],
            [
              93.129731,
              26.444137
            ],
            [
              93.135349,
              26.441565
            ],
            [
              93.125129,
              26.431594
            ],
            [
              93.117192,
              26.424729
            ],
            [
              93.123807,
              26.4174
            ],
            [
              93.107493,
              26.406584
            ],
            [
              93.115852,
              26.39786
            ],
            [
              93.098908,
              26.391243
            ],
            [
              93.100257,
              26.403438
            ],
            [
              93.082315,
              26.394435
            ],
            [
              93.076688,
              26.3863
            ],
            [
              93.092985,
              26.390259
            ],
            [
              93.072023,
              26.377801
            ],
            [
              93.062872,
              26.374539
            ],
            [
              93.048796,
              26.378599
            ],
            [
              93.051672,
              26.390244
            ],
            [
              93.037164,
              26.388524
            ],
            [
              93.008696,
              26.381094
            ],
            [
              92.989101,
              26.377057
            ],
            [
              92.971636,
              26.373811
            ],
            [
              92.954512,
              26.363855
            ],
            [
              92.942817,
              26.358253
            ],
            [
              92.923455,
              26.355069
            ],
            [
              92.907851,
              26.352946
            ],
            [
              92.898035,
              26.349529
            ],
            [
              92.886251,
              26.341518
            ],
            [
              92.897127,
              26.341084
            ],
            [
              92.916768,
              26.337536
            ],
            [
              92.920139,
              26.333375
            ],
            [
              92.911051,
              26.317298
            ],
            [
              92.927545,
              26.313486
            ],
            [
              92.941235,
              26.305669
            ],
            [
              92.941559,
              26.287841
            ],
            [
              92.921864,
              26.274391
            ],
            [
              92.905136,
              26.271679
            ],
            [
              92.894628,
              26.259019
            ],
            [
              92.881424,
              26.246282
            ],
            [
              92.860498,
              26.254464
            ],
            [
              92.847113,
              26.264528
            ],
            [
              92.840066,
              26.245647
            ],
            [
              92.825972,
              26.232444
            ],
            [
              92.818529,
              26.22042
            ],
            [
              92.816866,
              26.209929
            ],
            [
              92.825693,
              26.190715
            ],
            [
              92.810718,
              26.178845
            ],
            [
              92.795365,
              26.17453
            ],
            [
              92.81399,
              26.168083
            ],
            [
              92.840875,
              26.168711
            ],
            [
              92.872606,
              26.168634
            ],
            [
              92.909208,
              26.164845
            ],
            [
              92.933954,
              26.164357
            ],
            [
              92.951555,
              26.152433
            ],
            [
              92.953262,
              26.130902
            ],
            [
              92.936939,
              26.115608
            ],
            [
              92.938143,
              26.102801
            ],
            [
              92.960507,
              26.100701
            ],
            [
              92.981092,
              26.092496
            ],
            [
              93.001559,
              26.080998
            ],
            [
              93.020903,
              26.076063
            ],
            [
              93.034764,
              26.068842
            ],
            [
              93.046809,
              26.053199
            ],
            [
              93.062459,
              26.048008
            ],
            [
              93.08005,
              26.045382
            ],
            [
              93.091421,
              26.044506
            ],
            [
              93.105452,
              26.041973
            ],
            [
              93.096418,
              26.007658
            ],
            [
              93.11223,
              26.002428
            ],
            [
              93.131996,
              25.989373
            ],
            [
              93.146963,
              25.973257
            ],
            [
              93.156518,
              25.953679
            ],
            [
              93.161075,
              25.931962
            ],
            [
              93.172509,
              25.916567
            ],
            [
              93.18352,
              25.881508
            ],
            [
              93.201309,
              25.859032
            ],
            [
              93.222595,
              25.834735
            ],
            [
              93.238379,
              25.816659
            ],
            [
              93.245516,
              25.793865
            ],
            [
              93.248707,
              25.774712
            ],
            [
              93.246846,
              25.753003
            ],
            [
              93.232311,
              25.736376
            ],
            [
              93.22806,
              25.712443
            ],
            [
              93.207862,
              25.704332
            ],
            [
              93.174001,
              25.699202
            ],
            [
              93.143016,
              25.689146
            ],
            [
              93.136347,
              25.668258
            ],
            [
              93.139286,
              25.643465
            ],
            [
              93.165525,
              25.637522
            ],
            [
              93.179574,
              25.61954
            ],
            [
              93.182226,
              25.597203
            ],
            [
              93.17179,
              25.577609
            ],
            [
              93.184248,
              25.562524
            ],
            [
              93.200761,
              25.542991
            ],
            [
              93.205929,
              25.535027
            ],
            [
              93.21659,
              25.528914
            ],
            [
              93.243889,
              25.526202
            ],
            [
              93.266154,
              25.519066
            ],
            [
              93.28264,
              25.5162
            ],
            [
              93.298784,
              25.519136
            ],
            [
              93.318793,
              25.513573
            ],
            [
              93.328869,
              25.527612
            ],
            [
              93.328869,
              25.52762
            ],
            [
              93.343836,
              25.536964
            ],
            [
              93.366011,
              25.545231
            ],
            [
              93.3998,
              25.588851
            ],
            [
              93.443342,
              25.613287
            ],
            [
              93.498929,
              25.63361
            ],
            [
              93.518336,
              25.665422
            ],
            [
              93.542705,
              25.69405
            ],
            [
              93.558992,
              25.712002
            ],
            [
              93.58053,
              25.733975
            ],
            [
              93.600368,
              25.747541
            ],
            [
              93.621528,
              25.759527
            ],
            [
              93.622238,
              25.773364
            ],
            [
              93.646723,
              25.788015
            ],
            [
              93.655011,
              25.796213
            ],
            [
              93.675496,
              25.798366
            ],
            [
              93.685438,
              25.808245
            ],
            [
              93.696899,
              25.818131
            ],
            [
              93.702391,
              25.827188
            ],
            [
              93.685681,
              25.867725
            ],
            [
              93.694804,
              25.884321
            ],
            [
              93.714148,
              25.889388
            ],
            [
              93.727137,
              25.896066
            ],
            [
              93.744234,
              25.902419
            ],
            [
              93.757879,
              25.924291
            ],
            [
              93.77369,
              25.935363
            ],
            [
              93.783569,
              25.949557
            ],
            [
              93.802625,
              25.952509
            ],
            [
              93.790302,
              25.967137
            ],
            [
              93.791165,
              25.982485
            ],
            [
              93.793169,
              25.996059
            ],
            [
              93.787641,
              26.00297
            ],
            [
              93.784099,
              26.019899
            ],
            [
              93.799848,
              26.040315
            ],
            [
              93.812441,
              26.05595
            ],
            [
              93.822041,
              26.080378
            ],
            [
              93.822635,
              26.095541
            ],
            [
              93.829412,
              26.104257
            ],
            [
              93.830293,
              26.120969
            ],
            [
              93.826949,
              26.144182
            ],
            [
              93.837331,
              26.163838
            ],
            [
              93.845727,
              26.178303
            ],
            [
              93.857026,
              26.192543
            ],
            [
              93.85405,
              26.202956
            ],
            [
              93.867723,
              26.221334
            ],
            [
              93.870698,
              26.230151
            ],
            [
              93.8745,
              26.24787
            ],
            [
              93.879255,
              26.260887
            ],
            [
              93.876199,
              26.271408
            ],
            [
              93.890788,
              26.280558
            ],
            [
              93.884604,
              26.301671
            ],
            [
              93.88615,
              26.313246
            ],
            [
              93.889736,
              26.326727
            ],
            [
              93.880936,
              26.345345
            ],
            [
              93.876469,
              26.352008
            ],
            [
              93.85708,
              26.36394
            ],
            [
              93.827812,
              26.376058
            ],
            [
              93.809727,
              26.357238
            ],
            [
              93.793178,
              26.338605
            ],
            [
              93.780423,
              26.348375
            ],
            [
              93.799911,
              26.368961
            ],
            [
              93.783344,
              26.381992
            ],
            [
              93.784612,
              26.397132
            ],
            [
              93.786383,
              26.416253
            ],
            [
              93.773403,
              26.433856
            ],
            [
              93.767875,
              26.453869
            ],
            [
              93.755317,
              26.471572
            ],
            [
              93.745295,
              26.484124
            ],
            [
              93.738823,
              26.497117
            ],
            [
              93.738616,
              26.51472
            ],
            [
              93.749313,
              26.535298
            ],
            [
              93.727011,
              26.548353
            ],
            [
              93.702562,
              26.558696
            ],
            [
              93.67209,
              26.555706
            ],
            [
              93.646984,
              26.553079
            ],
            [
              93.626912,
              26.54616
            ],
            [
              93.618786,
              26.522638
            ],
            [
              93.609393,
              26.5302
            ],
            [
              93.585995,
              26.526512
            ],
            [
              93.590246,
              26.551878
            ],
            [
              93.562849,
              26.560959
            ],
            [
              93.534408,
              26.550685
            ],
            [
              93.505599,
              26.552576
            ],
            [
              93.499927,
              26.562741
            ]
          ]
        ]
      }
    },
    {
      "type": "Feature",
      "properties": {
        "name": "Sonitpur"
      },
      "geometry": {
        "type": "Polygon",
        "coordinates": [
          [
            [
              92.658744,
              26.977418
            ],
            [
              92.648883,
              26.964541
            ],
            [
              92.643355,
              26.949944
            ],
            [
              92.644388,
              26.928142
            ],
            [
              92.596775,
              26.908525
            ],
            [
              92.552388,
              26.900258
            ],
            [
              92.504046,
              26.907866
            ],
            [
              92.449052,
              26.902481
            ],
            [
              92.431884,
              26.890007
            ],
            [
              92.411003,
              26.886064
            ],
            [
              92.399047,
              26.868321
            ],
            [
              92.363694,
              26.874915
            ],
            [
              92.363532,
              26.874954
            ],
            [
              92.363523,
              26.87473
            ],
            [
              92.347757,
              26.845079
            ],
            [
              92.343451,
              26.819047
            ],
            [
              92.339559,
              26.796896
            ],
            [
              92.334921,
              26.772715
            ],
            [
              92.33039,
              26.763371
            ],
            [
              92.32915,
              26.75264
            ],
            [
              92.334462,
              26.736788
            ],
            [
              92.338903,
              26.720557
            ],
            [
              92.331343,
              26.714622
            ],
            [
              92.328521,
              26.698909
            ],
            [
              92.33315,
              26.682848
            ],
            [
              92.335163,
              26.654483
            ],
            [
              92.333662,
              26.633006
            ],
            [
              92.333249,
              26.617666
            ],
            [
              92.331982,
              26.606083
            ],
            [
              92.335487,
              26.594167
            ],
            [
              92.336548,
              26.589479
            ],
            [
              92.331146,
              26.582661
            ],
            [
              92.328197,
              26.562246
            ],
            [
              92.329779,
              26.555219
            ],
            [
              92.33057,
              26.548153
            ],
            [
              92.338472,
              26.535074
            ],
            [
              92.361276,
              26.533013
            ],
            [
              92.360611,
              26.521562
            ],
            [
              92.36898,
              26.50664
            ],
            [
              92.371155,
              26.485225
            ],
            [
              92.37582,
              26.474417
            ],
            [
              92.399416,
              26.472387
            ],
            [
              92.39502,
              26.469133
            ],
            [
              92.40818,
              26.469086
            ],
            [
              92.416189,
              26.470016
            ],
            [
              92.432854,
              26.473464
            ],
            [
              92.45183,
              26.46942
            ],
            [
              92.464369,
              26.452243
            ],
            [
              92.485493,
              26.455218
            ],
            [
              92.533331,
              26.463578
            ],
            [
              92.559713,
              26.45865
            ],
            [
              92.576621,
              26.455063
            ],
            [
              92.603471,
              26.463392
            ],
            [
              92.646564,
              26.472201
            ],
            [
              92.669746,
              26.472255
            ],
            [
              92.687418,
              26.465011
            ],
            [
              92.720685,
              26.488828
            ],
            [
              92.725782,
              26.477075
            ],
            [
              92.747373,
              26.467095
            ],
            [
              92.75629,
              26.476052
            ],
            [
              92.763499,
              26.491276
            ],
            [
              92.770223,
              26.509933
            ],
            [
              92.796344,
              26.511328
            ],
            [
              92.842942,
              26.537058
            ],
            [
              92.868902,
              26.535741
            ],
            [
              92.887509,
              26.546169
            ],
            [
              92.887518,
              26.546177
            ],
            [
              92.877073,
              26.563827
            ],
            [
              92.871105,
              26.583653
            ],
            [
              92.865127,
              26.6052
            ],
            [
              92.865792,
              26.617217
            ],
            [
              92.864911,
              26.633479
            ],
            [
              92.859985,
              26.655034
            ],
            [
              92.856228,
              26.672707
            ],
            [
              92.860264,
              26.694431
            ],
            [
              92.86901,
              26.703558
            ],
            [
              92.875949,
              26.713933
            ],
            [
              92.877882,
              26.73059
            ],
            [
              92.877352,
              26.748991
            ],
            [
              92.86457,
              26.787389
            ],
            [
              92.868273,
              26.799631
            ],
            [
              92.875527,
              26.813786
            ],
            [
              92.888111,
              26.829034
            ],
            [
              92.904354,
              26.836053
            ],
            [
              92.917774,
              26.843716
            ],
            [
              92.927491,
              26.854571
            ],
            [
              92.946719,
              26.863256
            ],
            [
              92.960732,
              26.868927
            ],
            [
              92.979141,
              26.87745
            ],
            [
              92.925082,
              26.901786
            ],
            [
              92.914242,
              26.916328
            ],
            [
              92.904525,
              26.932591
            ],
            [
              92.874323,
              26.946235
            ],
            [
              92.825495,
              26.957593
            ],
            [
              92.770115,
              26.971942
            ],
            [
              92.713737,
              26.965883
            ],
            [
              92.661548,
              26.9768
            ],
            [
              92.658744,
              26.97742
            ],
            [
              92.658744,
              26.977418
            ]
          ]
        ]
      }
    },
    {
      "type": "Feature",
      "properties": {
        "name": "Lakhimpur"
      },
      "geometry": {
        "type": "MultiPolygon",
        "coordinates": [
          [
            [
              [
                94.257154,
                27.450413
              ],
              [
                94.257145,
                27.450413
              ],
              [
                94.2571491,
                27.4504109
              ],
              [
                94.257154,
                27.450413
              ]
            ]
          ],
          [
            [
              [
                94.2571491,
                27.4504109
              ],
              [
                94.213963,
                27.431408
              ],
              [
                94.190331,
                27.424342
              ],
              [
                94.166996,
                27.41217
              ],
              [
                94.15754,
                27.395055
              ],
              [
                94.124255,
                27.367101
              ],
              [
                94.099976,
                27.345493
              ],
              [
                94.074205,
                27.319731
              ],
              [
                94.058771,
                27.294675
              ],
              [
                94.022888,
                27.278676
              ],
              [
                93.997755,
                27.265039
              ],
              [
                93.98046,
                27.248459
              ],
              [
                93.948253,
                27.220482
              ],
              [
                93.89548,
                27.171384
              ],
              [
                93.867183,
                27.136403
              ],
              [
                93.843605,
                27.114329
              ],
              [
                93.820846,
                27.101406
              ],
              [
                93.804207,
                27.080371
              ],
              [
                93.802149,
                27.070833
              ],
              [
                93.812909,
                27.059955
              ],
              [
                93.824531,
                27.041446
              ],
              [
                93.832145,
                27.020922
              ],
              [
                93.823893,
                27.00944
              ],
              [
                93.809331,
                27.007797
              ],
              [
                93.794715,
                27.009262
              ],
              [
                93.783704,
                26.994339
              ],
              [
                93.777043,
                26.996834
              ],
              [
                93.768729,
                26.993541
              ],
              [
                93.755893,
                26.977403
              ],
              [
                93.709375,
                26.953268
              ],
              [
                93.696081,
                26.935317
              ],
              [
                93.696189,
                26.935224
              ],
              [
                93.723209,
                26.918589
              ],
              [
                93.742238,
                26.898553
              ],
              [
                93.746202,
                26.872273
              ],
              [
                93.741411,
                26.852175
              ],
              [
                93.760054,
                26.837268
              ],
              [
                93.779308,
                26.825259
              ],
              [
                93.785825,
                26.806548
              ],
              [
                93.786256,
                26.805611
              ],
              [
                93.786697,
                26.804673
              ],
              [
                93.807443,
                26.80606
              ],
              [
                93.835461,
                26.796252
              ],
              [
                93.867587,
                26.791766
              ],
              [
                93.893987,
                26.809957
              ],
              [
                93.908433,
                26.832558
              ],
              [
                93.91557,
                26.867562
              ],
              [
                93.958473,
                26.871924
              ],
              [
                93.987049,
                26.875969
              ],
              [
                94.009143,
                26.87445
              ],
              [
                94.025107,
                26.887931
              ],
              [
                94.037072,
                26.911182
              ],
              [
                94.052847,
                26.920162
              ],
              [
                94.069135,
                26.916753
              ],
              [
                94.084587,
                26.902536
              ],
              [
                94.106609,
                26.915537
              ],
              [
                94.134636,
                26.912732
              ],
              [
                94.119616,
                26.935658
              ],
              [
                94.135059,
                26.946652
              ],
              [
                94.158933,
                26.935185
              ],
              [
                94.166511,
                26.959048
              ],
              [
                94.164434,
                26.986243
              ],
              [
                94.179203,
                26.975675
              ],
              [
                94.196947,
                26.97191
              ],
              [
                94.21247,
                26.976969
              ],
              [
                94.215859,
                26.998942
              ],
              [
                94.232156,
                27.021829
              ],
              [
                94.253244,
                27.009486
              ],
              [
                94.261783,
                27.028848
              ],
              [
                94.283761,
                27.037053
              ],
              [
                94.299024,
                27.024858
              ],
              [
                94.312579,
                27.033845
              ],
              [
                94.333478,
                27.021464
              ],
              [
                94.352004,
                27.032993
              ],
              [
                94.36964,
                27.037208
              ],
              [
                94.375393,
                27.039927
              ],
              [
                94.399249,
                27.037161
              ],
              [
                94.408166,
                27.03077
              ],
              [
                94.419798,
                27.04484
              ],
              [
                94.432319,
                27.060475
              ],
              [
                94.464472,
                27.058693
              ],
              [
                94.483277,
                27.076838
              ],
              [
                94.502279,
                27.061466
              ],
              [
                94.513326,
                27.08244
              ],
              [
                94.525506,
                27.09575
              ],
              [
                94.545381,
                27.111285
              ],
              [
                94.566468,
                27.11842
              ],
              [
                94.569327,
                27.122759
              ],
              [
                94.577192,
                27.134737
              ],
              [
                94.575763,
                27.154114
              ],
              [
                94.585489,
                27.186392
              ],
              [
                94.58423,
                27.20439
              ],
              [
                94.595251,
                27.219095
              ],
              [
                94.595251,
                27.219103
              ],
              [
                94.575322,
                27.238271
              ],
              [
                94.556877,
                27.256316
              ],
              [
                94.53356,
                27.239278
              ],
              [
                94.524203,
                27.243811
              ],
              [
                94.515052,
                27.269495
              ],
              [
                94.496041,
                27.281574
              ],
              [
                94.471924,
                27.279435
              ],
              [
                94.444814,
                27.273818
              ],
              [
                94.42902,
                27.265753
              ],
              [
                94.400274,
                27.265931
              ],
              [
                94.353568,
                27.274639
              ],
              [
                94.337442,
                27.278521
              ],
              [
                94.320426,
                27.284123
              ],
              [
                94.298125,
                27.281519
              ],
              [
                94.293792,
                27.286548
              ],
              [
                94.277567,
                27.29232
              ],
              [
                94.262556,
                27.302136
              ],
              [
                94.247455,
                27.316508
              ],
              [
                94.244363,
                27.323536
              ],
              [
                94.262106,
                27.331531
              ],
              [
                94.278251,
                27.318368
              ],
              [
                94.296264,
                27.321428
              ],
              [
                94.303428,
                27.343393
              ],
              [
                94.304246,
                27.365025
              ],
              [
                94.283032,
                27.385572
              ],
              [
                94.275877,
                27.404918
              ],
              [
                94.277298,
                27.43195
              ],
              [
                94.260596,
                27.448639
              ],
              [
                94.2571491,
                27.4504109
              ]
            ]
          ]
        ]
      }
    },
    {
      "type": "Feature",
      "properties": {
        "name": "Barpeta"
      },
      "geometry": {
        "type": "Polygon",
        "coordinates": [
          [
            [
              91.010813,
              26.570481
            ],
            [
              91.0048,
              26.568466
            ],
            [
              91.003703,
              26.558735
            ],
            [
              91.001501,
              26.549143
            ],
            [
              90.991299,
              26.543487
            ],
            [
              90.976305,
              26.543441
            ],
            [
              90.968934,
              26.540117
            ],
            [
              90.976836,
              26.527883
            ],
            [
              90.978436,
              26.512318
            ],
            [
              90.970786,
              26.506716
            ],
            [
              90.948952,
              26.499875
            ],
            [
              90.941644,
              26.492081
            ],
            [
              90.936224,
              26.498318
            ],
            [
              90.92888,
              26.504043
            ],
            [
              90.920305,
              26.507878
            ],
            [
              90.923954,
              26.514185
            ],
            [
              90.919873,
              26.519152
            ],
            [
              90.919154,
              26.528154
            ],
            [
              90.918094,
              26.535809
            ],
            [
              90.912916,
              26.536189
            ],
            [
              90.911451,
              26.525381
            ],
            [
              90.896682,
              26.527271
            ],
            [
              90.887064,
              26.526574
            ],
            [
              90.878219,
              26.525396
            ],
            [
              90.869212,
              26.520546
            ],
            [
              90.854165,
              26.521786
            ],
            [
              90.846444,
              26.523568
            ],
            [
              90.846435,
              26.523552
            ],
            [
              90.82808,
              26.526636
            ],
            [
              90.817023,
              26.518121
            ],
            [
              90.828214,
              26.507383
            ],
            [
              90.829302,
              26.493111
            ],
            [
              90.842525,
              26.488137
            ],
            [
              90.852179,
              26.482621
            ],
            [
              90.850354,
              26.469403
            ],
            [
              90.850597,
              26.453094
            ],
            [
              90.837005,
              26.457611
            ],
            [
              90.822075,
              26.447074
            ],
            [
              90.805895,
              26.452552
            ],
            [
              90.802884,
              26.447074
            ],
            [
              90.80372,
              26.432655
            ],
            [
              90.816718,
              26.430447
            ],
            [
              90.818677,
              26.415285
            ],
            [
              90.824853,
              26.403973
            ],
            [
              90.810183,
              26.39404
            ],
            [
              90.795657,
              26.399479
            ],
            [
              90.786219,
              26.394373
            ],
            [
              90.79358,
              26.383767
            ],
            [
              90.817104,
              26.387416
            ],
            [
              90.828691,
              26.387478
            ],
            [
              90.841563,
              26.399092
            ],
            [
              90.85217,
              26.395125
            ],
            [
              90.857716,
              26.384998
            ],
            [
              90.848898,
              26.367946
            ],
            [
              90.843981,
              26.357695
            ],
            [
              90.846659,
              26.34681
            ],
            [
              90.860161,
              26.330222
            ],
            [
              90.857212,
              26.318476
            ],
            [
              90.84274,
              26.315725
            ],
            [
              90.831082,
              26.318313
            ],
            [
              90.819127,
              26.322706
            ],
            [
              90.80754,
              26.312007
            ],
            [
              90.804187,
              26.300579
            ],
            [
              90.789437,
              26.285215
            ],
            [
              90.799028,
              26.279628
            ],
            [
              90.803468,
              26.270308
            ],
            [
              90.794956,
              26.26397
            ],
            [
              90.783001,
              26.26153
            ],
            [
              90.766389,
              26.265551
            ],
            [
              90.756016,
              26.269688
            ],
            [
              90.745877,
              26.260825
            ],
            [
              90.727117,
              26.250288
            ],
            [
              90.718254,
              26.236566
            ],
            [
              90.721715,
              26.227315
            ],
            [
              90.732438,
              26.22496
            ],
            [
              90.728097,
              26.216794
            ],
            [
              90.716034,
              26.223046
            ],
            [
              90.701517,
              26.2155
            ],
            [
              90.671162,
              26.213974
            ],
            [
              90.65989,
              26.208209
            ],
            [
              90.652303,
              26.197029
            ],
            [
              90.658667,
              26.188026
            ],
            [
              90.663512,
              26.177791
            ],
            [
              90.667162,
              26.169238
            ],
            [
              90.678272,
              26.141594
            ],
            [
              90.691863,
              26.115306
            ],
            [
              90.706658,
              26.10965
            ],
            [
              90.71225,
              26.101491
            ],
            [
              90.717787,
              26.095401
            ],
            [
              90.727962,
              26.097788
            ],
            [
              90.744394,
              26.099794
            ],
            [
              90.778434,
              26.09668
            ],
            [
              90.812825,
              26.084291
            ],
            [
              90.829392,
              26.078868
            ],
            [
              90.839423,
              26.075149
            ],
            [
              90.849895,
              26.079193
            ],
            [
              90.861797,
              26.072716
            ],
            [
              90.869266,
              26.061195
            ],
            [
              90.887172,
              26.058607
            ],
            [
              90.908925,
              26.054245
            ],
            [
              90.923154,
              26.056035
            ],
            [
              90.933015,
              26.061482
            ],
            [
              90.935972,
              26.057732
            ],
            [
              90.935972,
              26.057716
            ],
            [
              90.95866,
              26.063287
            ],
            [
              90.973123,
              26.07535
            ],
            [
              90.989276,
              26.087607
            ],
            [
              91.002687,
              26.092333
            ],
            [
              91.021501,
              26.084601
            ],
            [
              91.031586,
              26.084524
            ],
            [
              91.048584,
              26.091473
            ],
            [
              91.053681,
              26.099903
            ],
            [
              91.07405,
              26.118815
            ],
            [
              91.091353,
              26.12592
            ],
            [
              91.108774,
              26.119567
            ],
            [
              91.119605,
              26.117165
            ],
            [
              91.138203,
              26.121279
            ],
            [
              91.150823,
              26.124324
            ],
            [
              91.173646,
              26.133869
            ],
            [
              91.211866,
              26.140052
            ],
            [
              91.233556,
              26.14405
            ],
            [
              91.233565,
              26.144058
            ],
            [
              91.233574,
              26.144058
            ],
            [
              91.246806,
              26.15891
            ],
            [
              91.235606,
              26.172244
            ],
            [
              91.21521,
              26.181735
            ],
            [
              91.230905,
              26.205552
            ],
            [
              91.228208,
              26.22207
            ],
            [
              91.216424,
              26.226238
            ],
            [
              91.228334,
              26.239712
            ],
            [
              91.255543,
              26.244841
            ],
            [
              91.252028,
              26.254766
            ],
            [
              91.258339,
              26.265853
            ],
            [
              91.263525,
              26.275181
            ],
            [
              91.2665,
              26.293667
            ],
            [
              91.275588,
              26.303972
            ],
            [
              91.270743,
              26.318809
            ],
            [
              91.275175,
              26.328649
            ],
            [
              91.250707,
              26.324326
            ],
            [
              91.24135,
              26.335661
            ],
            [
              91.234743,
              26.347724
            ],
            [
              91.238518,
              26.359338
            ],
            [
              91.230087,
              26.357726
            ],
            [
              91.209601,
              26.360074
            ],
            [
              91.202006,
              26.366683
            ],
            [
              91.195417,
              26.380908
            ],
            [
              91.184486,
              26.395295
            ],
            [
              91.168073,
              26.395233
            ],
            [
              91.147039,
              26.396171
            ],
            [
              91.125475,
              26.399239
            ],
            [
              91.120684,
              26.382759
            ],
            [
              91.115461,
              26.364947
            ],
            [
              91.100153,
              26.35627
            ],
            [
              91.073304,
              26.35651
            ],
            [
              91.053277,
              26.361251
            ],
            [
              91.040962,
              26.37856
            ],
            [
              91.031353,
              26.360546
            ],
            [
              91.022715,
              26.360531
            ],
            [
              91.012674,
              26.371432
            ],
            [
              91.000755,
              26.383147
            ],
            [
              90.998562,
              26.391352
            ],
            [
              90.999272,
              26.403012
            ],
            [
              90.988961,
              26.410295
            ],
            [
              90.983883,
              26.419577
            ],
            [
              90.974472,
              26.424264
            ],
            [
              90.97973,
              26.434755
            ],
            [
              90.972125,
              26.445292
            ],
            [
              91.002912,
              26.451885
            ],
            [
              91.00462,
              26.486998
            ],
            [
              91.012908,
              26.501277
            ],
            [
              91.011128,
              26.522568
            ],
            [
              91.021016,
              26.538273
            ],
            [
              91.024081,
              26.55335
            ],
            [
              91.014759,
              26.568094
            ],
            [
              91.010813,
              26.570481
            ]
          ]
        ]
      }
    },
    {
      "type": "Feature",
      "properties": {
        "name": "Tinsukia"
      },
      "geometry": {
        "type": "Polygon",
        "coordinates": [
          [
            [
              95.822909,
              27.892843
            ],
            [
              95.822909,
              27.892835
            ],
            [
              95.605038,
              27.873799
            ],
            [
              95.584921,
              27.857916
            ],
            [
              95.56724,
              27.85842
            ],
            [
              95.561523,
              27.839159
            ],
            [
              95.543716,
              27.831953
            ],
            [
              95.539932,
              27.820192
            ],
            [
              95.523428,
              27.81566
            ],
            [
              95.512192,
              27.799684
            ],
            [
              95.512256,
              27.799552
            ],
            [
              95.515762,
              27.78191
            ],
            [
              95.493883,
              27.778772
            ],
            [
              95.482404,
              27.767228
            ],
            [
              95.474189,
              27.753499
            ],
            [
              95.473011,
              27.742923
            ],
            [
              95.463231,
              27.728846
            ],
            [
              95.457335,
              27.707353
            ],
            [
              95.45008,
              27.694624
            ],
            [
              95.415689,
              27.664221
            ],
            [
              95.397118,
              27.651972
            ],
            [
              95.365091,
              27.640234
            ],
            [
              95.325558,
              27.625234
            ],
            [
              95.309082,
              27.622662
            ],
            [
              95.278915,
              27.61761
            ],
            [
              95.272578,
              27.609956
            ],
            [
              95.288866,
              27.591981
            ],
            [
              95.305504,
              27.544928
            ],
            [
              95.317936,
              27.517617
            ],
            [
              95.300192,
              27.515037
            ],
            [
              95.290151,
              27.50722
            ],
            [
              95.279122,
              27.499426
            ],
            [
              95.273495,
              27.493282
            ],
            [
              95.27754,
              27.478847
            ],
            [
              95.265234,
              27.475036
            ],
            [
              95.266655,
              27.458936
            ],
            [
              95.261019,
              27.445416
            ],
            [
              95.240021,
              27.43656
            ],
            [
              95.226429,
              27.421909
            ],
            [
              95.225854,
              27.404492
            ],
            [
              95.219185,
              27.389043
            ],
            [
              95.235787,
              27.368565
            ],
            [
              95.247652,
              27.360771
            ],
            [
              95.254628,
              27.345733
            ],
            [
              95.270376,
              27.343842
            ],
            [
              95.28794,
              27.345283
            ],
            [
              95.302574,
              27.335219
            ],
            [
              95.319536,
              27.325038
            ],
            [
              95.346772,
              27.327161
            ],
            [
              95.372283,
              27.3165
            ],
            [
              95.380921,
              27.32727
            ],
            [
              95.411599,
              27.320576
            ],
            [
              95.426647,
              27.308621
            ],
            [
              95.441424,
              27.302322
            ],
            [
              95.462917,
              27.302361
            ],
            [
              95.471222,
              27.2895
            ],
            [
              95.463734,
              27.277475
            ],
            [
              95.448705,
              27.267512
            ],
            [
              95.462171,
              27.252574
            ],
            [
              95.457964,
              27.239527
            ],
            [
              95.451501,
              27.227556
            ],
            [
              95.461425,
              27.208605
            ],
            [
              95.445784,
              27.197844
            ],
            [
              95.436696,
              27.190871
            ],
            [
              95.445667,
              27.168417
            ],
            [
              95.453559,
              27.178327
            ],
            [
              95.461317,
              27.193303
            ],
            [
              95.47249,
              27.187493
            ],
            [
              95.483528,
              27.17694
            ],
            [
              95.506593,
              27.184525
            ],
            [
              95.51729,
              27.190057
            ],
            [
              95.531025,
              27.201857
            ],
            [
              95.549695,
              27.19321
            ],
            [
              95.562621,
              27.185912
            ],
            [
              95.574091,
              27.176948
            ],
            [
              95.585794,
              27.164559
            ],
            [
              95.616014,
              27.171075
            ],
            [
              95.633264,
              27.17099
            ],
            [
              95.671592,
              27.186222
            ],
            [
              95.686298,
              27.191529
            ],
            [
              95.703808,
              27.1907
            ],
            [
              95.721624,
              27.192784
            ],
            [
              95.73544,
              27.20281
            ],
            [
              95.762613,
              27.209194
            ],
            [
              95.782308,
              27.213951
            ],
            [
              95.797903,
              27.22221
            ],
            [
              95.806353,
              27.214083
            ],
            [
              95.840852,
              27.223272
            ],
            [
              95.857157,
              27.224395
            ],
            [
              95.861454,
              27.210023
            ],
            [
              95.873409,
              27.200896
            ],
            [
              95.889005,
              27.196844
            ],
            [
              95.897086,
              27.208644
            ],
            [
              95.899764,
              27.222048
            ],
            [
              95.913787,
              27.231151
            ],
            [
              95.943549,
              27.244214
            ],
            [
              95.960115,
              27.251125
            ],
            [
              95.964763,
              27.261097
            ],
            [
              95.979001,
              27.265978
            ],
            [
              95.967378,
              27.269534
            ],
            [
              95.984916,
              27.280164
            ],
            [
              95.997392,
              27.288965
            ],
            [
              96.0167,
              27.294776
            ],
            [
              96.004988,
              27.30202
            ],
            [
              95.998102,
              27.314324
            ],
            [
              95.992934,
              27.32772
            ],
            [
              95.982597,
              27.338427
            ],
            [
              95.973931,
              27.34186
            ],
            [
              95.968628,
              27.347523
            ],
            [
              95.965464,
              27.358719
            ],
            [
              95.961087,
              27.346609
            ],
            [
              95.956898,
              27.358936
            ],
            [
              95.949509,
              27.351304
            ],
            [
              95.944916,
              27.350847
            ],
            [
              95.937311,
              27.350111
            ],
            [
              95.928457,
              27.351351
            ],
            [
              95.918443,
              27.353241
            ],
            [
              95.906857,
              27.363887
            ],
            [
              95.897913,
              27.351475
            ],
            [
              95.89696,
              27.33594
            ],
            [
              95.881517,
              27.325318
            ],
            [
              95.874191,
              27.341922
            ],
            [
              95.858398,
              27.339496
            ],
            [
              95.849697,
              27.345671
            ],
            [
              95.848969,
              27.373773
            ],
            [
              95.856717,
              27.387742
            ],
            [
              95.872358,
              27.399627
            ],
            [
              95.875414,
              27.419307
            ],
            [
              95.885356,
              27.433593
            ],
            [
              95.877041,
              27.449314
            ],
            [
              95.877562,
              27.473355
            ],
            [
              95.859603,
              27.478298
            ],
            [
              95.837283,
              27.492725
            ],
            [
              95.822703,
              27.507105
            ],
            [
              95.81731,
              27.522654
            ],
            [
              95.804447,
              27.530208
            ],
            [
              95.791332,
              27.544503
            ],
            [
              95.785813,
              27.557117
            ],
            [
              95.797508,
              27.572504
            ],
            [
              95.775161,
              27.584164
            ],
            [
              95.783997,
              27.606245
            ],
            [
              95.782703,
              27.615992
            ],
            [
              95.769355,
              27.62866
            ],
            [
              95.759045,
              27.644488
            ],
            [
              95.766541,
              27.655932
            ],
            [
              95.782263,
              27.66698
            ],
            [
              95.78407,
              27.685234
            ],
            [
              95.803459,
              27.708741
            ],
            [
              95.82407,
              27.73241
            ],
            [
              95.841868,
              27.748301
            ],
            [
              95.869769,
              27.758559
            ],
            [
              95.888933,
              27.7772
            ],
            [
              95.902884,
              27.788063
            ],
            [
              95.908744,
              27.796074
            ],
            [
              95.919666,
              27.807734
            ],
            [
              95.9207,
              27.81838
            ],
            [
              95.937194,
              27.828181
            ],
            [
              95.950776,
              27.844575
            ],
            [
              95.94825,
              27.857925
            ],
            [
              95.973203,
              27.884283
            ],
            [
              95.963558,
              27.884523
            ],
            [
              95.82291,
              27.892844
            ],
            [
              95.822909,
              27.892843
            ]
          ]
        ]
      }
    },
    {
      "type": "Feature",
      "properties": {
        "name": "Cachar"
      },
      "geometry": {
        "type": "Polygon",
        "coordinates": [
          [
            [
              92.731984,
              25.133164
            ],
            [
              92.735904,
              25.114771
            ],
            [
              92.718969,
              25.106411
            ],
            [
              92.698348,
              25.100259
            ],
            [
              92.677279,
              25.100546
            ],
            [
              92.655993,
              25.103901
            ],
            [
              92.635903,
              25.101158
            ],
            [
              92.616595,
              25.094146
            ],
            [
              92.594878,
              25.097075
            ],
            [
              92.561664,
              25.093743
            ],
            [
              92.541934,
              25.088498
            ],
            [
              92.541988,
              25.08839
            ],
            [
              92.532343,
              25.092055
            ],
            [
              92.505286,
              25.094945
            ],
            [
              92.484207,
              25.096525
            ],
            [
              92.478751,
              25.08106
            ],
            [
              92.473942,
              25.062249
            ],
            [
              92.459102,
              25.044886
            ],
            [
              92.463201,
              25.034566
            ],
            [
              92.450248,
              25.030762
            ],
            [
              92.430751,
              25.023502
            ],
            [
              92.432288,
              25.019039
            ],
            [
              92.430212,
              25.009657
            ],
            [
              92.428881,
              25.001979
            ],
            [
              92.423524,
              24.996261
            ],
            [
              92.414122,
              24.98247
            ],
            [
              92.434805,
              24.959622
            ],
            [
              92.468046,
              24.952416
            ],
            [
              92.447003,
              24.933767
            ],
            [
              92.488028,
              24.940717
            ],
            [
              92.496495,
              24.899235
            ],
            [
              92.486913,
              24.8717
            ],
            [
              92.486904,
              24.871684
            ],
            [
              92.486913,
              24.871684
            ],
            [
              92.519507,
              24.864316
            ],
            [
              92.541556,
              24.866268
            ],
            [
              92.569826,
              24.870514
            ],
            [
              92.59157,
              24.872737
            ],
            [
              92.605557,
              24.862572
            ],
            [
              92.633647,
              24.849145
            ],
            [
              92.636964,
              24.822966
            ],
            [
              92.6386,
              24.817519
            ],
            [
              92.652101,
              24.813808
            ],
            [
              92.678519,
              24.81225
            ],
            [
              92.682986,
              24.802062
            ],
            [
              92.6714,
              24.790464
            ],
            [
              92.666447,
              24.780399
            ],
            [
              92.665557,
              24.766368
            ],
            [
              92.661557,
              24.755103
            ],
            [
              92.655858,
              24.725661
            ],
            [
              92.658096,
              24.713505
            ],
            [
              92.655346,
              24.694678
            ],
            [
              92.656532,
              24.678725
            ],
            [
              92.663903,
              24.671783
            ],
            [
              92.667813,
              24.661393
            ],
            [
              92.667031,
              24.636778
            ],
            [
              92.674492,
              24.629875
            ],
            [
              92.686905,
              24.62807
            ],
            [
              92.695076,
              24.61995
            ],
            [
              92.682627,
              24.6151
            ],
            [
              92.669737,
              24.613279
            ],
            [
              92.672317,
              24.603176
            ],
            [
              92.670258,
              24.592988
            ],
            [
              92.679193,
              24.585945
            ],
            [
              92.698897,
              24.575625
            ],
            [
              92.708353,
              24.570938
            ],
            [
              92.71851,
              24.570155
            ],
            [
              92.733036,
              24.585503
            ],
            [
              92.739742,
              24.589106
            ],
            [
              92.751634,
              24.586867
            ],
            [
              92.760326,
              24.579925
            ],
            [
              92.76758,
              24.572875
            ],
            [
              92.77949,
              24.572843
            ],
            [
              92.776164,
              24.56205
            ],
            [
              92.774367,
              24.5518
            ],
            [
              92.766681,
              24.541464
            ],
            [
              92.759877,
              24.529215
            ],
            [
              92.763913,
              24.524582
            ],
            [
              92.763931,
              24.524621
            ],
            [
              92.766088,
              24.519531
            ],
            [
              92.780812,
              24.48056
            ],
            [
              92.784614,
              24.469403
            ],
            [
              92.793325,
              24.447872
            ],
            [
              92.801091,
              24.433872
            ],
            [
              92.798763,
              24.427813
            ],
            [
              92.806349,
              24.426217
            ],
            [
              92.810233,
              24.420049
            ],
            [
              92.818412,
              24.416075
            ],
            [
              92.830224,
              24.406499
            ],
            [
              92.826835,
              24.389399
            ],
            [
              92.832956,
              24.384689
            ],
            [
              92.842943,
              24.387261
            ],
            [
              92.850224,
              24.399425
            ],
            [
              92.858269,
              24.405282
            ],
            [
              92.874476,
              24.404686
            ],
            [
              92.883689,
              24.409365
            ],
            [
              92.891465,
              24.405468
            ],
            [
              92.899608,
              24.40044
            ],
            [
              92.904543,
              24.406305
            ],
            [
              92.909649,
              24.41764
            ],
            [
              92.917919,
              24.414502
            ],
            [
              92.924454,
              24.408343
            ],
            [
              92.933308,
              24.40288
            ],
            [
              92.939726,
              24.408133
            ],
            [
              92.952031,
              24.411202
            ],
            [
              92.958863,
              24.402973
            ],
            [
              92.970207,
              24.40928
            ],
            [
              92.97862,
              24.41616
            ],
            [
              92.987996,
              24.413534
            ],
            [
              92.996193,
              24.408552
            ],
            [
              93.009928,
              24.413355
            ],
            [
              93.023205,
              24.413789
            ],
            [
              93.034845,
              24.448701
            ],
            [
              93.037497,
              24.490864
            ],
            [
              93.035645,
              24.513775
            ],
            [
              93.055654,
              24.557976
            ],
            [
              93.065911,
              24.56725
            ],
            [
              93.089785,
              24.5829
            ],
            [
              93.081102,
              24.592949
            ],
            [
              93.074117,
              24.622461
            ],
            [
              93.081587,
              24.647455
            ],
            [
              93.102603,
              24.67716
            ],
            [
              93.083313,
              24.694647
            ],
            [
              93.076491,
              24.713575
            ],
            [
              93.08725,
              24.708167
            ],
            [
              93.098495,
              24.732138
            ],
            [
              93.10041,
              24.740955
            ],
            [
              93.100149,
              24.75549
            ],
            [
              93.102127,
              24.777602
            ],
            [
              93.11072,
              24.799691
            ],
            [
              93.121273,
              24.813258
            ],
            [
              93.135592,
              24.807532
            ],
            [
              93.149507,
              24.793013
            ],
            [
              93.16593,
              24.796825
            ],
            [
              93.177606,
              24.793447
            ],
            [
              93.196276,
              24.808532
            ],
            [
              93.194739,
              24.828157
            ],
            [
              93.196276,
              24.83296
            ],
            [
              93.193642,
              24.840855
            ],
            [
              93.198721,
              24.846442
            ],
            [
              93.207485,
              24.853004
            ],
            [
              93.226793,
              24.871831
            ],
            [
              93.233346,
              24.882306
            ],
            [
              93.23366,
              24.895632
            ],
            [
              93.238047,
              24.908641
            ],
            [
              93.247764,
              24.923122
            ],
            [
              93.245247,
              24.933023
            ],
            [
              93.245885,
              24.936246
            ],
            [
              93.253355,
              24.946535
            ],
            [
              93.261139,
              24.95584
            ],
            [
              93.251126,
              24.967106
            ],
            [
              93.250164,
              24.966401
            ],
            [
              93.249022,
              24.965572
            ],
            [
              93.23446,
              24.969182
            ],
            [
              93.225004,
              24.97937
            ],
            [
              93.205094,
              24.975528
            ],
            [
              93.191224,
              24.98601
            ],
            [
              93.175449,
              24.990644
            ],
            [
              93.081174,
              24.991806
            ],
            [
              93.061632,
              24.998043
            ],
            [
              93.059646,
              25.016575
            ],
            [
              93.040428,
              25.029282
            ],
            [
              93.024068,
              25.046172
            ],
            [
              93.022378,
              25.066076
            ],
            [
              93.045767,
              25.084586
            ],
            [
              93.032059,
              25.0952
            ],
            [
              93.009947,
              25.087894
            ],
            [
              92.9844,
              25.082532
            ],
            [
              92.961119,
              25.080317
            ],
            [
              92.950638,
              25.062876
            ],
            [
              92.928274,
              25.070624
            ],
            [
              92.884454,
              25.060653
            ],
            [
              92.861802,
              25.055988
            ],
            [
              92.838844,
              25.046249
            ],
            [
              92.827797,
              25.063721
            ],
            [
              92.792795,
              25.077349
            ],
            [
              92.769424,
              25.091977
            ],
            [
              92.763878,
              25.112563
            ],
            [
              92.750466,
              25.126842
            ],
            [
              92.731985,
              25.133164
            ],
            [
              92.731984,
              25.133164
            ]
          ]
        ]
      }
    },
    {
      "type": "Feature",
      "properties": {
        "name": "South Salmara- Mankachar"
      },
      "geometry": {
        "type": "Polygon",
        "coordinates": [
          [
            [
              90.15505,
              26.041973
            ],
            [
              90.130646,
              26.039796
            ],
            [
              90.10136,
              26.0351
            ],
            [
              90.085944,
              26.024253
            ],
            [
              90.079158,
              26.011803
            ],
            [
              90.0554,
              25.995106
            ],
            [
              90.046151,
              25.981679
            ],
            [
              90.033324,
              25.976473
            ],
            [
              90.024083,
              25.96451
            ],
            [
              89.995481,
              25.947504
            ],
            [
              89.961494,
              25.915901
            ],
            [
              89.931615,
              25.897926
            ],
            [
              89.914123,
              25.887606
            ],
            [
              89.8993,
              25.875178
            ],
            [
              89.877376,
              25.863533
            ],
            [
              89.861889,
              25.875689
            ],
            [
              89.86188,
              25.875689
            ],
            [
              89.854419,
              25.865478
            ],
            [
              89.835039,
              25.836393
            ],
            [
              89.832207,
              25.808276
            ],
            [
              89.81689,
              25.785133
            ],
            [
              89.832046,
              25.764873
            ],
            [
              89.837879,
              25.723368
            ],
            [
              89.83698,
              25.688813
            ],
            [
              89.850958,
              25.675951
            ],
            [
              89.861978,
              25.645572
            ],
            [
              89.87903,
              25.615627
            ],
            [
              89.881107,
              25.58125
            ],
            [
              89.874248,
              25.55046
            ],
            [
              89.863956,
              25.520817
            ],
            [
              89.864342,
              25.520771
            ],
            [
              89.87903,
              25.526396
            ],
            [
              89.89352,
              25.535507
            ],
            [
              89.930707,
              25.540249
            ],
            [
              89.94748,
              25.544944
            ],
            [
              89.97113,
              25.550104
            ],
            [
              89.978905,
              25.564422
            ],
            [
              89.996505,
              25.562903
            ],
            [
              90.009323,
              25.569411
            ],
            [
              90.01922,
              25.583257
            ],
            [
              90.007193,
              25.5979
            ],
            [
              89.990779,
              25.600085
            ],
            [
              89.981431,
              25.612582
            ],
            [
              89.949062,
              25.632812
            ],
            [
              89.942977,
              25.650236
            ],
            [
              89.928163,
              25.665964
            ],
            [
              89.916433,
              25.677106
            ],
            [
              89.900226,
              25.694957
            ],
            [
              89.896711,
              25.716511
            ],
            [
              89.91993,
              25.711948
            ],
            [
              89.93539,
              25.719153
            ],
            [
              89.944532,
              25.732735
            ],
            [
              89.956038,
              25.752066
            ],
            [
              89.952802,
              25.774798
            ],
            [
              89.94677,
              25.787706
            ],
            [
              89.955903,
              25.796089
            ],
            [
              89.975642,
              25.800699
            ],
            [
              89.992649,
              25.806331
            ],
            [
              89.998591,
              25.81449
            ],
            [
              90.012631,
              25.819425
            ],
            [
              90.021207,
              25.83919
            ],
            [
              90.005872,
              25.847813
            ],
            [
              90.032263,
              25.862534
            ],
            [
              90.049081,
              25.863928
            ],
            [
              90.059931,
              25.878231
            ],
            [
              90.073917,
              25.887234
            ],
            [
              90.086394,
              25.893471
            ],
            [
              90.090466,
              25.904186
            ],
            [
              90.106196,
              25.909152
            ],
            [
              90.119706,
              25.92791
            ],
            [
              90.12261,
              25.935642
            ],
            [
              90.135859,
              25.939074
            ],
            [
              90.151626,
              25.9481
            ],
            [
              90.177064,
              25.957987
            ],
            [
              90.179248,
              25.975326
            ],
            [
              90.175617,
              25.97817
            ],
            [
              90.185262,
              25.987304
            ],
            [
              90.180075,
              26.002738
            ],
            [
              90.170664,
              26.015436
            ],
            [
              90.173378,
              26.02977
            ],
            [
              90.15505,
              26.041973
            ]
          ]
        ]
      }
    },
    {
      "type": "Feature",
      "properties": {
        "name": "Kokrajhar"
      },
      "geometry": {
        "type": "Polygon",
        "coordinates": [
          [
            [
              90.337685,
              26.812878
            ],
            [
              90.30111,
              26.792788
            ],
            [
              90.248615,
              26.802922
            ],
            [
              90.230251,
              26.802256
            ],
            [
              90.201433,
              26.779292
            ],
            [
              90.188507,
              26.751353
            ],
            [
              90.19559,
              26.719781
            ],
            [
              90.135491,
              26.699017
            ],
            [
              90.049539,
              26.677757
            ],
            [
              90.008505,
              26.679492
            ],
            [
              89.966375,
              26.671117
            ],
            [
              89.898779,
              26.67162
            ],
            [
              89.861745,
              26.689464
            ],
            [
              89.858895,
              26.67637
            ],
            [
              89.86197,
              26.651081
            ],
            [
              89.870114,
              26.6119
            ],
            [
              89.867471,
              26.579871
            ],
            [
              89.861224,
              26.569125
            ],
            [
              89.85921,
              26.551661
            ],
            [
              89.857448,
              26.539598
            ],
            [
              89.858806,
              26.528898
            ],
            [
              89.846563,
              26.516339
            ],
            [
              89.852594,
              26.506933
            ],
            [
              89.850895,
              26.49408
            ],
            [
              89.851758,
              26.483062
            ],
            [
              89.859462,
              26.478421
            ],
            [
              89.859165,
              26.457719
            ],
            [
              89.85601,
              26.418113
            ],
            [
              89.857772,
              26.392576
            ],
            [
              89.847417,
              26.359609
            ],
            [
              89.81947,
              26.340433
            ],
            [
              89.813115,
              26.321792
            ],
            [
              89.811345,
              26.311185
            ],
            [
              89.811345,
              26.311177
            ],
            [
              89.811354,
              26.311177
            ],
            [
              89.842797,
              26.297355
            ],
            [
              89.865467,
              26.284804
            ],
            [
              89.890995,
              26.271121
            ],
            [
              89.888271,
              26.244678
            ],
            [
              89.886303,
              26.217421
            ],
            [
              89.880613,
              26.177404
            ],
            [
              89.875498,
              26.15196
            ],
            [
              89.872738,
              26.132366
            ],
            [
              89.874509,
              26.10872
            ],
            [
              89.899121,
              26.082261
            ],
            [
              89.923435,
              26.07831
            ],
            [
              89.960227,
              26.082098
            ],
            [
              89.98251,
              26.092062
            ],
            [
              90.010519,
              26.098841
            ],
            [
              90.045926,
              26.092031
            ],
            [
              90.059427,
              26.106814
            ],
            [
              90.067715,
              26.130452
            ],
            [
              90.099239,
              26.152278
            ],
            [
              90.118709,
              26.172019
            ],
            [
              90.121342,
              26.199346
            ],
            [
              90.12439,
              26.218994
            ],
            [
              90.145918,
              26.227695
            ],
            [
              90.148435,
              26.246537
            ],
            [
              90.1291,
              26.255184
            ],
            [
              90.102448,
              26.261824
            ],
            [
              90.098142,
              26.282224
            ],
            [
              90.145459,
              26.308241
            ],
            [
              90.168821,
              26.301493
            ],
            [
              90.189622,
              26.304948
            ],
            [
              90.206916,
              26.321164
            ],
            [
              90.215581,
              26.338209
            ],
            [
              90.22501,
              26.329702
            ],
            [
              90.227545,
              26.311263
            ],
            [
              90.224813,
              26.306575
            ],
            [
              90.217181,
              26.289181
            ],
            [
              90.235078,
              26.283169
            ],
            [
              90.236327,
              26.265922
            ],
            [
              90.245829,
              26.24935
            ],
            [
              90.266323,
              26.237666
            ],
            [
              90.273263,
              26.233599
            ],
            [
              90.268669,
              26.218258
            ],
            [
              90.265811,
              26.198137
            ],
            [
              90.294908,
              26.191915
            ],
            [
              90.317119,
              26.192636
            ],
            [
              90.335348,
              26.205009
            ],
            [
              90.379178,
              26.226068
            ],
            [
              90.401668,
              26.247754
            ],
            [
              90.406504,
              26.267991
            ],
            [
              90.420859,
              26.28984
            ],
            [
              90.454666,
              26.296216
            ],
            [
              90.454765,
              26.296216
            ],
            [
              90.456572,
              26.300013
            ],
            [
              90.45676,
              26.311534
            ],
            [
              90.449515,
              26.311999
            ],
            [
              90.444688,
              26.326681
            ],
            [
              90.44183,
              26.343726
            ],
            [
              90.438783,
              26.358485
            ],
            [
              90.426333,
              26.384262
            ],
            [
              90.403034,
              26.39896
            ],
            [
              90.397632,
              26.444757
            ],
            [
              90.388868,
              26.477956
            ],
            [
              90.370216,
              26.497334
            ],
            [
              90.362621,
              26.530665
            ],
            [
              90.360247,
              26.577268
            ],
            [
              90.35196,
              26.596939
            ],
            [
              90.337434,
              26.635136
            ],
            [
              90.34476,
              26.676904
            ],
            [
              90.344517,
              26.722461
            ],
            [
              90.342737,
              26.767987
            ],
            [
              90.337686,
              26.812878
            ],
            [
              90.337685,
              26.812878
            ]
          ]
        ]
      }
    },
    {
      "type": "Feature",
      "properties": {
        "name": "West Karbi  Anglong"
      },
      "geometry": {
        "type": "Polygon",
        "coordinates": [
          [
            [
              92.522895,
              26.11333
            ],
            [
              92.514176,
              26.109053
            ],
            [
              92.503911,
              26.110393
            ],
            [
              92.479695,
              26.108069
            ],
            [
              92.470419,
              26.110448
            ],
            [
              92.459317,
              26.102096
            ],
            [
              92.449493,
              26.096052
            ],
            [
              92.44116,
              26.086515
            ],
            [
              92.431902,
              26.080053
            ],
            [
              92.422275,
              26.08058
            ],
            [
              92.406517,
              26.082579
            ],
            [
              92.406571,
              26.091001
            ],
            [
              92.409915,
              26.099911
            ],
            [
              92.412324,
              26.102003
            ],
            [
              92.391227,
              26.104195
            ],
            [
              92.370804,
              26.095006
            ],
            [
              92.358472,
              26.07786
            ],
            [
              92.34311,
              26.070996
            ],
            [
              92.332126,
              26.062899
            ],
            [
              92.312818,
              26.050883
            ],
            [
              92.309177,
              26.041175
            ],
            [
              92.300764,
              26.040423
            ],
            [
              92.235064,
              25.978751
            ],
            [
              92.217419,
              25.965626
            ],
            [
              92.199963,
              25.951742
            ],
            [
              92.172412,
              25.938563
            ],
            [
              92.162767,
              25.920015
            ],
            [
              92.160457,
              25.900033
            ],
            [
              92.168879,
              25.878331
            ],
            [
              92.189536,
              25.883809
            ],
            [
              92.206713,
              25.878734
            ],
            [
              92.224394,
              25.870119
            ],
            [
              92.20568,
              25.859977
            ],
            [
              92.181554,
              25.841429
            ],
            [
              92.179486,
              25.820099
            ],
            [
              92.16461,
              25.803201
            ],
            [
              92.152133,
              25.783429
            ],
            [
              92.150255,
              25.756397
            ],
            [
              92.155252,
              25.736283
            ],
            [
              92.164196,
              25.715062
            ],
            [
              92.154354,
              25.696638
            ],
            [
              92.155783,
              25.679817
            ],
            [
              92.163576,
              25.658712
            ],
            [
              92.168772,
              25.64097
            ],
            [
              92.197356,
              25.660239
            ],
            [
              92.220305,
              25.682591
            ],
            [
              92.235828,
              25.68153
            ],
            [
              92.269617,
              25.684063
            ],
            [
              92.301303,
              25.694275
            ],
            [
              92.324638,
              25.69749
            ],
            [
              92.352746,
              25.707655
            ],
            [
              92.372944,
              25.720253
            ],
            [
              92.383973,
              25.717015
            ],
            [
              92.411452,
              25.714838
            ],
            [
              92.420567,
              25.702364
            ],
            [
              92.440953,
              25.693523
            ],
            [
              92.430751,
              25.67747
            ],
            [
              92.439515,
              25.661967
            ],
            [
              92.461385,
              25.656969
            ],
            [
              92.479327,
              25.639614
            ],
            [
              92.502095,
              25.597652
            ],
            [
              92.527552,
              25.592941
            ],
            [
              92.552406,
              25.589757
            ],
            [
              92.554985,
              25.568985
            ],
            [
              92.563021,
              25.546331
            ],
            [
              92.582374,
              25.534825
            ],
            [
              92.603049,
              25.538722
            ],
            [
              92.627759,
              25.546168
            ],
            [
              92.650105,
              25.568985
            ],
            [
              92.658923,
              25.547539
            ],
            [
              92.658923,
              25.547531
            ],
            [
              92.672272,
              25.550902
            ],
            [
              92.680308,
              25.563848
            ],
            [
              92.71451,
              25.570883
            ],
            [
              92.749153,
              25.58118
            ],
            [
              92.766807,
              25.596281
            ],
            [
              92.765243,
              25.609204
            ],
            [
              92.787598,
              25.636709
            ],
            [
              92.785738,
              25.658371
            ],
            [
              92.806574,
              25.674293
            ],
            [
              92.820785,
              25.703828
            ],
            [
              92.832722,
              25.717898
            ],
            [
              92.885927,
              25.730488
            ],
            [
              92.92733,
              25.752282
            ],
            [
              92.928714,
              25.776487
            ],
            [
              92.965047,
              25.787155
            ],
            [
              92.968804,
              25.762796
            ],
            [
              92.978449,
              25.752251
            ],
            [
              92.993128,
              25.792509
            ],
            [
              92.998899,
              25.764671
            ],
            [
              93.022009,
              25.765973
            ],
            [
              93.053029,
              25.755738
            ],
            [
              93.061038,
              25.752445
            ],
            [
              93.070378,
              25.749098
            ],
            [
              93.070387,
              25.749106
            ],
            [
              93.075726,
              25.755273
            ],
            [
              93.059385,
              25.761719
            ],
            [
              93.043061,
              25.774805
            ],
            [
              93.021317,
              25.79698
            ],
            [
              93.011897,
              25.809376
            ],
            [
              93.005263,
              25.821408
            ],
            [
              92.994998,
              25.831333
            ],
            [
              92.984795,
              25.84693
            ],
            [
              92.964741,
              25.84624
            ],
            [
              92.944615,
              25.843226
            ],
            [
              92.918943,
              25.839949
            ],
            [
              92.902799,
              25.837934
            ],
            [
              92.889577,
              25.835967
            ],
            [
              92.884058,
              25.833479
            ],
            [
              92.857846,
              25.83489
            ],
            [
              92.844471,
              25.885521
            ],
            [
              92.812498,
              25.894881
            ],
            [
              92.79567,
              25.903396
            ],
            [
              92.788533,
              25.932512
            ],
            [
              92.772425,
              25.949131
            ],
            [
              92.780965,
              25.972351
            ],
            [
              92.751383,
              25.98842
            ],
            [
              92.752165,
              25.999778
            ],
            [
              92.754547,
              26.016149
            ],
            [
              92.753126,
              26.027019
            ],
            [
              92.717207,
              26.023649
            ],
            [
              92.712056,
              26.004806
            ],
            [
              92.713324,
              25.994827
            ],
            [
              92.709171,
              25.986847
            ],
            [
              92.697629,
              25.98763
            ],
            [
              92.686591,
              25.990605
            ],
            [
              92.678142,
              25.993115
            ],
            [
              92.666438,
              25.993843
            ],
            [
              92.656272,
              25.986119
            ],
            [
              92.658681,
              25.97342
            ],
            [
              92.649989,
              25.966323
            ],
            [
              92.635768,
              25.960869
            ],
            [
              92.625404,
              25.953408
            ],
            [
              92.607453,
              25.944118
            ],
            [
              92.595795,
              25.940422
            ],
            [
              92.585476,
              25.933132
            ],
            [
              92.572217,
              25.929893
            ],
            [
              92.557071,
              25.933341
            ],
            [
              92.552999,
              25.94294
            ],
            [
              92.570276,
              25.968748
            ],
            [
              92.570132,
              25.97937
            ],
            [
              92.5921,
              25.989264
            ],
            [
              92.584181,
              25.99568
            ],
            [
              92.583561,
              26.009184
            ],
            [
              92.59006,
              26.028468
            ],
            [
              92.596334,
              26.041043
            ],
            [
              92.587849,
              26.050325
            ],
            [
              92.575435,
              26.061141
            ],
            [
              92.576361,
              26.075079
            ],
            [
              92.563902,
              26.079689
            ],
            [
              92.549664,
              26.075761
            ],
            [
              92.540388,
              26.066843
            ],
            [
              92.531426,
              26.065046
            ],
            [
              92.51965,
              26.068912
            ],
            [
              92.521718,
              26.085151
            ],
            [
              92.523291,
              26.096695
            ],
            [
              92.525736,
              26.111021
            ],
            [
              92.522895,
              26.11333
            ]
          ]
        ]
      }
    },
    {
      "type": "Feature",
      "properties": {
        "name": "Kamrup  Metropolitan"
      },
      "geometry": {
        "type": "Polygon",
        "coordinates": [
          [
            [
              91.950838,
              26.219343
            ],
            [
              91.929058,
              26.214439
            ],
            [
              91.916114,
              26.210317
            ],
            [
              91.904536,
              26.198339
            ],
            [
              91.888491,
              26.18877
            ],
            [
              91.872401,
              26.18251
            ],
            [
              91.852761,
              26.18268
            ],
            [
              91.831727,
              26.182092
            ],
            [
              91.807673,
              26.177838
            ],
            [
              91.787466,
              26.172151
            ],
            [
              91.770935,
              26.166162
            ],
            [
              91.749731,
              26.169137
            ],
            [
              91.749452,
              26.169432
            ],
            [
              91.738827,
              26.165085
            ],
            [
              91.724418,
              26.151558
            ],
            [
              91.712607,
              26.144608
            ],
            [
              91.689128,
              26.142679
            ],
            [
              91.6668,
              26.142245
            ],
            [
              91.643501,
              26.150411
            ],
            [
              91.640652,
              26.146274
            ],
            [
              91.649766,
              26.135194
            ],
            [
              91.631042,
              26.125912
            ],
            [
              91.638494,
              26.108061
            ],
            [
              91.635321,
              26.090846
            ],
            [
              91.649452,
              26.07989
            ],
            [
              91.661497,
              26.068625
            ],
            [
              91.678009,
              26.06957
            ],
            [
              91.686306,
              26.073003
            ],
            [
              91.691996,
              26.061598
            ],
            [
              91.704454,
              26.069594
            ],
            [
              91.726881,
              26.072212
            ],
            [
              91.745596,
              26.068377
            ],
            [
              91.766477,
              26.067455
            ],
            [
              91.771664,
              26.048194
            ],
            [
              91.7717,
              26.048117
            ],
            [
              91.772896,
              26.049387
            ],
            [
              91.783359,
              26.050464
            ],
            [
              91.79446,
              26.057771
            ],
            [
              91.803287,
              26.06785
            ],
            [
              91.815404,
              26.074614
            ],
            [
              91.826227,
              26.081014
            ],
            [
              91.875081,
              26.061242
            ],
            [
              91.869957,
              26.0264
            ],
            [
              91.876762,
              26.005372
            ],
            [
              91.885948,
              25.995153
            ],
            [
              91.905931,
              25.992155
            ],
            [
              91.916564,
              25.985151
            ],
            [
              91.918227,
              25.973033
            ],
            [
              91.925508,
              25.965432
            ],
            [
              91.933302,
              25.98013
            ],
            [
              91.950488,
              25.982431
            ],
            [
              91.978372,
              25.991938
            ],
            [
              91.986839,
              26.003451
            ],
            [
              92.000493,
              26.003745
            ],
            [
              92.016116,
              26.004466
            ],
            [
              92.03065,
              26.004729
            ],
            [
              92.0439,
              25.999499
            ],
            [
              92.066857,
              26.001622
            ],
            [
              92.079828,
              26.007952
            ],
            [
              92.102714,
              26.013748
            ],
            [
              92.126148,
              26.010548
            ],
            [
              92.137582,
              26.017141
            ],
            [
              92.148503,
              26.025757
            ],
            [
              92.160458,
              26.03658
            ],
            [
              92.17742,
              26.043468
            ],
            [
              92.169995,
              26.075017
            ],
            [
              92.162651,
              26.112602
            ],
            [
              92.164665,
              26.125285
            ],
            [
              92.14782,
              26.125603
            ],
            [
              92.129402,
              26.135481
            ],
            [
              92.094058,
              26.136387
            ],
            [
              92.081806,
              26.146359
            ],
            [
              92.05279,
              26.165403
            ],
            [
              92.040206,
              26.159739
            ],
            [
              92.016358,
              26.165821
            ],
            [
              91.955657,
              26.208179
            ],
            [
              91.950839,
              26.219343
            ],
            [
              91.950838,
              26.219343
            ]
          ]
        ]
      }
    },
    {
      "type": "Feature",
      "properties": {
        "name": "Golaghat"
      },
      "geometry": {
        "type": "Polygon",
        "coordinates": [
          [
            [
              94.000227,
              26.786543
            ],
            [
              93.979301,
              26.777804
            ],
            [
              93.959507,
              26.76502
            ],
            [
              93.949503,
              26.746162
            ],
            [
              93.931184,
              26.73788
            ],
            [
              93.905062,
              26.754227
            ],
            [
              93.887732,
              26.774643
            ],
            [
              93.866069,
              26.779508
            ],
            [
              93.845727,
              26.764811
            ],
            [
              93.823632,
              26.752259
            ],
            [
              93.799542,
              26.746239
            ],
            [
              93.755075,
              26.744488
            ],
            [
              93.743164,
              26.749323
            ],
            [
              93.711883,
              26.765485
            ],
            [
              93.701106,
              26.755637
            ],
            [
              93.686229,
              26.744264
            ],
            [
              93.667955,
              26.7483
            ],
            [
              93.647937,
              26.73788
            ],
            [
              93.652431,
              26.711986
            ],
            [
              93.665025,
              26.677788
            ],
            [
              93.670139,
              26.663555
            ],
            [
              93.65493,
              26.659898
            ],
            [
              93.638714,
              26.656985
            ],
            [
              93.604835,
              26.665368
            ],
            [
              93.563226,
              26.674735
            ],
            [
              93.559711,
              26.686349
            ],
            [
              93.538273,
              26.697932
            ],
            [
              93.523882,
              26.704339
            ],
            [
              93.501113,
              26.708446
            ],
            [
              93.469284,
              26.708298
            ],
            [
              93.441634,
              26.695631
            ],
            [
              93.418955,
              26.696088
            ],
            [
              93.397229,
              26.700752
            ],
            [
              93.367755,
              26.691315
            ],
            [
              93.342065,
              26.675773
            ],
            [
              93.334775,
              26.659038
            ],
            [
              93.32015,
              26.655482
            ],
            [
              93.305723,
              26.648811
            ],
            [
              93.307359,
              26.642349
            ],
            [
              93.315395,
              26.636445
            ],
            [
              93.315512,
              26.632076
            ],
            [
              93.318236,
              26.630038
            ],
            [
              93.315917,
              26.626652
            ],
            [
              93.308168,
              26.620245
            ],
            [
              93.309543,
              26.61479
            ],
            [
              93.318964,
              26.608786
            ],
            [
              93.318065,
              26.601108
            ],
            [
              93.313166,
              26.592345
            ],
            [
              93.307934,
              26.588913
            ],
            [
              93.289229,
              26.589284
            ],
            [
              93.284986,
              26.587255
            ],
            [
              93.292689,
              26.56952
            ],
            [
              93.299,
              26.557983
            ],
            [
              93.294748,
              26.545548
            ],
            [
              93.292636,
              26.541992
            ],
            [
              93.293121,
              26.539699
            ],
            [
              93.30309,
              26.534368
            ],
            [
              93.301157,
              26.532098
            ],
            [
              93.298047,
              26.529464
            ],
            [
              93.314793,
              26.533314
            ],
            [
              93.350838,
              26.535732
            ],
            [
              93.394928,
              26.532865
            ],
            [
              93.407189,
              26.523041
            ],
            [
              93.439072,
              26.530084
            ],
            [
              93.457257,
              26.529588
            ],
            [
              93.460259,
              26.526915
            ],
            [
              93.481581,
              26.536576
            ],
            [
              93.476079,
              26.542348
            ],
            [
              93.489437,
              26.557325
            ],
            [
              93.505599,
              26.552575
            ],
            [
              93.534408,
              26.550685
            ],
            [
              93.562849,
              26.560958
            ],
            [
              93.590247,
              26.551878
            ],
            [
              93.585995,
              26.526512
            ],
            [
              93.609393,
              26.5302
            ],
            [
              93.618786,
              26.522638
            ],
            [
              93.626912,
              26.54616
            ],
            [
              93.646984,
              26.553079
            ],
            [
              93.67209,
              26.555705
            ],
            [
              93.702562,
              26.558696
            ],
            [
              93.727011,
              26.548353
            ],
            [
              93.749313,
              26.535298
            ],
            [
              93.738616,
              26.51472
            ],
            [
              93.738823,
              26.497117
            ],
            [
              93.745295,
              26.484124
            ],
            [
              93.755317,
              26.471572
            ],
            [
              93.767875,
              26.453868
            ],
            [
              93.773403,
              26.433856
            ],
            [
              93.786383,
              26.416253
            ],
            [
              93.784612,
              26.397131
            ],
            [
              93.783344,
              26.381992
            ],
            [
              93.799911,
              26.36896
            ],
            [
              93.780423,
              26.348375
            ],
            [
              93.793178,
              26.338605
            ],
            [
              93.809727,
              26.357238
            ],
            [
              93.827812,
              26.376057
            ],
            [
              93.85708,
              26.36394
            ],
            [
              93.876469,
              26.352008
            ],
            [
              93.880936,
              26.345345
            ],
            [
              93.889736,
              26.326727
            ],
            [
              93.88615,
              26.313246
            ],
            [
              93.884603,
              26.301671
            ],
            [
              93.890788,
              26.280558
            ],
            [
              93.876199,
              26.271408
            ],
            [
              93.879255,
              26.260886
            ],
            [
              93.8745,
              26.24787
            ],
            [
              93.870698,
              26.230151
            ],
            [
              93.867722,
              26.221334
            ],
            [
              93.85405,
              26.202956
            ],
            [
              93.857026,
              26.192543
            ],
            [
              93.845727,
              26.178303
            ],
            [
              93.837331,
              26.163838
            ],
            [
              93.826949,
              26.144181
            ],
            [
              93.830293,
              26.120969
            ],
            [
              93.829412,
              26.104257
            ],
            [
              93.822634,
              26.095541
            ],
            [
              93.822041,
              26.080378
            ],
            [
              93.812441,
              26.055949
            ],
            [
              93.799848,
              26.040314
            ],
            [
              93.784099,
              26.019899
            ],
            [
              93.787641,
              26.00297
            ],
            [
              93.793322,
              25.996121
            ],
            [
              93.791165,
              25.982485
            ],
            [
              93.790302,
              25.967137
            ],
            [
              93.802625,
              25.952509
            ],
            [
              93.783569,
              25.949557
            ],
            [
              93.77369,
              25.935363
            ],
            [
              93.77369,
              25.935355
            ],
            [
              93.784315,
              25.921324
            ],
            [
              93.78907,
              25.907509
            ],
            [
              93.790041,
              25.890394
            ],
            [
              93.793376,
              25.867833
            ],
            [
              93.785358,
              25.847813
            ],
            [
              93.783048,
              25.832387
            ],
            [
              93.778131,
              25.815311
            ],
            [
              93.788855,
              25.787744
            ],
            [
              93.809268,
              25.79154
            ],
            [
              93.821987,
              25.815628
            ],
            [
              93.846329,
              25.8321
            ],
            [
              93.871129,
              25.82044
            ],
            [
              93.888118,
              25.8257
            ],
            [
              93.90135,
              25.841661
            ],
            [
              93.918698,
              25.857722
            ],
            [
              93.937664,
              25.869615
            ],
            [
              93.963256,
              25.877394
            ],
            [
              93.979723,
              25.892758
            ],
            [
              93.968496,
              25.917752
            ],
            [
              93.953772,
              25.940585
            ],
            [
              93.957593,
              25.965982
            ],
            [
              93.958815,
              25.983686
            ],
            [
              93.970411,
              26.009532
            ],
            [
              93.985377,
              26.032102
            ],
            [
              93.984272,
              26.052199
            ],
            [
              93.993314,
              26.069926
            ],
            [
              93.989117,
              26.081013
            ],
            [
              93.989881,
              26.095595
            ],
            [
              94.003049,
              26.105698
            ],
            [
              94.001233,
              26.124595
            ],
            [
              94.00882,
              26.145274
            ],
            [
              94.027328,
              26.159475
            ],
            [
              94.037971,
              26.183424
            ],
            [
              94.043814,
              26.203932
            ],
            [
              94.061099,
              26.220327
            ],
            [
              94.0754,
              26.234118
            ],
            [
              94.084758,
              26.248823
            ],
            [
              94.100857,
              26.270834
            ],
            [
              94.11336,
              26.281511
            ],
            [
              94.116983,
              26.287856
            ],
            [
              94.136219,
              26.298502
            ],
            [
              94.15034,
              26.296836
            ],
            [
              94.173127,
              26.301547
            ],
            [
              94.165387,
              26.310185
            ],
            [
              94.165334,
              26.310154
            ],
            [
              94.142592,
              26.311386
            ],
            [
              94.131059,
              26.323255
            ],
            [
              94.119329,
              26.352836
            ],
            [
              94.116632,
              26.379365
            ],
            [
              94.128479,
              26.403654
            ],
            [
              94.102295,
              26.42806
            ],
            [
              94.097369,
              26.446019
            ],
            [
              94.10376,
              26.462243
            ],
            [
              94.107472,
              26.480652
            ],
            [
              94.113774,
              26.499626
            ],
            [
              94.114403,
              26.511682
            ],
            [
              94.100776,
              26.524791
            ],
            [
              94.088686,
              26.533817
            ],
            [
              94.076632,
              26.535374
            ],
            [
              94.071409,
              26.54626
            ],
            [
              94.081396,
              26.561027
            ],
            [
              94.081863,
              26.571572
            ],
            [
              94.088218,
              26.580986
            ],
            [
              94.095436,
              26.594738
            ],
            [
              94.084875,
              26.606274
            ],
            [
              94.072443,
              26.615138
            ],
            [
              94.063949,
              26.617439
            ],
            [
              94.054097,
              26.619267
            ],
            [
              94.049863,
              26.6271
            ],
            [
              94.048937,
              26.638002
            ],
            [
              94.042061,
              26.649995
            ],
            [
              94.041881,
              26.664391
            ],
            [
              94.044011,
              26.679677
            ],
            [
              94.043229,
              26.688417
            ],
            [
              94.032784,
              26.688215
            ],
            [
              94.022123,
              26.697574
            ],
            [
              94.000766,
              26.696939
            ],
            [
              93.9978,
              26.714883
            ],
            [
              93.977647,
              26.715588
            ],
            [
              93.974339,
              26.728728
            ],
            [
              93.977179,
              26.737917
            ],
            [
              93.987022,
              26.767521
            ],
            [
              94.008389,
              26.784412
            ],
            [
              94.000227,
              26.786542
            ],
            [
              94.000227,
              26.786543
            ]
          ]
        ]
      }
    },
    {
      "type": "Feature",
      "properties": {
        "name": "Charaideo"
      },
      "geometry": {
        "type": "Polygon",
        "coordinates": [
          [
            [
              94.96595,
              27.168029
            ],
            [
              94.943919,
              27.150171
            ],
            [
              94.885851,
              27.099756
            ],
            [
              94.853887,
              27.06111
            ],
            [
              94.839091,
              27.037371
            ],
            [
              94.8391,
              27.037309
            ],
            [
              94.813203,
              27.007805
            ],
            [
              94.817769,
              26.952153
            ],
            [
              94.77456,
              26.881175
            ],
            [
              94.835864,
              26.817643
            ],
            [
              94.847711,
              26.824244
            ],
            [
              94.859999,
              26.84497
            ],
            [
              94.866219,
              26.856266
            ],
            [
              94.877904,
              26.868306
            ],
            [
              94.9055,
              26.884049
            ],
            [
              94.920898,
              26.892278
            ],
            [
              94.9287,
              26.884538
            ],
            [
              94.939882,
              26.881291
            ],
            [
              94.958031,
              26.8836
            ],
            [
              94.965869,
              26.872095
            ],
            [
              94.977465,
              26.865571
            ],
            [
              94.988638,
              26.861
            ],
            [
              94.995946,
              26.866299
            ],
            [
              95.018292,
              26.867826
            ],
            [
              95.033573,
              26.879664
            ],
            [
              95.056081,
              26.885607
            ],
            [
              95.073564,
              26.892107
            ],
            [
              95.09218,
              26.899398
            ],
            [
              95.109421,
              26.912801
            ],
            [
              95.113421,
              26.924601
            ],
            [
              95.138796,
              26.938307
            ],
            [
              95.149924,
              26.945203
            ],
            [
              95.191911,
              26.9824
            ],
            [
              95.196639,
              26.982284
            ],
            [
              95.20703,
              26.973482
            ],
            [
              95.221979,
              26.98116
            ],
            [
              95.227543,
              26.984407
            ],
            [
              95.239678,
              26.974699
            ],
            [
              95.256172,
              26.975962
            ],
            [
              95.263372,
              26.980138
            ],
            [
              95.274968,
              26.995788
            ],
            [
              95.299247,
              27.01508
            ],
            [
              95.316802,
              27.026756
            ],
            [
              95.345063,
              27.04198
            ],
            [
              95.369629,
              27.049968
            ],
            [
              95.364829,
              27.07893
            ],
            [
              95.344928,
              27.10865
            ],
            [
              95.323409,
              27.125308
            ],
            [
              95.292307,
              27.130964
            ],
            [
              95.264002,
              27.129507
            ],
            [
              95.254087,
              27.120768
            ],
            [
              95.238338,
              27.125021
            ],
            [
              95.234941,
              27.109084
            ],
            [
              95.21734,
              27.102034
            ],
            [
              95.197646,
              27.098973
            ],
            [
              95.180675,
              27.09575
            ],
            [
              95.176954,
              27.079898
            ],
            [
              95.170293,
              27.080301
            ],
            [
              95.160109,
              27.06558
            ],
            [
              95.146886,
              27.065317
            ],
            [
              95.134059,
              27.075389
            ],
            [
              95.125933,
              27.074281
            ],
            [
              95.113915,
              27.071306
            ],
            [
              95.104306,
              27.075195
            ],
            [
              95.074014,
              27.077837
            ],
            [
              95.054868,
              27.081742
            ],
            [
              95.043614,
              27.09465
            ],
            [
              95.023344,
              27.085593
            ],
            [
              94.994643,
              27.088405
            ],
            [
              94.977896,
              27.093224
            ],
            [
              94.981761,
              27.109781
            ],
            [
              94.97315,
              27.131909
            ],
            [
              94.96595,
              27.168029
            ]
          ]
        ]
      }
    }
  ]
}