<?xml version="1.0" encoding="UTF-8"?>
<kml xmlns="http://www.opengis.net/kml/2.2">
  <Document>
    <name>Assam_districts.kml</name>
    <Style id="line-FF0000-2000-nodesc-normal">
      <LineStyle>
        <color>ff0000ff</color>
        <width>2</width>
      </LineStyle>
      <BalloonStyle>
        <text><![CDATA[<h3>$[name]</h3>]]></text>
      </BalloonStyle>
    </Style>
    <Style id="line-FF0000-2000-nodesc-highlight">
      <LineStyle>
        <color>ff0000ff</color>
        <width>3</width>
      </LineStyle>
      <BalloonStyle>
        <text><![CDATA[<h3>$[name]</h3>]]></text>
      </BalloonStyle>
    </Style>
    <StyleMap id="line-FF0000-2000-nodesc">
      <Pair>
        <key>normal</key>
        <styleUrl>#line-FF0000-2000-nodesc-normal</styleUrl>
      </Pair>
      <Pair>
        <key>highlight</key>
        <styleUrl>#line-FF0000-2000-nodesc-highlight</styleUrl>
      </Pair>
    </StyleMap>
    <Style id="poly-FFFFFF-2000-64-nodesc-normal">
      <LineStyle>
        <color>ffffffff</color>
        <width>2</width>
      </LineStyle>
      <PolyStyle>
        <color>40ffffff</color>
        <fill>1</fill>
        <outline>1</outline>
      </PolyStyle>
      <BalloonStyle>
        <text><![CDATA[<h3>$[name]</h3>]]></text>
      </BalloonStyle>
    </Style>
    <Style id="poly-FFFFFF-2000-64-nodesc-highlight">
      <LineStyle>
        <color>ffffffff</color>
        <width>3</width>
      </LineStyle>
      <PolyStyle>
        <color>40ffffff</color>
        <fill>1</fill>
        <outline>1</outline>
      </PolyStyle>
      <BalloonStyle>
        <text><![CDATA[<h3>$[name]</h3>]]></text>
      </BalloonStyle>
    </Style>
    <StyleMap id="poly-FFFFFF-2000-64-nodesc">
      <Pair>
        <key>normal</key>
        <styleUrl>#poly-FFFFFF-2000-64-nodesc-normal</styleUrl>
      </Pair>
      <Pair>
        <key>highlight</key>
        <styleUrl>#poly-FFFFFF-2000-64-nodesc-highlight</styleUrl>
      </Pair>
    </StyleMap>
    <Placemark>
      <name>Hailakandi</name>
      <styleUrl>#poly-FFFFFF-2000-64-nodesc</styleUrl>
      <Polygon>
        <outerBoundaryIs>
          <LinearRing>
            <tessellate>1</tessellate>
            <coordinates>
              92.596451,24.874713,0
              92.59157,24.872737,0
              92.569826,24.870514,0
              92.568693,24.829822,0
              92.553422,24.812584,0
              92.545008,24.782081,0
              92.544271,24.762688,0
              92.525089,24.745116,0
              92.521709,24.724933,0
              92.509241,24.710181,0
              92.497286,24.68483,0
              92.503525,24.663036,0
              92.504756,24.642062,0
              92.508693,24.62456,0
              92.5041,24.606004,0
              92.512882,24.581916,0
              92.516486,24.563066,0
              92.509763,24.528178,0
              92.507758,24.501122,0
              92.507776,24.479242,0
              92.505826,24.448368,0
              92.498742,24.407901,0
              92.491569,24.382682,0
              92.480333,24.350025,0
              92.451434,24.295256,0
              92.43689,24.276777,0
              92.421403,24.263544,0
              92.421394,24.263536,0
              92.420908,24.256013,0
              92.419308,24.229089,0
              92.418508,24.212114,0
              92.429313,24.197021,0
              92.436989,24.182951,0
              92.435434,24.165712,0
              92.448243,24.158747,0
              92.464019,24.15,0
              92.475533,24.155377,0
              92.479614,24.164233,0
              92.483821,24.174359,0
              92.50152,24.175506,0
              92.510805,24.177373,0
              92.513295,24.187205,0
              92.528666,24.188096,0
              92.533233,24.201089,0
              92.538923,24.216468,0
              92.544864,24.231925,0
              92.546536,24.25014,0
              92.562258,24.260112,0
              92.587085,24.255556,0
              92.604874,24.260011,0
              92.614914,24.281519,0
              92.616316,24.298541,0
              92.617323,24.31502,0
              92.622033,24.336164,0
              92.63451,24.344167,0
              92.64277,24.336319,0
              92.649512,24.339317,0
              92.656335,24.351776,0
              92.66766,24.354821,0
              92.682852,24.357858,0
              92.691858,24.370913,0
              92.697665,24.382287,0
              92.705432,24.393668,0
              92.711571,24.409435,0
              92.717153,24.422746,0
              92.728344,24.456394,0
              92.748317,24.494018,0
              92.752596,24.509986,0
              92.763913,24.524583,0
              92.759877,24.529216,0
              92.766681,24.541465,0
              92.774367,24.551801,0
              92.776165,24.562051,0
              92.77949,24.572844,0
              92.76758,24.572875,0
              92.760326,24.579925,0
              92.751634,24.586867,0
              92.739742,24.589106,0
              92.733036,24.585504,0
              92.71851,24.570155,0
              92.708353,24.570938,0
              92.698897,24.575625,0
              92.679193,24.585945,0
              92.670258,24.592988,0
              92.672317,24.603176,0
              92.669737,24.613279,0
              92.682627,24.6151,0
              92.695076,24.61995,0
              92.686906,24.62807,0
              92.674492,24.629875,0
              92.667031,24.636778,0
              92.667813,24.661393,0
              92.663903,24.671783,0
              92.656532,24.678725,0
              92.655346,24.694678,0
              92.658096,24.713505,0
              92.655858,24.725661,0
              92.661557,24.755103,0
              92.665557,24.766368,0
              92.666447,24.780399,0
              92.6714,24.790464,0
              92.682986,24.802062,0
              92.678519,24.81225,0
              92.652101,24.813808,0
              92.6386,24.817519,0
              92.636964,24.822966,0
              92.633647,24.849145,0
              92.605557,24.862572,0
              92.596451,24.874713,0
            </coordinates>
          </LinearRing>
        </outerBoundaryIs>
      </Polygon>
    </Placemark>
    <Placemark>
      <name>Hojai</name>
      <styleUrl>#poly-FFFFFF-2000-64-nodesc</styleUrl>
      <Polygon>
        <outerBoundaryIs>
          <LinearRing>
            <tessellate>1</tessellate>
            <coordinates>
              92.799203,26.226355,0
              92.78545,26.222481,0
              92.768021,26.209387,0
              92.772839,26.191032,0
              92.768623,26.174623,0
              92.750268,26.17174,0
              92.728002,26.168184,0
              92.715382,26.158337,0
              92.709423,26.144135,0
              92.70518,26.129159,0
              92.683544,26.134412,0
              92.672856,26.122023,0
              92.683831,26.107558,0
              92.704011,26.108147,0
              92.698915,26.09066,0
              92.724218,26.081672,0
              92.720766,26.070531,0
              92.730483,26.066363,0
              92.735787,26.044219,0
              92.753126,26.027019,0
              92.754546,26.016149,0
              92.752164,25.999778,0
              92.751382,25.98842,0
              92.780965,25.972351,0
              92.772425,25.949131,0
              92.788533,25.932512,0
              92.79567,25.903396,0
              92.812497,25.894881,0
              92.844471,25.885521,0
              92.857846,25.83489,0
              92.884057,25.833479,0
              92.889577,25.835967,0
              92.902799,25.837934,0
              92.918943,25.839949,0
              92.944615,25.843226,0
              92.964741,25.84624,0
              92.984795,25.84693,0
              92.994998,25.831333,0
              93.005263,25.821408,0
              93.011897,25.809376,0
              93.021317,25.79698,0
              93.043061,25.774805,0
              93.059384,25.761719,0
              93.075726,25.755273,0
              93.070387,25.749106,0
              93.070378,25.749098,0
              93.070396,25.749091,0
              93.074342,25.740955,0
              93.083025,25.742621,0
              93.09489,25.748091,0
              93.106162,25.748657,0
              93.117893,25.740142,0
              93.129866,25.733146,0
              93.133138,25.721074,0
              93.148014,25.713141,0
              93.147628,25.702224,0
              93.143025,25.689154,0
              93.174001,25.699202,0
              93.207862,25.704332,0
              93.22806,25.712443,0
              93.232311,25.736376,0
              93.246846,25.753003,0
              93.248707,25.774712,0
              93.245516,25.793865,0
              93.238379,25.816659,0
              93.222595,25.834735,0
              93.201309,25.859032,0
              93.18352,25.881508,0
              93.172509,25.916567,0
              93.161075,25.931962,0
              93.156518,25.953679,0
              93.146963,25.973257,0
              93.131996,25.989373,0
              93.11223,26.002428,0
              93.096418,26.007658,0
              93.105452,26.041973,0
              93.091421,26.044506,0
              93.08005,26.045382,0
              93.062459,26.048008,0
              93.046809,26.053199,0
              93.034764,26.068842,0
              93.020903,26.076063,0
              93.001559,26.080998,0
              92.981092,26.092496,0
              92.960507,26.100701,0
              92.938143,26.102801,0
              92.936939,26.115608,0
              92.953262,26.130902,0
              92.951555,26.152433,0
              92.933954,26.164357,0
              92.909208,26.164845,0
              92.872606,26.168634,0
              92.840875,26.168711,0
              92.81399,26.168083,0
              92.795365,26.17453,0
              92.810718,26.178845,0
              92.825693,26.190715,0
              92.816866,26.209929,0
              92.818529,26.22042,0
              92.804093,26.22582,0
              92.799203,26.226355,0
            </coordinates>
          </LinearRing>
        </outerBoundaryIs>
      </Polygon>
    </Placemark>
    <Placemark>
      <name>Morigaon</name>
      <styleUrl>#poly-FFFFFF-2000-64-nodesc</styleUrl>
      <Polygon>
        <outerBoundaryIs>
          <LinearRing>
            <tessellate>1</tessellate>
            <coordinates>
              92.416198,26.470015,0
              92.408189,26.469085,0
              92.39502,26.469132,0
              92.365007,26.459021,0
              92.343676,26.462988,0
              92.315038,26.462856,0
              92.29813,26.44031,0
              92.286984,26.413572,0
              92.27555,26.399812,0
              92.260197,26.384991,0
              92.240143,26.37034,0
              92.220224,26.365575,0
              92.201617,26.373346,0
              92.187648,26.39108,0
              92.175504,26.383883,0
              92.171684,26.365923,0
              92.172969,26.343811,0
              92.157032,26.334638,0
              92.131953,26.318429,0
              92.111117,26.30797,0
              92.095396,26.301648,0
              92.088367,26.281132,0
              92.075207,26.269704,0
              92.061086,26.262731,0
              92.038856,26.246328,0
              92.018398,26.243446,0
              92.003899,26.247948,0
              91.965139,26.231336,0
              91.950838,26.219343,0
              91.955656,26.208178,0
              92.016357,26.165821,0
              92.040205,26.159739,0
              92.052789,26.165403,0
              92.081805,26.146359,0
              92.094057,26.136387,0
              92.129401,26.135481,0
              92.147819,26.125602,0
              92.164664,26.125285,0
              92.16265,26.112602,0
              92.169994,26.075017,0
              92.177383,26.043445,0
              92.177608,26.043499,0
              92.178192,26.033721,0
              92.18852,26.030824,0
              92.208206,26.033171,0
              92.214201,26.033566,0
              92.233042,26.029708,0
              92.252053,26.028902,0
              92.270309,26.031203,0
              92.280701,26.03338,0
              92.292089,26.040555,0
              92.3008,26.040462,0
              92.300764,26.040423,0
              92.309177,26.041175,0
              92.312818,26.050883,0
              92.332126,26.062899,0
              92.34311,26.070996,0
              92.358472,26.07786,0
              92.370805,26.095006,0
              92.391227,26.104195,0
              92.412324,26.102003,0
              92.421214,26.110122,0
              92.41654,26.126261,0
              92.407218,26.147436,0
              92.415569,26.159584,0
              92.433663,26.164396,0
              92.436962,26.173584,0
              92.433573,26.193984,0
              92.446374,26.201205,0
              92.442913,26.212819,0
              92.442185,26.230143,0
              92.45298,26.240091,0
              92.469834,26.243562,0
              92.50819,26.24605,0
              92.53894,26.253859,0
              92.546581,26.277661,0
              92.556001,26.305467,0
              92.549421,26.321955,0
              92.54703,26.343184,0
              92.509889,26.331887,0
              92.479902,26.325069,0
              92.456099,26.336513,0
              92.443686,26.357246,0
              92.437547,26.381954,0
              92.44712,26.40591,0
              92.449547,26.419066,0
              92.436423,26.436041,0
              92.426643,26.452606,0
              92.416198,26.470015,0
            </coordinates>
          </LinearRing>
        </outerBoundaryIs>
      </Polygon>
    </Placemark>
    <Placemark>
      <name>Darrang</name>
      <styleUrl>#poly-FFFFFF-2000-64-nodesc</styleUrl>
      <Polygon>
        <outerBoundaryIs>
          <LinearRing>
            <tessellate>1</tessellate>
            <coordinates>
              92.31066,26.625304,0
              92.309078,26.625165,0
              92.29751,26.595847,0
              92.287981,26.577957,0
              92.267891,26.565514,0
              92.268431,26.542372,0
              92.251936,26.530858,0
              92.242228,26.543852,0
              92.238435,26.56068,0
              92.231595,26.578763,0
              92.215334,26.597242,0
              92.20026,26.614744,0
              92.180394,26.61345,0
              92.161841,26.598838,0
              92.142497,26.594724,0
              92.11918,26.601154,0
              92.110911,26.58999,0
              92.09909,26.580994,0
              92.070829,26.570659,0
              92.056393,26.559541,0
              92.046623,26.542511,0
              92.032357,26.534562,0
              92.039584,26.520267,0
              92.058632,26.504617,0
              92.072726,26.507631,0
              92.072726,26.524188,0
              92.078407,26.540768,0
              92.105913,26.547028,0
              92.126156,26.545548,0
              92.143855,26.542875,0
              92.142803,26.519221,0
              92.123387,26.524978,0
              92.103378,26.525923,0
              92.093643,26.518392,0
              92.097131,26.498488,0
              92.091405,26.48056,0
              92.087746,26.464778,0
              92.088223,26.450134,0
              92.093014,26.431609,0
              92.081104,26.442952,0
              92.076367,26.428696,0
              92.069355,26.444192,0
              92.065526,26.465978,0
              92.061966,26.479297,0
              92.049418,26.482745,0
              92.033382,26.492367,0
              92.010479,26.51348,0
              91.991872,26.515014,0
              91.97322,26.504005,0
              91.956644,26.506058,0
              91.944051,26.521801,0
              91.923242,26.523901,0
              91.908347,26.512651,0
              91.89659,26.499395,0
              91.876464,26.496962,0
              91.856302,26.491655,0
              91.843223,26.478414,0
              91.82432,26.472843,0
              91.804751,26.468287,0
              91.782828,26.473378,0
              91.782801,26.473378,0
              91.780032,26.463879,0
              91.779493,26.448445,0
              91.777434,26.444626,0
              91.772634,26.421103,0
              91.767771,26.406669,0
              91.77374,26.382093,0
              91.789587,26.364382,0
              91.80316,26.344896,0
              91.818468,26.332732,0
              91.819385,26.30491,0
              91.812805,26.283743,0
              91.79881,26.27357,0
              91.787978,26.266597,0
              91.787403,26.238317,0
              91.783942,26.211781,0
              91.763996,26.193179,0
              91.749443,26.169432,0
              91.749722,26.169137,0
              91.770926,26.166162,0
              91.787457,26.172151,0
              91.807664,26.177838,0
              91.831718,26.182092,0
              91.852752,26.18268,0
              91.872392,26.18251,0
              91.888482,26.18877,0
              91.904527,26.198339,0
              91.916105,26.210317,0
              91.929049,26.214439,0
              91.950829,26.219343,0
              91.96513,26.231336,0
              92.00389,26.247948,0
              92.018389,26.243446,0
              92.038847,26.246328,0
              92.061077,26.262731,0
              92.075198,26.269704,0
              92.088358,26.281132,0
              92.095387,26.301648,0
              92.111108,26.30797,0
              92.131945,26.318429,0
              92.157023,26.334638,0
              92.172961,26.343811,0
              92.171675,26.365923,0
              92.175495,26.383883,0
              92.187639,26.39108,0
              92.201608,26.373346,0
              92.220215,26.365575,0
              92.240134,26.37034,0
              92.260188,26.384991,0
              92.275541,26.399812,0
              92.286975,26.413572,0
              92.298121,26.44031,0
              92.315029,26.462856,0
              92.343667,26.462988,0
              92.364998,26.459021,0
              92.395011,26.469132,0
              92.39502,26.469132,0
              92.399416,26.472386,0
              92.37582,26.474416,0
              92.371155,26.485224,0
              92.36898,26.506639,0
              92.360611,26.521561,0
              92.361276,26.533012,0
              92.338472,26.535073,0
              92.330571,26.548152,0
              92.32978,26.555218,0
              92.328198,26.562245,0
              92.331146,26.58266,0
              92.336548,26.589478,0
              92.335487,26.594166,0
              92.331982,26.606082,0
              92.333258,26.617657,0
              92.333249,26.617657,0
              92.31066,26.625304,0
            </coordinates>
          </LinearRing>
        </outerBoundaryIs>
      </Polygon>
    </Placemark>
    <Placemark>
      <name>Udalguri</name>
      <styleUrl>#poly-FFFFFF-2000-64-nodesc</styleUrl>
      <Polygon>
        <outerBoundaryIs>
          <LinearRing>
            <tessellate>1</tessellate>
            <coordinates>
              92.353483,26.877255,0
              92.351137,26.877053,0
              92.346526,26.875581,0
              92.301842,26.866291,0
              92.30275,26.853934,0
              92.296035,26.849672,0
              92.278354,26.846395,0
              92.267011,26.848045,0
              92.2535,26.854631,0
              92.225222,26.845334,0
              92.194246,26.833851,0
              92.168781,26.834897,0
              92.155882,26.835091,0
              92.128223,26.833751,0
              92.112115,26.83537,0
              92.112079,26.83537,0
              92.102218,26.823965,0
              92.101445,26.810678,0
              92.055953,26.791773,0
              92.012213,26.795306,0
              91.982047,26.802961,0
              91.966119,26.821006,0
              91.949705,26.83427,0
              91.8917,26.861728,0
              91.858433,26.856157,0
              91.823601,26.807997,0
              91.779448,26.786458,0
              91.720166,26.756792,0
              91.701452,26.756792,0
              91.711178,26.729868,0
              91.729218,26.681499,0
              91.738827,26.649686,0
              91.740499,26.62446,0
              91.732598,26.612551,0
              91.742926,26.594173,0
              91.745641,26.58751,0
              91.736158,26.577345,0
              91.738935,26.564468,0
              91.738755,26.553676,0
              91.743528,26.543914,0
              91.757443,26.527984,0
              91.778126,26.500844,0
              91.780436,26.486588,0
              91.783358,26.480196,0
              91.78281,26.473385,0
              91.782801,26.473378,0
              91.782828,26.473378,0
              91.804751,26.468287,0
              91.82432,26.472843,0
              91.843223,26.478414,0
              91.856302,26.491655,0
              91.876464,26.496962,0
              91.89659,26.499395,0
              91.908347,26.512651,0
              91.923242,26.523901,0
              91.944051,26.521801,0
              91.956644,26.506058,0
              91.97322,26.504005,0
              91.991872,26.515014,0
              92.010479,26.51348,0
              92.033382,26.492367,0
              92.049418,26.482745,0
              92.061966,26.479297,0
              92.065526,26.465978,0
              92.069355,26.444192,0
              92.076367,26.428696,0
              92.081104,26.442952,0
              92.093014,26.431609,0
              92.088223,26.450134,0
              92.087746,26.464778,0
              92.091405,26.48056,0
              92.097131,26.498488,0
              92.093643,26.518392,0
              92.103378,26.525923,0
              92.123387,26.524978,0
              92.142803,26.519221,0
              92.143855,26.542875,0
              92.126156,26.545548,0
              92.105913,26.547028,0
              92.078407,26.540768,0
              92.072726,26.524188,0
              92.072726,26.507631,0
              92.058632,26.504617,0
              92.039584,26.520267,0
              92.032357,26.534562,0
              92.046623,26.542511,0
              92.056393,26.559541,0
              92.070829,26.570659,0
              92.09909,26.580994,0
              92.110911,26.58999,0
              92.11918,26.601154,0
              92.142497,26.594724,0
              92.161841,26.598838,0
              92.180394,26.61345,0
              92.20026,26.614744,0
              92.215334,26.597242,0
              92.231595,26.578763,0
              92.238435,26.56068,0
              92.242228,26.543852,0
              92.251936,26.530858,0
              92.268431,26.542372,0
              92.267891,26.565514,0
              92.287981,26.577957,0
              92.29751,26.595847,0
              92.309078,26.625165,0
              92.333249,26.617657,0
              92.333249,26.617665,0
              92.333663,26.633005,0
              92.335164,26.654482,0
              92.33315,26.682847,0
              92.328521,26.698908,0
              92.331344,26.714621,0
              92.338903,26.720555,0
              92.334463,26.736787,0
              92.32915,26.752639,0
              92.330391,26.76337,0
              92.334921,26.772714,0
              92.339559,26.796895,0
              92.343452,26.819045,0
              92.347757,26.845078,0
              92.363524,26.874729,0
              92.363533,26.874954,0
              92.355874,26.87665,0
              92.353483,26.877255,0
            </coordinates>
          </LinearRing>
        </outerBoundaryIs>
      </Polygon>
    </Placemark>
    <Placemark>
      <name>Biswanath</name>
      <styleUrl>#poly-FFFFFF-2000-64-nodesc</styleUrl>
      <Polygon>
        <outerBoundaryIs>
          <LinearRing>
            <tessellate>1</tessellate>
            <coordinates>
              93.696063,26.935332,0
              93.695955,26.935239,0
              93.674562,26.912879,0
              93.638256,26.905836,0
              93.594076,26.896709,0
              93.565464,26.895377,0
              93.487495,26.880524,0
              93.466201,26.880997,0
              93.445931,26.895702,0
              93.346128,26.904318,0
              93.213192,26.888605,0
              93.120518,26.871273,0
              93.091556,26.858947,0
              93.067511,26.866292,0
              93.028355,26.859752,0
              93.000616,26.86953,0
              92.979141,26.877448,0
              92.960732,26.868926,0
              92.946719,26.863254,0
              92.927492,26.854569,0
              92.917775,26.843715,0
              92.904354,26.836052,0
              92.888112,26.829032,0
              92.875527,26.813785,0
              92.868273,26.79963,0
              92.86457,26.787388,0
              92.877352,26.74899,0
              92.877882,26.730589,0
              92.87595,26.713931,0
              92.86901,26.703557,0
              92.860264,26.69443,0
              92.856228,26.672705,0
              92.859986,26.655033,0
              92.864911,26.633478,0
              92.865792,26.617215,0
              92.865127,26.605199,0
              92.871105,26.583652,0
              92.877073,26.563825,0
              92.887518,26.546176,0
              92.896309,26.547973,0
              92.918458,26.549872,0
              92.940013,26.569094,0
              92.987267,26.5657,0
              93.005622,26.55115,0
              93.052895,26.547865,0
              93.081129,26.547911,0
              93.098351,26.540435,0
              93.120014,26.538583,0
              93.152023,26.539621,0
              93.162909,26.555768,0
              93.180914,26.565716,0
              93.214721,26.577957,0
              93.229148,26.604106,0
              93.240267,26.63089,0
              93.255287,26.634803,0
              93.282649,26.636802,0
              93.290299,26.646673,0
              93.305705,26.648811,0
              93.320141,26.655482,0
              93.334766,26.659038,0
              93.342056,26.675773,0
              93.367746,26.691315,0
              93.397221,26.700752,0
              93.418947,26.696088,0
              93.441625,26.695631,0
              93.469275,26.708298,0
              93.501104,26.708446,0
              93.523873,26.704339,0
              93.538264,26.697932,0
              93.559703,26.686349,0
              93.563217,26.674735,0
              93.604827,26.665368,0
              93.638705,26.656985,0
              93.654921,26.659898,0
              93.67013,26.663555,0
              93.665016,26.677788,0
              93.652422,26.711986,0
              93.647928,26.73788,0
              93.667946,26.7483,0
              93.68622,26.744264,0
              93.701097,26.755637,0
              93.711874,26.765485,0
              93.743156,26.749323,0
              93.753663,26.754878,0
              93.767569,26.75549,0
              93.779443,26.758156,0
              93.787992,26.761673,0
              93.791983,26.769831,0
              93.763524,26.784614,0
              93.770005,26.791246,0
              93.770832,26.796678,0
              93.7777,26.798622,0
              93.786688,26.804673,0
              93.786698,26.804673,0
              93.786257,26.805611,0
              93.785826,26.806548,0
              93.779309,26.825259,0
              93.760055,26.837268,0
              93.741412,26.852175,0
              93.746203,26.872273,0
              93.742239,26.898553,0
              93.72321,26.918589,0
              93.696189,26.935224,0
              93.696063,26.935332,0
            </coordinates>
          </LinearRing>
        </outerBoundaryIs>
      </Polygon>
    </Placemark>
    <Placemark>
      <name>Dhemaji</name>
      <styleUrl>#poly-FFFFFF-2000-64-nodesc</styleUrl>
      <Polygon>
        <outerBoundaryIs>
          <LinearRing>
            <tessellate>1</tessellate>
            <coordinates>
              95.512192,27.799684,0
              95.512146,27.799614,0
              95.38063,27.760581,0
              95.331497,27.781221,0
              95.306005,27.786389,0
              95.240791,27.769413,0
              95.073006,27.717782,0
              95.045096,27.70661,0
              95.009113,27.694414,0
              94.985185,27.692253,0
              94.902398,27.670172,0
              94.857714,27.660704,0
              94.8606,27.659015,0
              94.850433,27.653103,0
              94.84548,27.63261,0
              94.824141,27.620942,0
              94.80433,27.619431,0
              94.791665,27.617952,0
              94.773507,27.606462,0
              94.760464,27.597102,0
              94.745102,27.587952,0
              94.726414,27.590772,0
              94.71561,27.588835,0
              94.703313,27.586612,0
              94.682486,27.587627,0
              94.682215,27.575625,0
              94.666826,27.574083,0
              94.64563,27.565902,0
              94.627958,27.552723,0
              94.611104,27.550042,0
              94.596848,27.546129,0
              94.582403,27.543883,0
              94.566367,27.530967,0
              94.550735,27.528457,0
              94.532398,27.521801,0
              94.518474,27.515657,0
              94.504685,27.508111,0
              94.486681,27.501293,0
              94.473045,27.498512,0
              94.456937,27.483775,0
              94.452416,27.491182,0
              94.428226,27.520384,0
              94.409296,27.519694,0
              94.382986,27.512891,0
              94.359426,27.505322,0
              94.336145,27.507104,0
              94.312513,27.514743,0
              94.288954,27.523847,0
              94.272396,27.522127,0
              94.256693,27.545789,0
              94.254787,27.560812,0
              94.234553,27.565228,0
              94.215335,27.545215,0
              94.21511,27.524126,0
              94.219397,27.51527,0
              94.227532,27.498248,0
              94.252404,27.48665,0
              94.256215,27.461586,0
              94.25715,27.450413,0
              94.260602,27.448639,0
              94.277303,27.43195,0
              94.275883,27.404918,0
              94.283038,27.385572,0
              94.304252,27.365025,0
              94.303434,27.343393,0
              94.296269,27.321428,0
              94.278256,27.318368,0
              94.262112,27.331531,0
              94.244368,27.323535,0
              94.24746,27.316508,0
              94.262561,27.302136,0
              94.277573,27.292319,0
              94.293798,27.286547,0
              94.29813,27.281519,0
              94.320431,27.284122,0
              94.337447,27.278521,0
              94.353573,27.274639,0
              94.400279,27.26593,0
              94.429025,27.265752,0
              94.444819,27.273818,0
              94.471929,27.279435,0
              94.496046,27.281573,0
              94.515058,27.269495,0
              94.524208,27.243811,0
              94.533566,27.239278,0
              94.556883,27.256316,0
              94.575328,27.238271,0
              94.595256,27.219103,0
              94.60402,27.232119,0
              94.608955,27.255688,0
              94.619094,27.267124,0
              94.637225,27.263025,0
              94.65442,27.281465,0
              94.660973,27.304693,0
              94.681881,27.317136,0
              94.684866,27.3444,0
              94.718609,27.360283,0
              94.736075,27.371301,0
              94.749675,27.386238,0
              94.764587,27.409342,0
              94.789262,27.413913,0
              94.808893,27.431493,0
              94.813765,27.44609,0
              94.842305,27.467273,0
              94.870763,27.491647,0
              94.894404,27.513999,0
              94.926198,27.533733,0
              94.948876,27.546718,0
              94.979789,27.577128,0
              95.02476,27.586147,0
              95.046504,27.590625,0
              95.09267,27.588766,0
              95.117776,27.607446,0
              95.156509,27.619369,0
              95.191053,27.630828,0
              95.200347,27.621733,0
              95.190559,27.598946,0
              95.210154,27.583993,0
              95.236869,27.582521,0
              95.272564,27.609956,0
              95.278901,27.617611,0
              95.309068,27.622662,0
              95.325544,27.625235,0
              95.365077,27.640234,0
              95.397104,27.651972,0
              95.415675,27.664221,0
              95.450066,27.694624,0
              95.45732,27.707353,0
              95.463217,27.728846,0
              95.472997,27.742924,0
              95.474174,27.753499,0
              95.48239,27.767228,0
              95.493869,27.778773,0
              95.515748,27.78191,0
              95.512242,27.799552,0
              95.512192,27.799684,0
            </coordinates>
          </LinearRing>
        </outerBoundaryIs>
      </Polygon>
    </Placemark>
    <Placemark>
      <name>Tamulpur</name>
      <styleUrl>#poly-FFFFFF-2000-64-nodesc</styleUrl>
      <Polygon>
        <outerBoundaryIs>
          <LinearRing>
            <tessellate>1</tessellate>
            <coordinates>
              91.408299,26.783653,0
              91.420515,26.758582,0
              91.436677,26.737818,0
              91.468947,26.703115,0
              91.46972,26.673418,0
              91.478061,26.644278,0
              91.496632,26.623096,0
              91.505028,26.596265,0
              91.501423,26.568714,0
              91.499194,26.545742,0
              91.506709,26.52817,0
              91.527985,26.520631,0
              91.527985,26.520639,0
              91.5243,26.525358,0
              91.527545,26.529053,0
              91.540192,26.52896,0
              91.545316,26.531246,0
              91.552282,26.533562,0
              91.567338,26.531269,0
              91.58288,26.529131,0
              91.591096,26.518911,0
              91.595159,26.506732,0
              91.598035,26.492406,0
              91.614772,26.480188,0
              91.633074,26.466831,0
              91.642485,26.453597,0
              91.649793,26.437327,0
              91.662665,26.423854,0
              91.697937,26.415254,0
              91.720373,26.42335,0
              91.731915,26.441472,0
              91.747439,26.452242,0
              91.779511,26.448437,0
              91.779511,26.448445,0
              91.78005,26.463879,0
              91.782828,26.473385,0
              91.783376,26.480196,0
              91.780454,26.486588,0
              91.778144,26.500844,0
              91.757461,26.527984,0
              91.743546,26.543914,0
              91.738773,26.553676,0
              91.738953,26.564468,0
              91.736176,26.577345,0
              91.745659,26.58751,0
              91.742944,26.594173,0
              91.732616,26.612551,0
              91.740517,26.62446,0
              91.738845,26.649686,0
              91.729236,26.681499,0
              91.711196,26.729868,0
              91.70147,26.756792,0
              91.688912,26.75236,0
              91.625577,26.765919,0
              91.599465,26.75401,0
              91.585154,26.749478,0
              91.525064,26.741389,0
              91.494583,26.73702,0
              91.461315,26.749315,0
              91.433432,26.765764,0
              91.408299,26.783653,0
            </coordinates>
          </LinearRing>
        </outerBoundaryIs>
      </Polygon>
    </Placemark>
    <Placemark>
      <name>Bongaigaon</name>
      <styleUrl>#poly-FFFFFF-2000-64-nodesc</styleUrl>
      <Polygon>
        <outerBoundaryIs>
          <LinearRing>
            <tessellate>1</tessellate>
            <coordinates>
              90.64993,26.479491,0
              90.633103,26.475415,0
              90.623575,26.461802,0
              90.624366,26.43883,0
              90.597921,26.456224,0
              90.56379,26.462732,0
              90.563988,26.429556,0
              90.551979,26.401424,0
              90.538594,26.379157,0
              90.52601,26.397116,0
              90.496985,26.408815,0
              90.471798,26.398247,0
              90.461228,26.378018,0
              90.460158,26.359237,0
              90.444392,26.36676,0
              90.438782,26.358486,0
              90.44183,26.343726,0
              90.444688,26.326681,0
              90.449515,26.311999,0
              90.45676,26.311534,0
              90.456571,26.300013,0
              90.454459,26.295961,0
              90.470918,26.290057,0
              90.471268,26.276204,0
              90.47676,26.247188,0
              90.467942,26.239239,0
              90.456383,26.241796,0
              90.473174,26.230562,0
              90.448095,26.230531,0
              90.449893,26.208945,0
              90.430243,26.215771,0
              90.430522,26.203925,0
              90.394755,26.181216,0
              90.377263,26.166232,0
              90.364966,26.139037,0
              90.347177,26.136945,0
              90.36031,26.122,0
              90.399322,26.109983,0
              90.426027,26.105977,0
              90.454774,26.107984,0
              90.479412,26.122,0
              90.518423,26.136023,0
              90.541021,26.14804,0
              90.571826,26.150039,0
              90.600572,26.160057,0
              90.621103,26.18409,0
              90.64575,26.186089,0
              90.658667,26.188026,0
              90.652303,26.197029,0
              90.65989,26.208209,0
              90.671162,26.213974,0
              90.701517,26.2155,0
              90.716034,26.223046,0
              90.728097,26.216794,0
              90.732438,26.22496,0
              90.721715,26.227315,0
              90.718254,26.236566,0
              90.727117,26.250288,0
              90.745877,26.260825,0
              90.756016,26.269688,0
              90.766389,26.265551,0
              90.783001,26.26153,0
              90.794956,26.26397,0
              90.803468,26.270308,0
              90.799028,26.279628,0
              90.789437,26.285215,0
              90.804187,26.300579,0
              90.80754,26.312007,0
              90.819127,26.322706,0
              90.831082,26.318313,0
              90.84274,26.315725,0
              90.857212,26.318476,0
              90.860161,26.330222,0
              90.846659,26.34681,0
              90.843981,26.357695,0
              90.848898,26.367946,0
              90.857716,26.384998,0
              90.85217,26.395125,0
              90.841563,26.399092,0
              90.828691,26.387478,0
              90.817104,26.387416,0
              90.79358,26.383767,0
              90.786219,26.394373,0
              90.795657,26.399479,0
              90.810183,26.39404,0
              90.824853,26.403973,0
              90.818677,26.415285,0
              90.816718,26.430447,0
              90.803729,26.432655,0
              90.80372,26.432647,0
              90.774785,26.43694,0
              90.753167,26.428223,0
              90.731306,26.437645,0
              90.702739,26.439527,0
              90.684879,26.463592,0
              90.65589,26.478638,0
              90.64993,26.479491,0
            </coordinates>
          </LinearRing>
        </outerBoundaryIs>
      </Polygon>
    </Placemark>
    <Placemark>
      <name>Bajali</name>
      <styleUrl>#poly-FFFFFF-2000-64-nodesc</styleUrl>
      <Polygon>
        <outerBoundaryIs>
          <LinearRing>
            <tessellate>1</tessellate>
            <coordinates>
              91.141781,26.612141,0
              91.138598,26.611366,0
              91.135237,26.60158,0
              91.126122,26.597482,0
              91.133097,26.589486,0
              91.139479,26.579832,0
              91.147021,26.572193,0
              91.13654,26.567908,0
              91.137511,26.556674,0
              91.137897,26.541907,0
              91.147992,26.52662,0
              91.142356,26.507414,0
              91.136154,26.496884,0
              91.119263,26.495126,0
              91.104738,26.472649,0
              91.090158,26.474943,0
              91.08587,26.492763,0
              91.056971,26.496768,0
              91.033375,26.487223,0
              91.036063,26.476484,0
              91.037969,26.465359,0
              91.027766,26.453869,0
              91.033366,26.449708,0
              91.040521,26.442782,0
              91.041519,26.431222,0
              91.041133,26.413596,0
              91.0464,26.398573,0
              91.041933,26.380652,0
              91.040962,26.37856,0
              91.053277,26.361251,0
              91.073304,26.35651,0
              91.100153,26.35627,0
              91.115461,26.364947,0
              91.120684,26.382759,0
              91.125475,26.399239,0
              91.147039,26.396171,0
              91.168073,26.395233,0
              91.184486,26.395295,0
              91.195417,26.380908,0
              91.202006,26.366683,0
              91.209601,26.360074,0
              91.230087,26.357726,0
              91.238518,26.359338,0
              91.232388,26.379482,0
              91.237269,26.40374,0
              91.251534,26.422575,0
              91.265916,26.445059,0
              91.247094,26.463205,0
              91.245521,26.481017,0
              91.244873,26.48885,0
              91.243219,26.502494,0
              91.243219,26.502502,0
              91.238437,26.513472,0
              91.248163,26.520097,0
              91.26117,26.527116,0
              91.278563,26.542372,0
              91.290599,26.548601,0
              91.290294,26.557108,0
              91.269341,26.558293,0
              91.250285,26.55772,0
              91.231363,26.560509,0
              91.22001,26.559649,0
              91.211228,26.552676,0
              91.213772,26.544425,0
              91.200217,26.547803,0
              91.199767,26.559401,0
              91.189044,26.560137,0
              91.173799,26.571635,0
              91.166275,26.582761,0
              91.157286,26.593685,0
              91.150392,26.60791,0
              91.141781,26.612141,0
            </coordinates>
          </LinearRing>
        </outerBoundaryIs>
      </Polygon>
    </Placemark>
    <Placemark>
      <name>Nalbari</name>
      <styleUrl>#poly-FFFFFF-2000-64-nodesc</styleUrl>
      <Polygon>
        <outerBoundaryIs>
          <LinearRing>
            <tessellate>1</tessellate>
            <coordinates>
              91.556111,26.533725,0
              91.552282,26.533562,0
              91.545316,26.531246,0
              91.540192,26.52896,0
              91.527545,26.529053,0
              91.5243,26.525358,0
              91.527985,26.520639,0
              91.52688,26.512798,0
              91.525639,26.502083,0
              91.521846,26.494645,0
              91.512767,26.489694,0
              91.497217,26.491903,0
              91.489846,26.502494,0
              91.485235,26.512132,0
              91.457594,26.511442,0
              91.448542,26.506468,0
              91.453396,26.498907,0
              91.445054,26.492662,0
              91.424137,26.487579,0
              91.395319,26.4829,0
              91.374034,26.480079,0
              91.354294,26.472905,0
              91.345971,26.463437,0
              91.340712,26.455341,0
              91.329305,26.445617,0
              91.304811,26.446322,0
              91.297701,26.452947,0
              91.298321,26.461795,0
              91.303462,26.469829,0
              91.309512,26.487719,0
              91.304128,26.503214,0
              91.290303,26.500929,0
              91.278842,26.498705,0
              91.254851,26.499185,0
              91.243228,26.502502,0
              91.243219,26.502494,0
              91.244873,26.48885,0
              91.245521,26.481017,0
              91.247094,26.463205,0
              91.265916,26.445059,0
              91.251534,26.422575,0
              91.237269,26.40374,0
              91.232388,26.379482,0
              91.238518,26.359338,0
              91.234743,26.347724,0
              91.24135,26.335661,0
              91.250707,26.324326,0
              91.275175,26.328649,0
              91.270743,26.318809,0
              91.275588,26.303972,0
              91.2665,26.293667,0
              91.263525,26.275181,0
              91.258339,26.265853,0
              91.252028,26.254766,0
              91.255543,26.244841,0
              91.228334,26.239712,0
              91.216424,26.226238,0
              91.228208,26.22207,0
              91.230905,26.205552,0
              91.21521,26.181735,0
              91.235606,26.172244,0
              91.246806,26.15891,0
              91.233574,26.144058,0
              91.234464,26.13648,0
              91.254375,26.125564,0
              91.296712,26.120249,0
              91.316388,26.123154,0
              91.333701,26.126764,0
              91.351499,26.126904,0
              91.366816,26.120489,0
              91.392434,26.101538,0
              91.412776,26.099446,0
              91.417971,26.144631,0
              91.411715,26.164233,0
              91.419742,26.177148,0
              91.425468,26.19696,0
              91.422403,26.203902,0
              91.410007,26.212323,0
              91.418214,26.224759,0
              91.438178,26.220389,0
              91.450259,26.233219,0
              91.450807,26.26624,0
              91.450457,26.273554,0
              91.475536,26.276421,0
              91.496246,26.281465,0
              91.510637,26.285633,0
              91.530044,26.291064,0
              91.520327,26.296681,0
              91.526161,26.319584,0
              91.530826,26.330586,0
              91.529136,26.340937,0
              91.537235,26.354449,0
              91.540309,26.368527,0
              91.553082,26.371099,0
              91.56164,26.381992,0
              91.560004,26.397604,0
              91.552066,26.419461,0
              91.560273,26.437869,0
              91.555482,26.467621,0
              91.568714,26.475748,0
              91.581172,26.489555,0
              91.584309,26.503462,0
              91.595159,26.506732,0
              91.591096,26.518911,0
              91.58288,26.529131,0
              91.567338,26.531269,0
              91.556111,26.533725,0
            </coordinates>
          </LinearRing>
        </outerBoundaryIs>
      </Polygon>
    </Placemark>
    <Placemark>
      <name>Kamrup</name>
      <styleUrl>#poly-FFFFFF-2000-64-nodesc</styleUrl>
      <Polygon>
        <outerBoundaryIs>
          <LinearRing>
            <tessellate>1</tessellate>
            <coordinates>
              91.588148,26.507398,0
              91.584309,26.503462,0
              91.581172,26.489555,0
              91.568714,26.475748,0
              91.555482,26.467621,0
              91.560273,26.437869,0
              91.552066,26.419461,0
              91.560004,26.397604,0
              91.56164,26.381992,0
              91.553082,26.371099,0
              91.540309,26.368527,0
              91.537235,26.354449,0
              91.529136,26.340937,0
              91.530826,26.330586,0
              91.526161,26.319584,0
              91.520327,26.296681,0
              91.530044,26.291064,0
              91.510637,26.285633,0
              91.496246,26.281465,0
              91.475536,26.276421,0
              91.450457,26.273554,0
              91.450807,26.26624,0
              91.450259,26.233219,0
              91.438178,26.220389,0
              91.418214,26.224759,0
              91.410007,26.212323,0
              91.422403,26.203902,0
              91.425468,26.19696,0
              91.419742,26.177148,0
              91.411715,26.164233,0
              91.417971,26.144631,0
              91.412776,26.099446,0
              91.392434,26.101538,0
              91.366816,26.120489,0
              91.351499,26.126904,0
              91.333701,26.126764,0
              91.316388,26.123154,0
              91.296712,26.120249,0
              91.254375,26.125564,0
              91.234464,26.13648,0
              91.233574,26.144058,0
              91.211866,26.140052,0
              91.173646,26.133869,0
              91.150823,26.124324,0
              91.138203,26.121279,0
              91.119605,26.117165,0
              91.108774,26.119567,0
              91.091353,26.12592,0
              91.07405,26.118815,0
              91.053681,26.099903,0
              91.048584,26.091473,0
              91.031586,26.084524,0
              91.021501,26.084601,0
              91.002687,26.092333,0
              90.989276,26.087607,0
              90.973123,26.07535,0
              90.95866,26.063287,0
              90.935981,26.057716,0
              90.949042,26.047605,0
              90.959892,26.041639,0
              90.985744,26.023084,0
              91.009555,26.017497,0
              91.031982,26.007325,0
              91.054912,26.009424,0
              91.069915,26.002513,0
              91.083164,25.996113,0
              91.094302,25.980711,0
              91.091084,25.967927,0
              91.08196,25.946907,0
              91.062949,25.926376,0
              91.051641,25.903248,0
              91.038697,25.882531,0
              91.029483,25.856785,0
              91.029357,25.8567,0
              91.024153,25.833046,0
              91.011443,25.814009,0
              91.004818,25.791525,0
              91.031272,25.801745,0
              91.054023,25.817829,0
              91.076881,25.819169,0
              91.058679,25.803263,0
              91.06596,25.794756,0
              91.120846,25.801683,0
              91.144387,25.815969,0
              91.170545,25.814815,0
              91.193233,25.825127,0
              91.200981,25.807989,0
              91.188684,25.785497,0
              91.184585,25.761626,0
              91.185826,25.738817,0
              91.189835,25.710816,0
              91.209574,25.699311,0
              91.233458,25.702488,0
              91.267121,25.720664,0
              91.28597,25.734672,0
              91.32331,25.791463,0
              91.340649,25.806819,0
              91.363598,25.810298,0
              91.396065,25.819332,0
              91.424416,25.822973,0
              91.446385,25.814056,0
              91.471527,25.827591,0
              91.497298,25.831945,0
              91.521891,25.843172,0
              91.525774,25.85897,0
              91.510448,25.838438,0
              91.480857,25.837431,0
              91.483149,25.859473,0
              91.500821,25.867074,0
              91.53097,25.89141,0
              91.521612,25.892425,0
              91.50181,25.887412,0
              91.519392,25.909222,0
              91.528498,25.928638,0
              91.551248,25.9416,0
              91.56528,25.967454,0
              91.569127,25.989845,0
              91.591527,25.990489,0
              91.610988,25.989032,0
              91.63337,25.983175,0
              91.627204,25.962643,0
              91.630916,25.938857,0
              91.630916,25.916141,0
              91.610853,25.908641,0
              91.642152,25.885847,0
              91.665532,25.876782,0
              91.684364,25.888597,0
              91.700427,25.909152,0
              91.720778,25.928948,0
              91.722261,25.985197,0
              91.725901,26.011563,0
              91.741677,26.028127,0
              91.771645,26.048062,0
              91.771699,26.048117,0
              91.771672,26.048194,0
              91.766486,26.067455,0
              91.745605,26.068377,0
              91.72689,26.072212,0
              91.704463,26.069594,0
              91.692004,26.061598,0
              91.686315,26.073003,0
              91.678018,26.06957,0
              91.661505,26.068625,0
              91.64946,26.07989,0
              91.63533,26.090846,0
              91.638503,26.108061,0
              91.631051,26.125912,0
              91.649775,26.135194,0
              91.64066,26.146273,0
              91.64351,26.150411,0
              91.666809,26.142245,0
              91.689137,26.142678,0
              91.712616,26.144608,0
              91.724427,26.151557,0
              91.738836,26.165085,0
              91.749461,26.169432,0
              91.764014,26.193179,0
              91.78396,26.211781,0
              91.787421,26.238317,0
              91.787996,26.266597,0
              91.798828,26.27357,0
              91.812823,26.283743,0
              91.819403,26.30491,0
              91.818486,26.332732,0
              91.803178,26.344896,0
              91.789605,26.364382,0
              91.773758,26.382093,0
              91.767789,26.406669,0
              91.772652,26.421103,0
              91.777452,26.444626,0
              91.779502,26.448437,0
              91.747439,26.452242,0
              91.731915,26.441472,0
              91.720373,26.42335,0
              91.697937,26.415254,0
              91.662665,26.423854,0
              91.649793,26.437327,0
              91.642485,26.453597,0
              91.633074,26.466831,0
              91.614772,26.480188,0
              91.598035,26.492406,0
              91.595159,26.506732,0
              91.588148,26.507398,0
            </coordinates>
          </LinearRing>
        </outerBoundaryIs>
      </Polygon>
    </Placemark>
    <Placemark>
      <name>Baksa</name>
      <styleUrl>#poly-FFFFFF-2000-64-nodesc</styleUrl>
      <Polygon>
        <outerBoundaryIs>
          <LinearRing>
            <tessellate>1</tessellate>
            <coordinates>
              91.40829,26.783661,0
              91.399149,26.772845,0
              91.375544,26.741072,0
              91.336685,26.727017,0
              91.295795,26.733448,0
              91.274123,26.746867,0
              91.234896,26.757357,0
              91.172981,26.757474,0
              91.134086,26.758861,0
              91.097448,26.766926,0
              91.06916,26.740591,0
              91.054939,26.728404,0
              91.036881,26.729698,0
              90.991038,26.736276,0
              90.957105,26.727389,0
              90.959047,26.730178,0
              90.941779,26.721129,0
              90.929536,26.695057,0
              90.912736,26.665484,0
              90.90168,26.640885,0
              90.893392,26.617409,0
              90.899756,26.599806,0
              90.878426,26.570543,0
              90.854156,26.548647,0
              90.846444,26.523568,0
              90.854165,26.521786,0
              90.869212,26.520546,0
              90.878219,26.525396,0
              90.887064,26.526574,0
              90.896682,26.527271,0
              90.911451,26.525381,0
              90.912916,26.536189,0
              90.918094,26.535809,0
              90.919154,26.528154,0
              90.919873,26.519152,0
              90.923954,26.514185,0
              90.920305,26.507878,0
              90.92888,26.504043,0
              90.936224,26.498318,0
              90.941644,26.492081,0
              90.948952,26.499875,0
              90.970786,26.506716,0
              90.978436,26.512318,0
              90.976836,26.527883,0
              90.968934,26.540117,0
              90.976305,26.543441,0
              90.991299,26.543487,0
              91.001501,26.549143,0
              91.003703,26.558735,0
              91.0048,26.568466,0
              91.014759,26.568094,0
              91.024081,26.55335,0
              91.021016,26.538273,0
              91.011128,26.522568,0
              91.012908,26.501277,0
              91.00462,26.486998,0
              91.002912,26.451885,0
              90.972125,26.445292,0
              90.97973,26.434755,0
              90.974472,26.424264,0
              90.983883,26.419577,0
              90.988961,26.410295,0
              90.999272,26.403012,0
              90.998562,26.391352,0
              91.000755,26.383147,0
              91.012674,26.371432,0
              91.022715,26.360531,0
              91.031353,26.360546,0
              91.040962,26.37856,0
              91.041933,26.380652,0
              91.0464,26.398573,0
              91.041133,26.413596,0
              91.041519,26.431222,0
              91.040521,26.442782,0
              91.033366,26.449708,0
              91.027766,26.453869,0
              91.037969,26.465359,0
              91.036063,26.476484,0
              91.033375,26.487223,0
              91.056971,26.496768,0
              91.08587,26.492763,0
              91.090158,26.474943,0
              91.104738,26.472649,0
              91.119263,26.495126,0
              91.136154,26.496884,0
              91.142356,26.507414,0
              91.147992,26.52662,0
              91.137897,26.541907,0
              91.137511,26.556674,0
              91.13654,26.567908,0
              91.147021,26.572193,0
              91.139479,26.579832,0
              91.133097,26.589486,0
              91.126122,26.597482,0
              91.135237,26.60158,0
              91.138598,26.611366,0
              91.150392,26.60791,0
              91.157286,26.593685,0
              91.166275,26.582761,0
              91.173799,26.571635,0
              91.189044,26.560137,0
              91.199767,26.559401,0
              91.200217,26.547803,0
              91.213772,26.544425,0
              91.211228,26.552676,0
              91.22001,26.559649,0
              91.231363,26.560509,0
              91.250285,26.55772,0
              91.269341,26.558293,0
              91.290294,26.557108,0
              91.290599,26.548601,0
              91.278563,26.542372,0
              91.26117,26.527116,0
              91.248163,26.520097,0
              91.238437,26.513472,0
              91.243219,26.502502,0
              91.254851,26.499185,0
              91.278842,26.498705,0
              91.290303,26.500929,0
              91.304128,26.503214,0
              91.309512,26.487719,0
              91.303462,26.469829,0
              91.298321,26.461795,0
              91.297701,26.452947,0
              91.304811,26.446322,0
              91.329305,26.445617,0
              91.340712,26.455341,0
              91.345971,26.463437,0
              91.354294,26.472905,0
              91.374034,26.480079,0
              91.395319,26.4829,0
              91.424137,26.487579,0
              91.445054,26.492662,0
              91.453396,26.498907,0
              91.448542,26.506468,0
              91.457594,26.511442,0
              91.485235,26.512132,0
              91.489846,26.502494,0
              91.497217,26.491903,0
              91.512767,26.489694,0
              91.521846,26.494645,0
              91.525639,26.502083,0
              91.52688,26.512798,0
              91.527985,26.520631,0
              91.506709,26.52817,0
              91.499194,26.545742,0
              91.501423,26.568714,0
              91.505028,26.596265,0
              91.496632,26.623096,0
              91.478061,26.644278,0
              91.46972,26.673418,0
              91.468947,26.703115,0
              91.436677,26.737818,0
              91.420515,26.758582,0
              91.408299,26.783653,0
              91.408299,26.783661,0
              91.40829,26.783661,0
            </coordinates>
          </LinearRing>
        </outerBoundaryIs>
      </Polygon>
    </Placemark>
    <Placemark>
      <name>Chirang</name>
      <styleUrl>#poly-FFFFFF-2000-64-nodesc</styleUrl>
      <Polygon>
        <outerBoundaryIs>
          <LinearRing>
            <tessellate>1</tessellate>
            <coordinates>
              90.41703,26.847534,0
              90.357245,26.843986,0
              90.348409,26.819146,0
              90.338018,26.813064,0
              90.337685,26.812878,0
              90.342737,26.767987,0
              90.344517,26.722461,0
              90.344759,26.676904,0
              90.337434,26.635136,0
              90.351959,26.596939,0
              90.360247,26.577268,0
              90.36262,26.530665,0
              90.370216,26.497334,0
              90.388868,26.477957,0
              90.397632,26.444757,0
              90.403034,26.39896,0
              90.426333,26.384262,0
              90.438782,26.358486,0
              90.444392,26.36676,0
              90.460158,26.359237,0
              90.461228,26.378018,0
              90.471798,26.398247,0
              90.496985,26.408815,0
              90.52601,26.397116,0
              90.538594,26.379157,0
              90.551979,26.401424,0
              90.563988,26.429556,0
              90.56379,26.462732,0
              90.597921,26.456224,0
              90.624366,26.43883,0
              90.623575,26.461802,0
              90.633103,26.475415,0
              90.65589,26.478638,0
              90.684879,26.463592,0
              90.702739,26.439527,0
              90.731306,26.437645,0
              90.753167,26.428223,0
              90.774785,26.43694,0
              90.80372,26.432647,0
              90.803729,26.432655,0
              90.80372,26.432655,0
              90.802884,26.447074,0
              90.805895,26.452552,0
              90.822075,26.447074,0
              90.837005,26.457611,0
              90.850597,26.453094,0
              90.850354,26.469403,0
              90.852179,26.482621,0
              90.842525,26.488137,0
              90.829302,26.493111,0
              90.828214,26.507383,0
              90.817023,26.518121,0
              90.82808,26.526636,0
              90.846435,26.523552,0
              90.854156,26.548647,0
              90.878426,26.570543,0
              90.899756,26.599806,0
              90.893392,26.617409,0
              90.90168,26.640885,0
              90.912736,26.665484,0
              90.929536,26.695057,0
              90.941779,26.721129,0
              90.959056,26.730178,0
              90.959056,26.730186,0
              90.93946,26.732131,0
              90.808169,26.722167,0
              90.740861,26.720796,0
              90.704501,26.715636,0
              90.684582,26.723546,0
              90.663881,26.72687,0
              90.643746,26.726242,0
              90.626694,26.741056,0
              90.557525,26.758186,0
              90.512104,26.784614,0
              90.41703,26.847534,0
            </coordinates>
          </LinearRing>
        </outerBoundaryIs>
      </Polygon>
    </Placemark>
    <Placemark>
      <name>Goalpara</name>
      <styleUrl>#poly-FFFFFF-2000-64-nodesc</styleUrl>
      <Polygon>
        <outerBoundaryIs>
          <LinearRing>
            <tessellate>1</tessellate>
            <coordinates>
              90.658667,26.188026,0
              90.64575,26.186089,0
              90.621103,26.18409,0
              90.600572,26.160057,0
              90.571826,26.150039,0
              90.541021,26.14804,0
              90.518423,26.136023,0
              90.479412,26.122,0
              90.454774,26.107984,0
              90.426027,26.105977,0
              90.399322,26.109983,0
              90.36031,26.122,0
              90.347177,26.136945,0
              90.326009,26.138278,0
              90.288984,26.146622,0
              90.246583,26.134528,0
              90.231213,26.101127,0
              90.208714,26.091915,0
              90.186026,26.079697,0
              90.158367,26.04728,0
              90.15505,26.041973,0
              90.173378,26.02977,0
              90.170664,26.015436,0
              90.180075,26.002738,0
              90.185262,25.987304,0
              90.175617,25.97817,0
              90.179248,25.975326,0
              90.177064,25.957987,0
              90.151626,25.9481,0
              90.135859,25.939074,0
              90.12261,25.935642,0
              90.119706,25.92791,0
              90.122556,25.924663,0
              90.148947,25.931466,0
              90.173909,25.925794,0
              90.190403,25.920309,0
              90.213792,25.920813,0
              90.265918,25.928003,0
              90.323258,25.940593,0
              90.339123,25.959792,0
              90.3724,25.976504,0
              90.39969,25.976264,0
              90.418072,25.958327,0
              90.454567,25.964394,0
              90.477848,25.980641,0
              90.505138,25.96303,0
              90.532401,25.92715,0
              90.532949,25.900033,0
              90.517165,25.875062,0
              90.528122,25.871374,0
              90.550253,25.891572,0
              90.573498,25.912027,0
              90.590981,25.91986,0
              90.619449,25.909075,0
              90.612339,25.890705,0
              90.61508,25.868089,0
              90.627925,25.88322,0
              90.665391,25.900552,0
              90.687809,25.91783,0
              90.719728,25.919232,0
              90.744456,25.923912,0
              90.74309,25.903504,0
              90.745337,25.888442,0
              90.759585,25.889388,0
              90.778299,25.876712,0
              90.792861,25.903644,0
              90.813994,25.918109,0
              90.836763,25.910423,0
              90.858794,25.911446,0
              90.880934,25.914638,0
              90.897329,25.90307,0
              90.915586,25.884669,0
              90.916332,25.902652,0
              90.936754,25.910919,0
              90.958148,25.901552,0
              90.967505,25.855925,0
              91.000153,25.856142,0
              91.029366,25.85694,0
              91.029357,25.856692,0
              91.029483,25.856785,0
              91.038697,25.882531,0
              91.051641,25.903248,0
              91.062949,25.926376,0
              91.08196,25.946907,0
              91.091084,25.967927,0
              91.094302,25.980711,0
              91.083164,25.996113,0
              91.069915,26.002513,0
              91.054912,26.009424,0
              91.031982,26.007325,0
              91.009555,26.017497,0
              90.985744,26.023084,0
              90.959892,26.041639,0
              90.949042,26.047605,0
              90.935972,26.057732,0
              90.933015,26.061482,0
              90.923154,26.056035,0
              90.908925,26.054245,0
              90.887172,26.058607,0
              90.869266,26.061195,0
              90.861797,26.072716,0
              90.849895,26.079193,0
              90.839423,26.075149,0
              90.829392,26.078868,0
              90.812825,26.084291,0
              90.778434,26.09668,0
              90.744394,26.099794,0
              90.727962,26.097788,0
              90.717787,26.095401,0
              90.71225,26.101491,0
              90.706658,26.10965,0
              90.691863,26.115306,0
              90.678272,26.141594,0
              90.667162,26.169238,0
              90.663512,26.177791,0
              90.658667,26.188026,0
            </coordinates>
          </LinearRing>
        </outerBoundaryIs>
      </Polygon>
    </Placemark>
    <Placemark>
      <name>Dhubri</name>
      <styleUrl>#poly-FFFFFF-2000-64-nodesc</styleUrl>
      <Polygon>
        <outerBoundaryIs>
          <LinearRing>
            <tessellate>1</tessellate>
            <coordinates>
              90.221523,26.340991,0
              90.215581,26.33821,0
              90.206916,26.321164,0
              90.189621,26.304948,0
              90.168821,26.301493,0
              90.145459,26.308241,0
              90.098142,26.282224,0
              90.102448,26.261824,0
              90.1291,26.255184,0
              90.148434,26.246538,0
              90.145918,26.227695,0
              90.124389,26.218994,0
              90.121342,26.199346,0
              90.118708,26.172019,0
              90.099239,26.152278,0
              90.067715,26.130452,0
              90.059427,26.106814,0
              90.045926,26.092031,0
              90.010519,26.098841,0
              89.98251,26.092062,0
              89.960226,26.082098,0
              89.923435,26.07831,0
              89.89912,26.082261,0
              89.874509,26.10872,0
              89.872738,26.132366,0
              89.875498,26.15196,0
              89.880612,26.177404,0
              89.886302,26.217421,0
              89.888271,26.244678,0
              89.890995,26.271121,0
              89.865466,26.284804,0
              89.842796,26.297355,0
              89.811354,26.311178,0
              89.811345,26.311178,0
              89.797735,26.289987,0
              89.782356,26.290615,0
              89.767461,26.278908,0
              89.752917,26.279512,0
              89.757403,26.255843,0
              89.746787,26.250133,0
              89.736432,26.251992,0
              89.722274,26.260569,0
              89.719011,26.262909,0
              89.724683,26.245391,0
              89.738104,26.23081,0
              89.72969,26.218529,0
              89.712746,26.227501,0
              89.703371,26.222465,0
              89.717888,26.213981,0
              89.727991,26.200632,0
              89.712827,26.18619,0
              89.7,26.178636,0
              89.71671,26.175397,0
              89.731973,26.17054,0
              89.713834,26.164194,0
              89.718463,26.154881,0
              89.701124,26.151093,0
              89.704243,26.142911,0
              89.718697,26.138448,0
              89.734247,26.134288,0
              89.720486,26.128159,0
              89.720504,26.126865,0
              89.731416,26.120094,0
              89.755218,26.10858,0
              89.76623,26.095719,0
              89.762257,26.070577,0
              89.780459,26.067192,0
              89.783308,26.062683,0
              89.783533,26.052277,0
              89.789295,26.045451,0
              89.793079,26.043267,0
              89.796441,26.03634,0
              89.799713,26.028352,0
              89.785807,26.017854,0
              89.775551,26.004442,0
              89.789628,26.004435,0
              89.799246,26.004744,0
              89.801412,26.000173,0
              89.806257,26.008518,0
              89.820288,25.991287,0
              89.823183,25.975574,0
              89.817619,25.962736,0
              89.832486,25.947333,0
              89.837691,25.957382,0
              89.843309,25.973769,0
              89.864343,25.95027,0
              89.873601,25.943165,0
              89.845871,25.938168,0
              89.846374,25.920611,0
              89.837664,25.92041,0
              89.833214,25.908486,0
              89.851498,25.905209,0
              89.879848,25.910609,0
              89.88295,25.903287,0
              89.86188,25.875697,0
              89.86188,25.875689,0
              89.861889,25.875689,0
              89.877376,25.863533,0
              89.8993,25.875178,0
              89.914123,25.887606,0
              89.931615,25.897926,0
              89.961494,25.915901,0
              89.995481,25.947504,0
              90.024083,25.96451,0
              90.033324,25.976473,0
              90.046151,25.981679,0
              90.0554,25.995106,0
              90.079158,26.011803,0
              90.085944,26.024253,0
              90.10136,26.0351,0
              90.130646,26.039796,0
              90.15505,26.041973,0
              90.158367,26.04728,0
              90.186026,26.079697,0
              90.208714,26.091915,0
              90.231213,26.101127,0
              90.246583,26.134528,0
              90.288984,26.146622,0
              90.326009,26.138278,0
              90.364966,26.139037,0
              90.377263,26.166232,0
              90.394755,26.181216,0
              90.430522,26.203925,0
              90.430243,26.215771,0
              90.449893,26.208945,0
              90.448095,26.230531,0
              90.473174,26.230562,0
              90.456383,26.241796,0
              90.467942,26.239239,0
              90.47676,26.247188,0
              90.471268,26.276204,0
              90.470918,26.290057,0
              90.454459,26.295961,0
              90.454702,26.296217,0
              90.454666,26.296217,0
              90.420859,26.28984,0
              90.406504,26.267991,0
              90.401668,26.247754,0
              90.379178,26.226068,0
              90.335348,26.205009,0
              90.317119,26.192636,0
              90.294907,26.191916,0
              90.265811,26.198137,0
              90.268669,26.218258,0
              90.273262,26.233599,0
              90.266323,26.237666,0
              90.245828,26.24935,0
              90.236327,26.265923,0
              90.235078,26.283169,0
              90.217181,26.289182,0
              90.224813,26.306575,0
              90.227545,26.311263,0
              90.22501,26.329702,0
              90.221523,26.340991,0
            </coordinates>
          </LinearRing>
        </outerBoundaryIs>
      </Polygon>
    </Placemark>
    <Placemark>
      <name>Shivsagar</name>
      <styleUrl>#poly-FFFFFF-2000-64-nodesc</styleUrl>
      <Polygon>
        <outerBoundaryIs>
          <LinearRing>
            <tessellate>1</tessellate>
            <coordinates>
              94.744996,27.209449,0
              94.728915,27.207373,0
              94.719845,27.178466,0
              94.704204,27.19056,0
              94.699449,27.199323,0
              94.682407,27.186004,0
              94.652483,27.185144,0
              94.635566,27.170059,0
              94.617508,27.129918,0
              94.591682,27.086011,0
              94.591638,27.086019,0
              94.591638,27.086003,0
              94.578784,27.074808,0
              94.576042,27.061528,0
              94.564545,27.048411,0
              94.557849,27.041407,0
              94.548392,27.034752,0
              94.542127,27.016358,0
              94.530208,27.009959,0
              94.520752,27.001707,0
              94.507062,26.984631,0
              94.487682,26.976225,0
              94.474998,26.9706,0
              94.46796,26.95206,0
              94.4636,26.941453,0
              94.441299,26.928855,0
              94.41516,26.914219,0
              94.398036,26.903365,0
              94.412427,26.888133,0
              94.441237,26.883832,0
              94.470702,26.883445,0
              94.481147,26.864478,0
              94.478738,26.850308,0
              94.491079,26.831287,0
              94.494262,26.818798,0
              94.489839,26.794005,0
              94.486783,26.780578,0
              94.5053,26.767399,0
              94.520168,26.749408,0
              94.521003,26.740878,0
              94.516491,26.722601,0
              94.518963,26.717379,0
              94.526405,26.712474,0
              94.534495,26.709135,0
              94.543017,26.705362,0
              94.552473,26.703131,0
              94.559862,26.702069,0
              94.571521,26.698854,0
              94.580311,26.682235,0
              94.592006,26.677114,0
              94.59206,26.677207,0
              94.601418,26.686333,0
              94.607691,26.6827,0
              94.615341,26.67644,0
              94.62104,26.666809,0
              94.63402,26.669528,0
              94.655476,26.672132,0
              94.682326,26.679477,0
              94.69838,26.690703,0
              94.722173,26.707082,0
              94.736708,26.717673,0
              94.741005,26.726397,0
              94.74914,26.723043,0
              94.756313,26.7203,0
              94.762614,26.727846,0
              94.767153,26.737593,0
              94.778146,26.742939,0
              94.794776,26.750059,0
              94.801805,26.756815,0
              94.794156,26.762982,0
              94.8039,26.766143,0
              94.811306,26.773016,0
              94.81536,26.787109,0
              94.81839,26.79622,0
              94.824304,26.803937,0
              94.835846,26.817635,0
              94.835864,26.817643,0
              94.77456,26.881175,0
              94.817769,26.952153,0
              94.813203,27.007805,0
              94.8391,27.037309,0
              94.839091,27.037371,0
              94.839064,27.037309,0
              94.817284,27.041678,0
              94.813257,27.049914,0
              94.806147,27.059212,0
              94.777203,27.065185,0
              94.75669,27.084237,0
              94.757733,27.092976,0
              94.775549,27.111346,0
              94.771333,27.12561,0
              94.774946,27.143554,0
              94.765472,27.155594,0
              94.769841,27.169253,0
              94.766416,27.180418,0
              94.745733,27.200299,0
              94.745005,27.209449,0
              94.744996,27.209449,0
            </coordinates>
          </LinearRing>
        </outerBoundaryIs>
      </Polygon>
    </Placemark>
    <Placemark>
      <name>Jorhat</name>
      <styleUrl>#poly-FFFFFF-2000-64-nodesc</styleUrl>
      <Polygon>
        <outerBoundaryIs>
          <LinearRing>
            <tessellate>1</tessellate>
            <coordinates>
              94.398072,26.903365,0
              94.383618,26.892611,0
              94.366503,26.862278,0
              94.346144,26.858675,0
              94.32155,26.854058,0
              94.300346,26.8524,0
              94.280813,26.851478,0
              94.258557,26.845651,0
              94.242224,26.844853,0
              94.219896,26.845427,0
              94.202071,26.839662,0
              94.198466,26.828289,0
              94.164372,26.810887,0
              94.138124,26.807757,0
              94.113558,26.812932,0
              94.098798,26.804828,0
              94.086618,26.812359,0
              94.073378,26.809857,0
              94.055364,26.794051,0
              94.033773,26.787063,0
              94.008389,26.784413,0
              93.987022,26.767523,0
              93.977179,26.737918,0
              93.974339,26.728729,0
              93.977647,26.715589,0
              93.9978,26.714884,0
              94.000766,26.69694,0
              94.022124,26.697576,0
              94.032784,26.688216,0
              94.043229,26.688418,0
              94.044011,26.679678,0
              94.041881,26.664392,0
              94.042061,26.649996,0
              94.048937,26.638003,0
              94.049863,26.627102,0
              94.054097,26.619269,0
              94.063949,26.61744,0
              94.072443,26.615139,0
              94.084875,26.606276,0
              94.095437,26.594739,0
              94.088218,26.580987,0
              94.081863,26.571573,0
              94.081396,26.561028,0
              94.071409,26.546261,0
              94.076632,26.535375,0
              94.088686,26.533818,0
              94.100776,26.524792,0
              94.114403,26.511683,0
              94.113774,26.499627,0
              94.107473,26.480653,0
              94.10376,26.462244,0
              94.097369,26.44602,0
              94.102295,26.428061,0
              94.128479,26.403655,0
              94.116632,26.379366,0
              94.119329,26.352837,0
              94.131059,26.323256,0
              94.142592,26.311387,0
              94.165334,26.310155,0
              94.16537,26.310171,0
              94.165324,26.310163,0
              94.169217,26.322389,0
              94.173864,26.338698,0
              94.174161,26.358796,0
              94.172291,26.378049,0
              94.176866,26.39628,0
              94.189523,26.418035,0
              94.205757,26.435507,0
              94.219213,26.452095,0
              94.249856,26.481397,0
              94.272391,26.508754,0
              94.286449,26.511427,0
              94.282557,26.495374,0
              94.286089,26.473014,0
              94.289191,26.444517,0
              94.297874,26.424853,0
              94.314369,26.417493,0
              94.322099,26.433577,0
              94.339591,26.442759,0
              94.351088,26.455287,0
              94.359376,26.462833,0
              94.375276,26.470132,0
              94.386755,26.483892,0
              94.398342,26.489377,0
              94.404958,26.50433,0
              94.404958,26.512946,0
              94.411556,26.535647,0
              94.40565,26.559068,0
              94.418108,26.570512,0
              94.449767,26.58717,0
              94.459763,26.592183,0
              94.45819,26.610289,0
              94.482936,26.622453,0
              94.501551,26.627962,0
              94.515601,26.640815,0
              94.52504,26.649322,0
              94.549741,26.657179,0
              94.560473,26.646998,0
              94.57064,26.638855,0
              94.579224,26.652646,0
              94.592096,26.658891,0
              94.601966,26.665422,0
              94.592051,26.677106,0
              94.580348,26.682235,0
              94.571557,26.698854,0
              94.559898,26.702069,0
              94.552509,26.703131,0
              94.543053,26.705362,0
              94.534532,26.709135,0
              94.526441,26.712475,0
              94.518999,26.717379,0
              94.516527,26.722601,0
              94.521039,26.740878,0
              94.520204,26.749408,0
              94.505336,26.767399,0
              94.486819,26.780578,0
              94.489875,26.794005,0
              94.494298,26.818798,0
              94.491116,26.831287,0
              94.478774,26.850308,0
              94.481183,26.864479,0
              94.470738,26.883445,0
              94.441273,26.883833,0
              94.412463,26.888133,0
              94.398072,26.903365,0
            </coordinates>
          </LinearRing>
        </outerBoundaryIs>
      </Polygon>
    </Placemark>
    <Placemark>
      <name>Dibrugarh</name>
      <styleUrl>#poly-FFFFFF-2000-64-nodesc</styleUrl>
      <Polygon>
        <outerBoundaryIs>
          <LinearRing>
            <tessellate>1</tessellate>
            <coordinates>
              95.198473,27.633796,0
              95.191066,27.630828,0
              95.156522,27.619369,0
              95.117789,27.607445,0
              95.092684,27.588766,0
              95.046517,27.590625,0
              95.024773,27.586147,0
              94.979802,27.577128,0
              94.94889,27.546718,0
              94.92621,27.533733,0
              94.894417,27.513999,0
              94.870776,27.491647,0
              94.842318,27.467272,0
              94.813778,27.44609,0
              94.808906,27.431493,0
              94.789275,27.413913,0
              94.764601,27.409342,0
              94.749688,27.386238,0
              94.736088,27.3713,0
              94.718623,27.360283,0
              94.684878,27.3444,0
              94.681894,27.317136,0
              94.660986,27.304693,0
              94.654433,27.281465,0
              94.637238,27.263025,0
              94.619107,27.267124,0
              94.608968,27.255688,0
              94.604033,27.232119,0
              94.59526,27.219095,0
              94.58424,27.20439,0
              94.585498,27.186392,0
              94.575772,27.154114,0
              94.577201,27.134737,0
              94.569336,27.122759,0
              94.566478,27.11842,0
              94.566298,27.118498,0
              94.566469,27.118405,0
              94.575188,27.107473,0
              94.581192,27.099756,0
              94.586667,27.090706,0
              94.591656,27.086019,0
              94.591702,27.086011,0
              94.617527,27.129918,0
              94.635585,27.170059,0
              94.652502,27.185144,0
              94.682426,27.186004,0
              94.699469,27.199323,0
              94.704224,27.19056,0
              94.719865,27.178465,0
              94.728934,27.207372,0
              94.745788,27.200299,0
              94.766471,27.180418,0
              94.769896,27.169253,0
              94.765528,27.155594,0
              94.775002,27.143554,0
              94.771388,27.12561,0
              94.775604,27.111346,0
              94.757788,27.092976,0
              94.756746,27.084237,0
              94.777258,27.065185,0
              94.806202,27.059211,0
              94.813312,27.049914,0
              94.817339,27.041678,0
              94.839119,27.037308,0
              94.853942,27.06111,0
              94.885906,27.099756,0
              94.943974,27.150171,0
              94.966005,27.168029,0
              94.973206,27.131909,0
              94.981817,27.109781,0
              94.977952,27.093224,0
              94.994698,27.088405,0
              95.023399,27.085593,0
              95.043669,27.09465,0
              95.054923,27.081742,0
              95.074069,27.077837,0
              95.104361,27.075195,0
              95.11397,27.071306,0
              95.125988,27.074281,0
              95.134114,27.075389,0
              95.146942,27.065317,0
              95.160164,27.06558,0
              95.170348,27.080301,0
              95.177009,27.079898,0
              95.180731,27.09575,0
              95.197702,27.098973,0
              95.217396,27.102033,0
              95.234996,27.109084,0
              95.238394,27.125021,0
              95.254142,27.120768,0
              95.264057,27.129507,0
              95.292363,27.130964,0
              95.323464,27.125308,0
              95.344983,27.10865,0
              95.364884,27.078929,0
              95.369685,27.049968,0
              95.369685,27.04996,0
              95.368193,27.045397,0
              95.36937,27.04026,0
              95.382197,27.046017,0
              95.400903,27.054803,0
              95.421595,27.069616,0
              95.442269,27.071918,0
              95.454,27.072902,0
              95.460858,27.08849,0
              95.455186,27.099151,0
              95.461191,27.115375,0
              95.46315,27.130398,0
              95.456004,27.148171,0
              95.465595,27.153107,0
              95.470827,27.160506,0
              95.483528,27.176931,0
              95.483528,27.176939,0
              95.47249,27.187492,0
              95.461317,27.193302,0
              95.453559,27.178326,0
              95.445667,27.168417,0
              95.436696,27.19087,0
              95.445784,27.197843,0
              95.461425,27.208604,0
              95.451501,27.227555,0
              95.457964,27.239526,0
              95.462171,27.252573,0
              95.448705,27.267511,0
              95.463734,27.277474,0
              95.471222,27.289499,0
              95.462917,27.30236,0
              95.441424,27.302321,0
              95.426647,27.30862,0
              95.411599,27.320575,0
              95.380921,27.327269,0
              95.372283,27.316499,0
              95.346772,27.32716,0
              95.319536,27.325037,0
              95.302574,27.335218,0
              95.28794,27.345282,0
              95.270376,27.343841,0
              95.254628,27.345732,0
              95.247652,27.36077,0
              95.235787,27.368564,0
              95.219185,27.389042,0
              95.225854,27.404491,0
              95.226429,27.421908,0
              95.240021,27.436559,0
              95.261019,27.445415,0
              95.266655,27.458935,0
              95.265234,27.475035,0
              95.27754,27.478846,0
              95.273495,27.493281,0
              95.279122,27.499425,0
              95.290151,27.507219,0
              95.300192,27.515036,0
              95.317936,27.517616,0
              95.305504,27.544927,0
              95.288866,27.59198,0
              95.272578,27.609955,0
              95.236884,27.58252,0
              95.210169,27.583992,0
              95.190573,27.598945,0
              95.200362,27.621731,0
              95.198474,27.633795,0
              95.198473,27.633796,0
            </coordinates>
          </LinearRing>
        </outerBoundaryIs>
      </Polygon>
    </Placemark>
    <Placemark>
      <name>Nagaon</name>
      <styleUrl>#poly-FFFFFF-2000-64-nodesc</styleUrl>
      <Polygon>
        <outerBoundaryIs>
          <LinearRing>
            <tessellate>1</tessellate>
            <coordinates>
              93.305714,26.648811,0
              93.290307,26.646672,0
              93.282658,26.636802,0
              93.255296,26.634803,0
              93.240276,26.63089,0
              93.229156,26.604106,0
              93.214729,26.577957,0
              93.180922,26.565716,0
              93.162918,26.555768,0
              93.152032,26.539621,0
              93.120023,26.538583,0
              93.09836,26.540435,0
              93.081137,26.547911,0
              93.052904,26.547865,0
              93.005631,26.55115,0
              92.987276,26.5657,0
              92.940022,26.569094,0
              92.918467,26.549872,0
              92.896318,26.547973,0
              92.887518,26.546168,0
              92.868911,26.53574,0
              92.842952,26.537057,0
              92.796353,26.511326,0
              92.770232,26.509932,0
              92.763508,26.491275,0
              92.756299,26.476051,0
              92.747382,26.467094,0
              92.725791,26.477073,0
              92.720695,26.488827,0
              92.687427,26.46501,0
              92.669755,26.472254,0
              92.646573,26.4722,0
              92.60348,26.463391,0
              92.576631,26.455062,0
              92.559723,26.458649,0
              92.53334,26.463577,0
              92.485502,26.455217,0
              92.464378,26.452242,0
              92.451839,26.469418,0
              92.432863,26.473463,0
              92.416198,26.470015,0
              92.426643,26.452606,0
              92.436423,26.436041,0
              92.449547,26.419066,0
              92.44712,26.40591,0
              92.437547,26.381954,0
              92.443686,26.357246,0
              92.456099,26.336513,0
              92.479902,26.325069,0
              92.509889,26.331887,0
              92.54703,26.343184,0
              92.549421,26.321955,0
              92.556001,26.305467,0
              92.546581,26.277661,0
              92.53894,26.253859,0
              92.50819,26.24605,0
              92.469834,26.243562,0
              92.45298,26.240091,0
              92.442185,26.230143,0
              92.442913,26.212819,0
              92.446374,26.201205,0
              92.433573,26.193984,0
              92.436962,26.173584,0
              92.433663,26.164396,0
              92.415569,26.159584,0
              92.407218,26.147436,0
              92.41654,26.126261,0
              92.421214,26.110122,0
              92.412324,26.102003,0
              92.409915,26.099911,0
              92.406571,26.091001,0
              92.406517,26.082579,0
              92.422275,26.08058,0
              92.431902,26.080053,0
              92.44116,26.086515,0
              92.449493,26.096052,0
              92.459317,26.102096,0
              92.470419,26.110448,0
              92.479695,26.108069,0
              92.503911,26.110393,0
              92.514176,26.109053,0
              92.525736,26.111021,0
              92.523291,26.096695,0
              92.521718,26.085151,0
              92.519651,26.068912,0
              92.531426,26.065046,0
              92.540388,26.066843,0
              92.549664,26.075761,0
              92.563902,26.079689,0
              92.576361,26.075079,0
              92.575435,26.061141,0
              92.587849,26.050325,0
              92.596334,26.041043,0
              92.59006,26.028468,0
              92.583561,26.009184,0
              92.584181,25.99568,0
              92.5921,25.989264,0
              92.570132,25.97937,0
              92.570276,25.968748,0
              92.552999,25.94294,0
              92.557071,25.933341,0
              92.572217,25.929893,0
              92.585476,25.933132,0
              92.595795,25.940422,0
              92.607453,25.944118,0
              92.625404,25.953408,0
              92.635768,25.960869,0
              92.649988,25.966323,0
              92.658681,25.97342,0
              92.656272,25.986119,0
              92.666438,25.993843,0
              92.678141,25.993115,0
              92.686591,25.990605,0
              92.697629,25.98763,0
              92.709171,25.986847,0
              92.713324,25.994827,0
              92.712056,26.004806,0
              92.717207,26.023649,0
              92.753126,26.027019,0
              92.735787,26.044219,0
              92.730483,26.066363,0
              92.720766,26.070531,0
              92.724218,26.081672,0
              92.698915,26.09066,0
              92.704011,26.108147,0
              92.683831,26.107558,0
              92.672856,26.122023,0
              92.683544,26.134412,0
              92.70518,26.129159,0
              92.709423,26.144135,0
              92.715382,26.158337,0
              92.728002,26.168184,0
              92.750268,26.17174,0
              92.768623,26.174623,0
              92.772839,26.191032,0
              92.768021,26.209387,0
              92.78545,26.222481,0
              92.804093,26.22582,0
              92.818529,26.22042,0
              92.825972,26.232444,0
              92.840066,26.245647,0
              92.847113,26.264528,0
              92.860498,26.254464,0
              92.881424,26.246282,0
              92.894628,26.259019,0
              92.905136,26.271679,0
              92.921864,26.274391,0
              92.941559,26.287841,0
              92.941235,26.305669,0
              92.927545,26.313486,0
              92.911051,26.317298,0
              92.920139,26.333375,0
              92.916768,26.337536,0
              92.897127,26.341084,0
              92.886251,26.341518,0
              92.898035,26.349529,0
              92.907851,26.352946,0
              92.923455,26.355069,0
              92.942817,26.358253,0
              92.954512,26.363855,0
              92.971636,26.373811,0
              92.989101,26.377057,0
              93.008696,26.381094,0
              93.037164,26.388524,0
              93.051672,26.390244,0
              93.048796,26.378599,0
              93.062872,26.374539,0
              93.072023,26.377801,0
              93.092985,26.390259,0
              93.076688,26.3863,0
              93.082315,26.394435,0
              93.100257,26.403438,0
              93.098908,26.391243,0
              93.115852,26.39786,0
              93.107493,26.406584,0
              93.123807,26.4174,0
              93.117192,26.424729,0
              93.125129,26.431594,0
              93.135349,26.441565,0
              93.129731,26.444137,0
              93.121021,26.450924,0
              93.118558,26.436878,0
              93.105452,26.432337,0
              93.107538,26.423211,0
              93.09472,26.416687,0
              93.086845,26.425589,0
              93.072706,26.433856,0
              93.073973,26.441534,0
              93.090728,26.451877,0
              93.076652,26.449809,0
              93.066468,26.452102,0
              93.056229,26.444393,0
              93.026728,26.436707,0
              93.00929,26.437908,0
              93.011447,26.453667,0
              93.026458,26.465258,0
              93.044121,26.480498,0
              93.04698,26.491368,0
              93.069587,26.495707,0
              93.089857,26.497729,0
              93.10254,26.487757,0
              93.120526,26.487083,0
              93.133605,26.494731,0
              93.146261,26.50911,0
              93.162495,26.505113,0
              93.186028,26.521561,0
              93.210451,26.510404,0
              93.196455,26.495505,0
              93.179727,26.48916,0
              93.160554,26.479483,0
              93.180446,26.483403,0
              93.198927,26.488641,0
              93.208374,26.465289,0
              93.211341,26.473595,0
              93.211619,26.481412,0
              93.220851,26.491647,0
              93.240842,26.487138,0
              93.253291,26.476229,0
              93.272258,26.471851,0
              93.273354,26.46212,0
              93.28486,26.471441,0
              93.291809,26.458773,0
              93.292069,26.472889,0
              93.272141,26.478832,0
              93.275701,26.493793,0
              93.265777,26.48651,0
              93.263611,26.489106,0
              93.24939,26.498155,0
              93.251116,26.504834,0
              93.238415,26.510079,0
              93.254136,26.52239,0
              93.274559,26.526465,0
              93.293552,26.53168,0
              93.300905,26.532207,0
              93.300321,26.531393,0
              93.301157,26.532098,0
              93.303089,26.534368,0
              93.293121,26.539699,0
              93.292635,26.541992,0
              93.294748,26.545548,0
              93.299,26.557983,0
              93.292689,26.56952,0
              93.284986,26.587255,0
              93.289229,26.589285,0
              93.307934,26.588913,0
              93.313166,26.592345,0
              93.318065,26.601108,0
              93.318964,26.608786,0
              93.309543,26.61479,0
              93.308168,26.620245,0
              93.315917,26.626652,0
              93.318236,26.630038,0
              93.315512,26.632076,0
              93.315395,26.636445,0
              93.307359,26.642349,0
              93.305723,26.648811,0
              93.305714,26.648811,0
            </coordinates>
          </LinearRing>
        </outerBoundaryIs>
      </Polygon>
    </Placemark>
    <Placemark>
      <name>Majuli</name>
      <styleUrl>#poly-FFFFFF-2000-64-nodesc</styleUrl>
      <Polygon>
        <outerBoundaryIs>
          <LinearRing>
            <tessellate>1</tessellate>
            <coordinates>
              94.560842,27.119621,0
              94.54539,27.111284,0
              94.525516,27.09575,0
              94.513336,27.082439,0
              94.502289,27.061466,0
              94.483286,27.076838,0
              94.464482,27.058692,0
              94.432328,27.060474,0
              94.419807,27.044839,0
              94.408176,27.030769,0
              94.399259,27.037161,0
              94.375402,27.039927,0
              94.36965,27.037208,0
              94.352014,27.032993,0
              94.333488,27.021464,0
              94.312588,27.033845,0
              94.299033,27.024858,0
              94.28377,27.037053,0
              94.261792,27.028848,0
              94.253253,27.009486,0
              94.232165,27.021828,0
              94.215869,26.998941,0
              94.21248,26.976969,0
              94.196956,26.971909,0
              94.179212,26.975675,0
              94.164444,26.986243,0
              94.16652,26.959048,0
              94.158942,26.935185,0
              94.135068,26.946652,0
              94.119625,26.935657,0
              94.134646,26.912732,0
              94.106618,26.915536,0
              94.084596,26.902536,0
              94.069144,26.916753,0
              94.052856,26.920162,0
              94.037081,26.911182,0
              94.025117,26.887931,0
              94.009153,26.87445,0
              93.987058,26.875968,0
              93.958483,26.871924,0
              93.915579,26.867562,0
              93.908442,26.832558,0
              93.893997,26.809957,0
              93.867597,26.791765,0
              93.835471,26.796251,0
              93.807452,26.80606,0
              93.786697,26.804673,0
              93.777708,26.798622,0
              93.770841,26.796678,0
              93.770014,26.791246,0
              93.763533,26.784614,0
              93.791992,26.769831,0
              93.788001,26.761673,0
              93.779452,26.758156,0
              93.767578,26.75549,0
              93.753672,26.754878,0
              93.743164,26.749323,0
              93.755075,26.744488,0
              93.799542,26.746239,0
              93.823632,26.752259,0
              93.845727,26.764811,0
              93.866069,26.779508,0
              93.887732,26.774643,0
              93.905062,26.754227,0
              93.931184,26.73788,0
              93.949503,26.746162,0
              93.959507,26.76502,0
              93.979301,26.777804,0
              94.008389,26.784413,0
              94.033773,26.787063,0
              94.055364,26.794051,0
              94.073378,26.809857,0
              94.086618,26.812359,0
              94.098798,26.804828,0
              94.113558,26.812932,0
              94.138124,26.807757,0
              94.164372,26.810887,0
              94.198466,26.828289,0
              94.202071,26.839662,0
              94.219896,26.845427,0
              94.242224,26.844853,0
              94.258557,26.845651,0
              94.280813,26.851478,0
              94.300346,26.8524,0
              94.32155,26.854058,0
              94.346144,26.858675,0
              94.366503,26.862278,0
              94.383618,26.892611,0
              94.398072,26.903365,0
              94.415196,26.914219,0
              94.441336,26.928855,0
              94.463637,26.941453,0
              94.467996,26.95206,0
              94.475034,26.9706,0
              94.487718,26.976225,0
              94.507098,26.984631,0
              94.520787,27.001707,0
              94.530244,27.009959,0
              94.542163,27.016358,0
              94.548428,27.034752,0
              94.557885,27.041407,0
              94.564581,27.048411,0
              94.576078,27.061528,0
              94.578819,27.074808,0
              94.591674,27.086003,0
              94.586667,27.090706,0
              94.581192,27.099756,0
              94.575188,27.107473,0
              94.566469,27.118405,0
              94.566414,27.118436,0
              94.560841,27.119622,0
              94.560842,27.119621,0
            </coordinates>
          </LinearRing>
        </outerBoundaryIs>
      </Polygon>
    </Placemark>
    <Placemark>
      <name>Karimganj</name>
      <styleUrl>#poly-FFFFFF-2000-64-nodesc</styleUrl>
      <Polygon>
        <outerBoundaryIs>
          <LinearRing>
            <tessellate>1</tessellate>
            <coordinates>
              92.29608,24.910965,0
              92.275721,24.898545,0
              92.229644,24.895074,0
              92.243541,24.883127,0
              92.2343,24.857226,0
              92.253168,24.834006,0
              92.255622,24.827026,0
              92.275334,24.807028,0
              92.279442,24.788643,0
              92.280062,24.764005,0
              92.283784,24.739096,0
              92.279128,24.71335,0
              92.258696,24.681809,0
              92.253995,24.667808,0
              92.24657,24.636422,0
              92.234426,24.591818,0
              92.230444,24.548655,0
              92.215019,24.512,0
              92.215037,24.511969,0
              92.220754,24.505887,0
              92.230111,24.505484,0
              92.234004,24.502858,0
              92.238732,24.494436,0
              92.230031,24.485154,0
              92.228431,24.475965,0
              92.230111,24.465839,0
              92.235307,24.457084,0
              92.245042,24.448553,0
              92.25573,24.441487,0
              92.255361,24.424807,0
              92.262336,24.414634,0
              92.263379,24.4045,0
              92.269617,24.397906,0
              92.269267,24.389562,0
              92.268026,24.382597,0
              92.265725,24.372889,0
              92.255172,24.352481,0
              92.211918,24.260011,0
              92.260575,24.261134,0
              92.29217,24.262173,0
              92.295604,24.262544,0
              92.421394,24.263559,0
              92.421394,24.263536,0
              92.421403,24.263544,0
              92.43689,24.276777,0
              92.451434,24.295256,0
              92.480333,24.350025,0
              92.491569,24.382682,0
              92.498742,24.407901,0
              92.505826,24.448368,0
              92.507776,24.479242,0
              92.507758,24.501122,0
              92.509763,24.528178,0
              92.516486,24.563066,0
              92.512882,24.581916,0
              92.5041,24.606004,0
              92.508693,24.62456,0
              92.504756,24.642062,0
              92.503525,24.663036,0
              92.497286,24.68483,0
              92.509241,24.710181,0
              92.521709,24.724933,0
              92.525089,24.745116,0
              92.544271,24.762688,0
              92.545008,24.782081,0
              92.553422,24.812584,0
              92.568693,24.829822,0
              92.569826,24.870514,0
              92.541556,24.866268,0
              92.519507,24.864316,0
              92.486913,24.871684,0
              92.486904,24.871684,0
              92.481196,24.857505,0
              92.437762,24.863494,0
              92.414104,24.852438,0
              92.391542,24.846759,0
              92.375425,24.859411,0
              92.361411,24.866555,0
              92.34764,24.884971,0
              92.342634,24.882236,0
              92.327613,24.890844,0
              92.303155,24.907928,0
              92.29608,24.910965,0
            </coordinates>
          </LinearRing>
        </outerBoundaryIs>
      </Polygon>
    </Placemark>
    <Placemark>
      <name>Dima Hasao</name>
      <styleUrl>#poly-FFFFFF-2000-64-nodesc</styleUrl>
      <Polygon>
        <outerBoundaryIs>
          <LinearRing>
            <tessellate>1</tessellate>
            <coordinates>
              93.003447,25.79722,0
              92.993128,25.792509,0
              92.978449,25.752252,0
              92.968804,25.762796,0
              92.965047,25.787155,0
              92.928714,25.776487,0
              92.92733,25.752283,0
              92.885927,25.730488,0
              92.832722,25.717898,0
              92.820785,25.703828,0
              92.806574,25.674293,0
              92.785738,25.658372,0
              92.787598,25.636709,0
              92.765243,25.609204,0
              92.766807,25.596281,0
              92.749153,25.58118,0
              92.71451,25.570884,0
              92.680308,25.563849,0
              92.672272,25.550902,0
              92.658923,25.547532,0
              92.64837,25.536344,0
              92.6418,25.525125,0
              92.630483,25.506182,0
              92.620478,25.493956,0
              92.608523,25.490911,0
              92.588253,25.478235,0
              92.572487,25.466544,0
              92.569089,25.443208,0
              92.580676,25.445795,0
              92.596235,25.438528,0
              92.601134,25.420607,0
              92.607453,25.393513,0
              92.626285,25.402353,0
              92.630977,25.410675,0
              92.641081,25.403508,0
              92.649188,25.406561,0
              92.664784,25.395396,0
              92.690411,25.379459,0
              92.708155,25.366993,0
              92.724128,25.360035,0
              92.732389,25.35489,0
              92.736407,25.344028,0
              92.750358,25.325263,0
              92.778897,25.317221,0
              92.779437,25.290623,0
              92.781558,25.258663,0
              92.776992,25.244771,0
              92.767859,25.224859,0
              92.788569,25.219568,0
              92.82599,25.223201,0
              92.813999,25.197486,0
              92.778529,25.189266,0
              92.755346,25.187623,0
              92.73647,25.187252,0
              92.709926,25.177249,0
              92.694402,25.172198,0
              92.679085,25.16476,0
              92.670905,25.164938,0
              92.659103,25.148652,0
              92.644955,25.139424,0
              92.631202,25.124518,0
              92.625548,25.109332,0
              92.603291,25.113012,0
              92.586231,25.118257,0
              92.564343,25.119303,0
              92.539543,25.124843,0
              92.529367,25.124727,0
              92.524073,25.120512,0
              92.530374,25.107031,0
              92.541934,25.088498,0
              92.561664,25.093743,0
              92.594878,25.097075,0
              92.616595,25.094146,0
              92.635903,25.101158,0
              92.655993,25.103901,0
              92.677279,25.100546,0
              92.698348,25.100259,0
              92.718969,25.106411,0
              92.735904,25.114771,0
              92.731984,25.133164,0
              92.750466,25.126842,0
              92.763877,25.112563,0
              92.769423,25.091977,0
              92.792794,25.077349,0
              92.827796,25.063721,0
              92.838844,25.046249,0
              92.861801,25.055988,0
              92.884453,25.060653,0
              92.928273,25.070624,0
              92.950638,25.062876,0
              92.961119,25.080316,0
              92.9844,25.082532,0
              93.009946,25.087894,0
              93.032058,25.0952,0
              93.045766,25.084585,0
              93.022377,25.066076,0
              93.024067,25.046172,0
              93.040427,25.029282,0
              93.059645,25.016575,0
              93.061632,24.998043,0
              93.081173,24.991806,0
              93.175448,24.990643,0
              93.191224,24.98601,0
              93.205093,24.975527,0
              93.225004,24.97937,0
              93.23446,24.969182,0
              93.249022,24.965572,0
              93.250163,24.966401,0
              93.251125,24.967106,0
              93.25099,24.967222,0
              93.251269,24.967857,0
              93.251592,24.968585,0
              93.250837,24.979696,0
              93.254109,24.991248,0
              93.260869,24.997136,0
              93.251511,24.99764,0
              93.245534,24.99819,0
              93.24743,25.00985,0
              93.25508,25.018125,0
              93.262298,25.028809,0
              93.266064,25.039214,0
              93.282909,25.041392,0
              93.295628,25.038223,0
              93.302972,25.038191,0
              93.306721,25.049286,0
              93.309211,25.062023,0
              93.320644,25.077736,0
              93.334164,25.084833,0
              93.338101,25.099236,0
              93.342928,25.110439,0
              93.345463,25.120101,0
              93.349238,25.132489,0
              93.346685,25.14666,0
              93.348959,25.160141,0
              93.359108,25.17862,0
              93.368815,25.190505,0
              93.376285,25.20201,0
              93.383539,25.214105,0
              93.386658,25.23084,0
              93.400294,25.245584,0
              93.41384,25.24938,0
              93.42149,25.260708,0
              93.437149,25.271407,0
              93.456969,25.278497,0
              93.471908,25.29269,0
              93.470299,25.293969,0
              93.459054,25.304932,0
              93.456888,25.313989,0
              93.454218,25.324472,0
              93.452816,25.332142,0
              93.463872,25.343725,0
              93.4718,25.355308,0
              93.475567,25.367457,0
              93.463693,25.387128,0
              93.463306,25.401005,0
              93.457436,25.413223,0
              93.440286,25.423682,0
              93.412231,25.425124,0
              93.391261,25.451815,0
              93.384096,25.462716,0
              93.372663,25.476398,0
              93.354577,25.498573,0
              93.328869,25.527611,0
              93.318793,25.513572,0
              93.298783,25.519135,0
              93.28264,25.516199,0
              93.266154,25.519066,0
              93.243889,25.526201,0
              93.21659,25.528913,0
              93.205929,25.535026,0
              93.20076,25.542991,0
              93.184248,25.562523,0
              93.171789,25.577608,0
              93.182225,25.597202,0
              93.179574,25.619539,0
              93.165524,25.637522,0
              93.139286,25.643464,0
              93.136346,25.668257,0
              93.143025,25.689153,0
              93.147627,25.702223,0
              93.148014,25.71314,0
              93.133138,25.721074,0
              93.129866,25.733145,0
              93.117892,25.740141,0
              93.106162,25.748656,0
              93.09489,25.74809,0
              93.083025,25.74262,0
              93.074342,25.740955,0
              93.070395,25.74909,0
              93.061038,25.752445,0
              93.053029,25.755737,0
              93.022009,25.765972,0
              92.998898,25.764671,0
              93.003447,25.797219,0
              93.003447,25.79722,0
            </coordinates>
          </LinearRing>
        </outerBoundaryIs>
      </Polygon>
    </Placemark>
    <Placemark>
      <name>Karbi Anglong</name>
      <styleUrl>#line-FF0000-2000-nodesc</styleUrl>
      <MultiGeometry>
        <LineString>
          <tessellate>1</tessellate>
          <coordinates>
            93.793169,25.996059,0
            93.795803,25.997136,0
            93.793169,25.996059,0
          </coordinates>
        </LineString>
        <Polygon>
          <outerBoundaryIs>
            <LinearRing>
              <tessellate>1</tessellate>
              <coordinates>
                93.499927,26.562741,0
                93.499046,26.562725,0
                93.489437,26.557325,0
                93.476079,26.542348,0
                93.481581,26.536576,0
                93.460259,26.526915,0
                93.457257,26.529588,0
                93.439072,26.530084,0
                93.407189,26.523041,0
                93.394928,26.532865,0
                93.350838,26.535732,0
                93.314793,26.533315,0
                93.300905,26.532207,0
                93.293552,26.53168,0
                93.274559,26.526465,0
                93.254136,26.52239,0
                93.238415,26.510079,0
                93.251116,26.504834,0
                93.24939,26.498155,0
                93.263611,26.489106,0
                93.265777,26.48651,0
                93.275701,26.493793,0
                93.272141,26.478832,0
                93.292069,26.472889,0
                93.291809,26.458773,0
                93.28486,26.471441,0
                93.273354,26.46212,0
                93.272258,26.471851,0
                93.253291,26.476229,0
                93.240842,26.487138,0
                93.220851,26.491647,0
                93.211619,26.481412,0
                93.211341,26.473595,0
                93.208374,26.465289,0
                93.198927,26.488641,0
                93.180446,26.483403,0
                93.160554,26.479483,0
                93.179727,26.48916,0
                93.196455,26.495505,0
                93.210451,26.510404,0
                93.186028,26.521561,0
                93.162495,26.505113,0
                93.146261,26.50911,0
                93.133605,26.494731,0
                93.120526,26.487083,0
                93.10254,26.487757,0
                93.089857,26.497729,0
                93.069587,26.495707,0
                93.04698,26.491368,0
                93.044121,26.480498,0
                93.026458,26.465258,0
                93.011447,26.453667,0
                93.00929,26.437908,0
                93.026728,26.436707,0
                93.056229,26.444393,0
                93.066468,26.452102,0
                93.076652,26.449809,0
                93.090728,26.451877,0
                93.073973,26.441534,0
                93.072706,26.433856,0
                93.086845,26.425589,0
                93.09472,26.416687,0
                93.107538,26.423211,0
                93.105452,26.432337,0
                93.118558,26.436878,0
                93.121021,26.450924,0
                93.129731,26.444137,0
                93.135349,26.441565,0
                93.125129,26.431594,0
                93.117192,26.424729,0
                93.123807,26.4174,0
                93.107493,26.406584,0
                93.115852,26.39786,0
                93.098908,26.391243,0
                93.100257,26.403438,0
                93.082315,26.394435,0
                93.076688,26.3863,0
                93.092985,26.390259,0
                93.072023,26.377801,0
                93.062872,26.374539,0
                93.048796,26.378599,0
                93.051672,26.390244,0
                93.037164,26.388524,0
                93.008696,26.381094,0
                92.989101,26.377057,0
                92.971636,26.373811,0
                92.954512,26.363855,0
                92.942817,26.358253,0
                92.923455,26.355069,0
                92.907851,26.352946,0
                92.898035,26.349529,0
                92.886251,26.341518,0
                92.897127,26.341084,0
                92.916768,26.337536,0
                92.920139,26.333375,0
                92.911051,26.317298,0
                92.927545,26.313486,0
                92.941235,26.305669,0
                92.941559,26.287841,0
                92.921864,26.274391,0
                92.905136,26.271679,0
                92.894628,26.259019,0
                92.881424,26.246282,0
                92.860498,26.254464,0
                92.847113,26.264528,0
                92.840066,26.245647,0
                92.825972,26.232444,0
                92.818529,26.22042,0
                92.816866,26.209929,0
                92.825693,26.190715,0
                92.810718,26.178845,0
                92.795365,26.17453,0
                92.81399,26.168083,0
                92.840875,26.168711,0
                92.872606,26.168634,0
                92.909208,26.164845,0
                92.933954,26.164357,0
                92.951555,26.152433,0
                92.953262,26.130902,0
                92.936939,26.115608,0
                92.938143,26.102801,0
                92.960507,26.100701,0
                92.981092,26.092496,0
                93.001559,26.080998,0
                93.020903,26.076063,0
                93.034764,26.068842,0
                93.046809,26.053199,0
                93.062459,26.048008,0
                93.08005,26.045382,0
                93.091421,26.044506,0
                93.105452,26.041973,0
                93.096418,26.007658,0
                93.11223,26.002428,0
                93.131996,25.989373,0
                93.146963,25.973257,0
                93.156518,25.953679,0
                93.161075,25.931962,0
                93.172509,25.916567,0
                93.18352,25.881508,0
                93.201309,25.859032,0
                93.222595,25.834735,0
                93.238379,25.816659,0
                93.245516,25.793865,0
                93.248707,25.774712,0
                93.246846,25.753003,0
                93.232311,25.736376,0
                93.22806,25.712443,0
                93.207862,25.704332,0
                93.174001,25.699202,0
                93.143016,25.689146,0
                93.136347,25.668258,0
                93.139286,25.643465,0
                93.165525,25.637522,0
                93.179574,25.61954,0
                93.182226,25.597203,0
                93.17179,25.577609,0
                93.184248,25.562524,0
                93.200761,25.542991,0
                93.205929,25.535027,0
                93.21659,25.528914,0
                93.243889,25.526202,0
                93.266154,25.519066,0
                93.28264,25.5162,0
                93.298784,25.519136,0
                93.318793,25.513573,0
                93.328869,25.527612,0
                93.328869,25.52762,0
                93.343836,25.536964,0
                93.366011,25.545231,0
                93.3998,25.588851,0
                93.443342,25.613287,0
                93.498929,25.63361,0
                93.518336,25.665422,0
                93.542705,25.69405,0
                93.558992,25.712002,0
                93.58053,25.733975,0
                93.600368,25.747541,0
                93.621528,25.759527,0
                93.622238,25.773364,0
                93.646723,25.788015,0
                93.655011,25.796213,0
                93.675496,25.798366,0
                93.685438,25.808245,0
                93.696899,25.818131,0
                93.702391,25.827188,0
                93.685681,25.867725,0
                93.694804,25.884321,0
                93.714148,25.889388,0
                93.727137,25.896066,0
                93.744234,25.902419,0
                93.757879,25.924291,0
                93.77369,25.935363,0
                93.783569,25.949557,0
                93.802625,25.952509,0
                93.790302,25.967137,0
                93.791165,25.982485,0
                93.793169,25.996059,0
                93.787641,26.00297,0
                93.784099,26.019899,0
                93.799848,26.040315,0
                93.812441,26.05595,0
                93.822041,26.080378,0
                93.822635,26.095541,0
                93.829412,26.104257,0
                93.830293,26.120969,0
                93.826949,26.144182,0
                93.837331,26.163838,0
                93.845727,26.178303,0
                93.857026,26.192543,0
                93.85405,26.202956,0
                93.867723,26.221334,0
                93.870698,26.230151,0
                93.8745,26.24787,0
                93.879255,26.260887,0
                93.876199,26.271408,0
                93.890788,26.280558,0
                93.884604,26.301671,0
                93.88615,26.313246,0
                93.889736,26.326727,0
                93.880936,26.345345,0
                93.876469,26.352008,0
                93.85708,26.36394,0
                93.827812,26.376058,0
                93.809727,26.357238,0
                93.793178,26.338605,0
                93.780423,26.348375,0
                93.799911,26.368961,0
                93.783344,26.381992,0
                93.784612,26.397132,0
                93.786383,26.416253,0
                93.773403,26.433856,0
                93.767875,26.453869,0
                93.755317,26.471572,0
                93.745295,26.484124,0
                93.738823,26.497117,0
                93.738616,26.51472,0
                93.749313,26.535298,0
                93.727011,26.548353,0
                93.702562,26.558696,0
                93.67209,26.555706,0
                93.646984,26.553079,0
                93.626912,26.54616,0
                93.618786,26.522638,0
                93.609393,26.5302,0
                93.585995,26.526512,0
                93.590246,26.551878,0
                93.562849,26.560959,0
                93.534408,26.550685,0
                93.505599,26.552576,0
                93.499927,26.562741,0
              </coordinates>
            </LinearRing>
          </outerBoundaryIs>
        </Polygon>
      </MultiGeometry>
    </Placemark>
    <Placemark>
      <name>Sonitpur</name>
      <styleUrl>#poly-FFFFFF-2000-64-nodesc</styleUrl>
      <Polygon>
        <outerBoundaryIs>
          <LinearRing>
            <tessellate>1</tessellate>
            <coordinates>
              92.658744,26.977418,0
              92.648883,26.964541,0
              92.643355,26.949944,0
              92.644388,26.928142,0
              92.596775,26.908525,0
              92.552388,26.900258,0
              92.504046,26.907866,0
              92.449052,26.902481,0
              92.431884,26.890007,0
              92.411003,26.886064,0
              92.399047,26.868321,0
              92.363694,26.874915,0
              92.363532,26.874954,0
              92.363523,26.87473,0
              92.347757,26.845079,0
              92.343451,26.819047,0
              92.339559,26.796896,0
              92.334921,26.772715,0
              92.33039,26.763371,0
              92.32915,26.75264,0
              92.334462,26.736788,0
              92.338903,26.720557,0
              92.331343,26.714622,0
              92.328521,26.698909,0
              92.33315,26.682848,0
              92.335163,26.654483,0
              92.333662,26.633006,0
              92.333249,26.617666,0
              92.331982,26.606083,0
              92.335487,26.594167,0
              92.336548,26.589479,0
              92.331146,26.582661,0
              92.328197,26.562246,0
              92.329779,26.555219,0
              92.33057,26.548153,0
              92.338472,26.535074,0
              92.361276,26.533013,0
              92.360611,26.521562,0
              92.36898,26.50664,0
              92.371155,26.485225,0
              92.37582,26.474417,0
              92.399416,26.472387,0
              92.39502,26.469133,0
              92.40818,26.469086,0
              92.416189,26.470016,0
              92.432854,26.473464,0
              92.45183,26.46942,0
              92.464369,26.452243,0
              92.485493,26.455218,0
              92.533331,26.463578,0
              92.559713,26.45865,0
              92.576621,26.455063,0
              92.603471,26.463392,0
              92.646564,26.472201,0
              92.669746,26.472255,0
              92.687418,26.465011,0
              92.720685,26.488828,0
              92.725782,26.477075,0
              92.747373,26.467095,0
              92.75629,26.476052,0
              92.763499,26.491276,0
              92.770223,26.509933,0
              92.796344,26.511328,0
              92.842942,26.537058,0
              92.868902,26.535741,0
              92.887509,26.546169,0
              92.887518,26.546177,0
              92.877073,26.563827,0
              92.871105,26.583653,0
              92.865127,26.6052,0
              92.865792,26.617217,0
              92.864911,26.633479,0
              92.859985,26.655034,0
              92.856228,26.672707,0
              92.860264,26.694431,0
              92.86901,26.703558,0
              92.875949,26.713933,0
              92.877882,26.73059,0
              92.877352,26.748991,0
              92.86457,26.787389,0
              92.868273,26.799631,0
              92.875527,26.813786,0
              92.888111,26.829034,0
              92.904354,26.836053,0
              92.917774,26.843716,0
              92.927491,26.854571,0
              92.946719,26.863256,0
              92.960732,26.868927,0
              92.979141,26.87745,0
              92.925082,26.901786,0
              92.914242,26.916328,0
              92.904525,26.932591,0
              92.874323,26.946235,0
              92.825495,26.957593,0
              92.770115,26.971942,0
              92.713737,26.965883,0
              92.661548,26.9768,0
              92.658744,26.97742,0
              92.658744,26.977418,0
            </coordinates>
          </LinearRing>
        </outerBoundaryIs>
      </Polygon>
    </Placemark>
    <Placemark>
      <name>Lakhimpur</name>
      <styleUrl>#poly-FFFFFF-2000-64-nodesc</styleUrl>
      <MultiGeometry>
        <Polygon>
          <outerBoundaryIs>
            <LinearRing>
              <tessellate>1</tessellate>
              <coordinates>
                94.257154,27.450413,0
                94.257145,27.450413,0
                94.2571491,27.4504109,0
                94.257154,27.450413,0
              </coordinates>
            </LinearRing>
          </outerBoundaryIs>
        </Polygon>
        <Polygon>
          <outerBoundaryIs>
            <LinearRing>
              <tessellate>1</tessellate>
              <coordinates>
                94.2571491,27.4504109,0
                94.213963,27.431408,0
                94.190331,27.424342,0
                94.166996,27.41217,0
                94.15754,27.395055,0
                94.124255,27.367101,0
                94.099976,27.345493,0
                94.074205,27.319731,0
                94.058771,27.294675,0
                94.022888,27.278676,0
                93.997755,27.265039,0
                93.98046,27.248459,0
                93.948253,27.220482,0
                93.89548,27.171384,0
                93.867183,27.136403,0
                93.843605,27.114329,0
                93.820846,27.101406,0
                93.804207,27.080371,0
                93.802149,27.070833,0
                93.812909,27.059955,0
                93.824531,27.041446,0
                93.832145,27.020922,0
                93.823893,27.00944,0
                93.809331,27.007797,0
                93.794715,27.009262,0
                93.783704,26.994339,0
                93.777043,26.996834,0
                93.768729,26.993541,0
                93.755893,26.977403,0
                93.709375,26.953268,0
                93.696081,26.935317,0
                93.696189,26.935224,0
                93.723209,26.918589,0
                93.742238,26.898553,0
                93.746202,26.872273,0
                93.741411,26.852175,0
                93.760054,26.837268,0
                93.779308,26.825259,0
                93.785825,26.806548,0
                93.786256,26.805611,0
                93.786697,26.804673,0
                93.807443,26.80606,0
                93.835461,26.796252,0
                93.867587,26.791766,0
                93.893987,26.809957,0
                93.908433,26.832558,0
                93.91557,26.867562,0
                93.958473,26.871924,0
                93.987049,26.875969,0
                94.009143,26.87445,0
                94.025107,26.887931,0
                94.037072,26.911182,0
                94.052847,26.920162,0
                94.069135,26.916753,0
                94.084587,26.902536,0
                94.106609,26.915537,0
                94.134636,26.912732,0
                94.119616,26.935658,0
                94.135059,26.946652,0
                94.158933,26.935185,0
                94.166511,26.959048,0
                94.164434,26.986243,0
                94.179203,26.975675,0
                94.196947,26.97191,0
                94.21247,26.976969,0
                94.215859,26.998942,0
                94.232156,27.021829,0
                94.253244,27.009486,0
                94.261783,27.028848,0
                94.283761,27.037053,0
                94.299024,27.024858,0
                94.312579,27.033845,0
                94.333478,27.021464,0
                94.352004,27.032993,0
                94.36964,27.037208,0
                94.375393,27.039927,0
                94.399249,27.037161,0
                94.408166,27.03077,0
                94.419798,27.04484,0
                94.432319,27.060475,0
                94.464472,27.058693,0
                94.483277,27.076838,0
                94.502279,27.061466,0
                94.513326,27.08244,0
                94.525506,27.09575,0
                94.545381,27.111285,0
                94.566468,27.11842,0
                94.569327,27.122759,0
                94.577192,27.134737,0
                94.575763,27.154114,0
                94.585489,27.186392,0
                94.58423,27.20439,0
                94.595251,27.219095,0
                94.595251,27.219103,0
                94.575322,27.238271,0
                94.556877,27.256316,0
                94.53356,27.239278,0
                94.524203,27.243811,0
                94.515052,27.269495,0
                94.496041,27.281574,0
                94.471924,27.279435,0
                94.444814,27.273818,0
                94.42902,27.265753,0
                94.400274,27.265931,0
                94.353568,27.274639,0
                94.337442,27.278521,0
                94.320426,27.284123,0
                94.298125,27.281519,0
                94.293792,27.286548,0
                94.277567,27.29232,0
                94.262556,27.302136,0
                94.247455,27.316508,0
                94.244363,27.323536,0
                94.262106,27.331531,0
                94.278251,27.318368,0
                94.296264,27.321428,0
                94.303428,27.343393,0
                94.304246,27.365025,0
                94.283032,27.385572,0
                94.275877,27.404918,0
                94.277298,27.43195,0
                94.260596,27.448639,0
                94.2571491,27.4504109,0
              </coordinates>
            </LinearRing>
          </outerBoundaryIs>
        </Polygon>
      </MultiGeometry>
    </Placemark>
    <Placemark>
      <name>Barpeta</name>
      <styleUrl>#poly-FFFFFF-2000-64-nodesc</styleUrl>
      <Polygon>
        <outerBoundaryIs>
          <LinearRing>
            <tessellate>1</tessellate>
            <coordinates>
              91.010813,26.570481,0
              91.0048,26.568466,0
              91.003703,26.558735,0
              91.001501,26.549143,0
              90.991299,26.543487,0
              90.976305,26.543441,0
              90.968934,26.540117,0
              90.976836,26.527883,0
              90.978436,26.512318,0
              90.970786,26.506716,0
              90.948952,26.499875,0
              90.941644,26.492081,0
              90.936224,26.498318,0
              90.92888,26.504043,0
              90.920305,26.507878,0
              90.923954,26.514185,0
              90.919873,26.519152,0
              90.919154,26.528154,0
              90.918094,26.535809,0
              90.912916,26.536189,0
              90.911451,26.525381,0
              90.896682,26.527271,0
              90.887064,26.526574,0
              90.878219,26.525396,0
              90.869212,26.520546,0
              90.854165,26.521786,0
              90.846444,26.523568,0
              90.846435,26.523552,0
              90.82808,26.526636,0
              90.817023,26.518121,0
              90.828214,26.507383,0
              90.829302,26.493111,0
              90.842525,26.488137,0
              90.852179,26.482621,0
              90.850354,26.469403,0
              90.850597,26.453094,0
              90.837005,26.457611,0
              90.822075,26.447074,0
              90.805895,26.452552,0
              90.802884,26.447074,0
              90.80372,26.432655,0
              90.816718,26.430447,0
              90.818677,26.415285,0
              90.824853,26.403973,0
              90.810183,26.39404,0
              90.795657,26.399479,0
              90.786219,26.394373,0
              90.79358,26.383767,0
              90.817104,26.387416,0
              90.828691,26.387478,0
              90.841563,26.399092,0
              90.85217,26.395125,0
              90.857716,26.384998,0
              90.848898,26.367946,0
              90.843981,26.357695,0
              90.846659,26.34681,0
              90.860161,26.330222,0
              90.857212,26.318476,0
              90.84274,26.315725,0
              90.831082,26.318313,0
              90.819127,26.322706,0
              90.80754,26.312007,0
              90.804187,26.300579,0
              90.789437,26.285215,0
              90.799028,26.279628,0
              90.803468,26.270308,0
              90.794956,26.26397,0
              90.783001,26.26153,0
              90.766389,26.265551,0
              90.756016,26.269688,0
              90.745877,26.260825,0
              90.727117,26.250288,0
              90.718254,26.236566,0
              90.721715,26.227315,0
              90.732438,26.22496,0
              90.728097,26.216794,0
              90.716034,26.223046,0
              90.701517,26.2155,0
              90.671162,26.213974,0
              90.65989,26.208209,0
              90.652303,26.197029,0
              90.658667,26.188026,0
              90.663512,26.177791,0
              90.667162,26.169238,0
              90.678272,26.141594,0
              90.691863,26.115306,0
              90.706658,26.10965,0
              90.71225,26.101491,0
              90.717787,26.095401,0
              90.727962,26.097788,0
              90.744394,26.099794,0
              90.778434,26.09668,0
              90.812825,26.084291,0
              90.829392,26.078868,0
              90.839423,26.075149,0
              90.849895,26.079193,0
              90.861797,26.072716,0
              90.869266,26.061195,0
              90.887172,26.058607,0
              90.908925,26.054245,0
              90.923154,26.056035,0
              90.933015,26.061482,0
              90.935972,26.057732,0
              90.935972,26.057716,0
              90.95866,26.063287,0
              90.973123,26.07535,0
              90.989276,26.087607,0
              91.002687,26.092333,0
              91.021501,26.084601,0
              91.031586,26.084524,0
              91.048584,26.091473,0
              91.053681,26.099903,0
              91.07405,26.118815,0
              91.091353,26.12592,0
              91.108774,26.119567,0
              91.119605,26.117165,0
              91.138203,26.121279,0
              91.150823,26.124324,0
              91.173646,26.133869,0
              91.211866,26.140052,0
              91.233556,26.14405,0
              91.233565,26.144058,0
              91.233574,26.144058,0
              91.246806,26.15891,0
              91.235606,26.172244,0
              91.21521,26.181735,0
              91.230905,26.205552,0
              91.228208,26.22207,0
              91.216424,26.226238,0
              91.228334,26.239712,0
              91.255543,26.244841,0
              91.252028,26.254766,0
              91.258339,26.265853,0
              91.263525,26.275181,0
              91.2665,26.293667,0
              91.275588,26.303972,0
              91.270743,26.318809,0
              91.275175,26.328649,0
              91.250707,26.324326,0
              91.24135,26.335661,0
              91.234743,26.347724,0
              91.238518,26.359338,0
              91.230087,26.357726,0
              91.209601,26.360074,0
              91.202006,26.366683,0
              91.195417,26.380908,0
              91.184486,26.395295,0
              91.168073,26.395233,0
              91.147039,26.396171,0
              91.125475,26.399239,0
              91.120684,26.382759,0
              91.115461,26.364947,0
              91.100153,26.35627,0
              91.073304,26.35651,0
              91.053277,26.361251,0
              91.040962,26.37856,0
              91.031353,26.360546,0
              91.022715,26.360531,0
              91.012674,26.371432,0
              91.000755,26.383147,0
              90.998562,26.391352,0
              90.999272,26.403012,0
              90.988961,26.410295,0
              90.983883,26.419577,0
              90.974472,26.424264,0
              90.97973,26.434755,0
              90.972125,26.445292,0
              91.002912,26.451885,0
              91.00462,26.486998,0
              91.012908,26.501277,0
              91.011128,26.522568,0
              91.021016,26.538273,0
              91.024081,26.55335,0
              91.014759,26.568094,0
              91.010813,26.570481,0
            </coordinates>
          </LinearRing>
        </outerBoundaryIs>
      </Polygon>
    </Placemark>
    <Placemark>
      <name>Tinsukia</name>
      <styleUrl>#poly-FFFFFF-2000-64-nodesc</styleUrl>
      <Polygon>
        <outerBoundaryIs>
          <LinearRing>
            <tessellate>1</tessellate>
            <coordinates>
              95.822909,27.892843,0
              95.822909,27.892835,0
              95.605038,27.873799,0
              95.584921,27.857916,0
              95.56724,27.85842,0
              95.561523,27.839159,0
              95.543716,27.831953,0
              95.539932,27.820192,0
              95.523428,27.81566,0
              95.512192,27.799684,0
              95.512256,27.799552,0
              95.515762,27.78191,0
              95.493883,27.778772,0
              95.482404,27.767228,0
              95.474189,27.753499,0
              95.473011,27.742923,0
              95.463231,27.728846,0
              95.457335,27.707353,0
              95.45008,27.694624,0
              95.415689,27.664221,0
              95.397118,27.651972,0
              95.365091,27.640234,0
              95.325558,27.625234,0
              95.309082,27.622662,0
              95.278915,27.61761,0
              95.272578,27.609956,0
              95.288866,27.591981,0
              95.305504,27.544928,0
              95.317936,27.517617,0
              95.300192,27.515037,0
              95.290151,27.50722,0
              95.279122,27.499426,0
              95.273495,27.493282,0
              95.27754,27.478847,0
              95.265234,27.475036,0
              95.266655,27.458936,0
              95.261019,27.445416,0
              95.240021,27.43656,0
              95.226429,27.421909,0
              95.225854,27.404492,0
              95.219185,27.389043,0
              95.235787,27.368565,0
              95.247652,27.360771,0
              95.254628,27.345733,0
              95.270376,27.343842,0
              95.28794,27.345283,0
              95.302574,27.335219,0
              95.319536,27.325038,0
              95.346772,27.327161,0
              95.372283,27.3165,0
              95.380921,27.32727,0
              95.411599,27.320576,0
              95.426647,27.308621,0
              95.441424,27.302322,0
              95.462917,27.302361,0
              95.471222,27.2895,0
              95.463734,27.277475,0
              95.448705,27.267512,0
              95.462171,27.252574,0
              95.457964,27.239527,0
              95.451501,27.227556,0
              95.461425,27.208605,0
              95.445784,27.197844,0
              95.436696,27.190871,0
              95.445667,27.168417,0
              95.453559,27.178327,0
              95.461317,27.193303,0
              95.47249,27.187493,0
              95.483528,27.17694,0
              95.506593,27.184525,0
              95.51729,27.190057,0
              95.531025,27.201857,0
              95.549695,27.19321,0
              95.562621,27.185912,0
              95.574091,27.176948,0
              95.585794,27.164559,0
              95.616014,27.171075,0
              95.633264,27.17099,0
              95.671592,27.186222,0
              95.686298,27.191529,0
              95.703808,27.1907,0
              95.721624,27.192784,0
              95.73544,27.20281,0
              95.762613,27.209194,0
              95.782308,27.213951,0
              95.797903,27.22221,0
              95.806353,27.214083,0
              95.840852,27.223272,0
              95.857157,27.224395,0
              95.861454,27.210023,0
              95.873409,27.200896,0
              95.889005,27.196844,0
              95.897086,27.208644,0
              95.899764,27.222048,0
              95.913787,27.231151,0
              95.943549,27.244214,0
              95.960115,27.251125,0
              95.964763,27.261097,0
              95.979001,27.265978,0
              95.967378,27.269534,0
              95.984916,27.280164,0
              95.997392,27.288965,0
              96.0167,27.294776,0
              96.004988,27.30202,0
              95.998102,27.314324,0
              95.992934,27.32772,0
              95.982597,27.338427,0
              95.973931,27.34186,0
              95.968628,27.347523,0
              95.965464,27.358719,0
              95.961087,27.346609,0
              95.956898,27.358936,0
              95.949509,27.351304,0
              95.944916,27.350847,0
              95.937311,27.350111,0
              95.928457,27.351351,0
              95.918443,27.353241,0
              95.906857,27.363887,0
              95.897913,27.351475,0
              95.89696,27.33594,0
              95.881517,27.325318,0
              95.874191,27.341922,0
              95.858398,27.339496,0
              95.849697,27.345671,0
              95.848969,27.373773,0
              95.856717,27.387742,0
              95.872358,27.399627,0
              95.875414,27.419307,0
              95.885356,27.433593,0
              95.877041,27.449314,0
              95.877562,27.473355,0
              95.859603,27.478298,0
              95.837283,27.492725,0
              95.822703,27.507105,0
              95.81731,27.522654,0
              95.804447,27.530208,0
              95.791332,27.544503,0
              95.785813,27.557117,0
              95.797508,27.572504,0
              95.775161,27.584164,0
              95.783997,27.606245,0
              95.782703,27.615992,0
              95.769355,27.62866,0
              95.759045,27.644488,0
              95.766541,27.655932,0
              95.782263,27.66698,0
              95.78407,27.685234,0
              95.803459,27.708741,0
              95.82407,27.73241,0
              95.841868,27.748301,0
              95.869769,27.758559,0
              95.888933,27.7772,0
              95.902884,27.788063,0
              95.908744,27.796074,0
              95.919666,27.807734,0
              95.9207,27.81838,0
              95.937194,27.828181,0
              95.950776,27.844575,0
              95.94825,27.857925,0
              95.973203,27.884283,0
              95.963558,27.884523,0
              95.82291,27.892844,0
              95.822909,27.892843,0
            </coordinates>
          </LinearRing>
        </outerBoundaryIs>
      </Polygon>
    </Placemark>
    <Placemark>
      <name>Cachar</name>
      <styleUrl>#poly-FFFFFF-2000-64-nodesc</styleUrl>
      <Polygon>
        <outerBoundaryIs>
          <LinearRing>
            <tessellate>1</tessellate>
            <coordinates>
              92.731984,25.133164,0
              92.735904,25.114771,0
              92.718969,25.106411,0
              92.698348,25.100259,0
              92.677279,25.100546,0
              92.655993,25.103901,0
              92.635903,25.101158,0
              92.616595,25.094146,0
              92.594878,25.097075,0
              92.561664,25.093743,0
              92.541934,25.088498,0
              92.541988,25.08839,0
              92.532343,25.092055,0
              92.505286,25.094945,0
              92.484207,25.096525,0
              92.478751,25.08106,0
              92.473942,25.062249,0
              92.459102,25.044886,0
              92.463201,25.034566,0
              92.450248,25.030762,0
              92.430751,25.023502,0
              92.432288,25.019039,0
              92.430212,25.009657,0
              92.428881,25.001979,0
              92.423524,24.996261,0
              92.414122,24.98247,0
              92.434805,24.959622,0
              92.468046,24.952416,0
              92.447003,24.933767,0
              92.488028,24.940717,0
              92.496495,24.899235,0
              92.486913,24.8717,0
              92.486904,24.871684,0
              92.486913,24.871684,0
              92.519507,24.864316,0
              92.541556,24.866268,0
              92.569826,24.870514,0
              92.59157,24.872737,0
              92.605557,24.862572,0
              92.633647,24.849145,0
              92.636964,24.822966,0
              92.6386,24.817519,0
              92.652101,24.813808,0
              92.678519,24.81225,0
              92.682986,24.802062,0
              92.6714,24.790464,0
              92.666447,24.780399,0
              92.665557,24.766368,0
              92.661557,24.755103,0
              92.655858,24.725661,0
              92.658096,24.713505,0
              92.655346,24.694678,0
              92.656532,24.678725,0
              92.663903,24.671783,0
              92.667813,24.661393,0
              92.667031,24.636778,0
              92.674492,24.629875,0
              92.686905,24.62807,0
              92.695076,24.61995,0
              92.682627,24.6151,0
              92.669737,24.613279,0
              92.672317,24.603176,0
              92.670258,24.592988,0
              92.679193,24.585945,0
              92.698897,24.575625,0
              92.708353,24.570938,0
              92.71851,24.570155,0
              92.733036,24.585503,0
              92.739742,24.589106,0
              92.751634,24.586867,0
              92.760326,24.579925,0
              92.76758,24.572875,0
              92.77949,24.572843,0
              92.776164,24.56205,0
              92.774367,24.5518,0
              92.766681,24.541464,0
              92.759877,24.529215,0
              92.763913,24.524582,0
              92.763931,24.524621,0
              92.766088,24.519531,0
              92.780812,24.48056,0
              92.784614,24.469403,0
              92.793325,24.447872,0
              92.801091,24.433872,0
              92.798763,24.427813,0
              92.806349,24.426217,0
              92.810233,24.420049,0
              92.818412,24.416075,0
              92.830224,24.406499,0
              92.826835,24.389399,0
              92.832956,24.384689,0
              92.842943,24.387261,0
              92.850224,24.399425,0
              92.858269,24.405282,0
              92.874476,24.404686,0
              92.883689,24.409365,0
              92.891465,24.405468,0
              92.899608,24.40044,0
              92.904543,24.406305,0
              92.909649,24.41764,0
              92.917919,24.414502,0
              92.924454,24.408343,0
              92.933308,24.40288,0
              92.939726,24.408133,0
              92.952031,24.411202,0
              92.958863,24.402973,0
              92.970207,24.40928,0
              92.97862,24.41616,0
              92.987996,24.413534,0
              92.996193,24.408552,0
              93.009928,24.413355,0
              93.023205,24.413789,0
              93.034845,24.448701,0
              93.037497,24.490864,0
              93.035645,24.513775,0
              93.055654,24.557976,0
              93.065911,24.56725,0
              93.089785,24.5829,0
              93.081102,24.592949,0
              93.074117,24.622461,0
              93.081587,24.647455,0
              93.102603,24.67716,0
              93.083313,24.694647,0
              93.076491,24.713575,0
              93.08725,24.708167,0
              93.098495,24.732138,0
              93.10041,24.740955,0
              93.100149,24.75549,0
              93.102127,24.777602,0
              93.11072,24.799691,0
              93.121273,24.813258,0
              93.135592,24.807532,0
              93.149507,24.793013,0
              93.16593,24.796825,0
              93.177606,24.793447,0
              93.196276,24.808532,0
              93.194739,24.828157,0
              93.196276,24.83296,0
              93.193642,24.840855,0
              93.198721,24.846442,0
              93.207485,24.853004,0
              93.226793,24.871831,0
              93.233346,24.882306,0
              93.23366,24.895632,0
              93.238047,24.908641,0
              93.247764,24.923122,0
              93.245247,24.933023,0
              93.245885,24.936246,0
              93.253355,24.946535,0
              93.261139,24.95584,0
              93.251126,24.967106,0
              93.250164,24.966401,0
              93.249022,24.965572,0
              93.23446,24.969182,0
              93.225004,24.97937,0
              93.205094,24.975528,0
              93.191224,24.98601,0
              93.175449,24.990644,0
              93.081174,24.991806,0
              93.061632,24.998043,0
              93.059646,25.016575,0
              93.040428,25.029282,0
              93.024068,25.046172,0
              93.022378,25.066076,0
              93.045767,25.084586,0
              93.032059,25.0952,0
              93.009947,25.087894,0
              92.9844,25.082532,0
              92.961119,25.080317,0
              92.950638,25.062876,0
              92.928274,25.070624,0
              92.884454,25.060653,0
              92.861802,25.055988,0
              92.838844,25.046249,0
              92.827797,25.063721,0
              92.792795,25.077349,0
              92.769424,25.091977,0
              92.763878,25.112563,0
              92.750466,25.126842,0
              92.731985,25.133164,0
              92.731984,25.133164,0
            </coordinates>
          </LinearRing>
        </outerBoundaryIs>
      </Polygon>
    </Placemark>
    <Placemark>
      <name>South Salmara- Mankachar</name>
      <styleUrl>#poly-FFFFFF-2000-64-nodesc</styleUrl>
      <Polygon>
        <outerBoundaryIs>
          <LinearRing>
            <tessellate>1</tessellate>
            <coordinates>
              90.15505,26.041973,0
              90.130646,26.039796,0
              90.10136,26.0351,0
              90.085944,26.024253,0
              90.079158,26.011803,0
              90.0554,25.995106,0
              90.046151,25.981679,0
              90.033324,25.976473,0
              90.024083,25.96451,0
              89.995481,25.947504,0
              89.961494,25.915901,0
              89.931615,25.897926,0
              89.914123,25.887606,0
              89.8993,25.875178,0
              89.877376,25.863533,0
              89.861889,25.875689,0
              89.86188,25.875689,0
              89.854419,25.865478,0
              89.835039,25.836393,0
              89.832207,25.808276,0
              89.81689,25.785133,0
              89.832046,25.764873,0
              89.837879,25.723368,0
              89.83698,25.688813,0
              89.850958,25.675951,0
              89.861978,25.645572,0
              89.87903,25.615627,0
              89.881107,25.58125,0
              89.874248,25.55046,0
              89.863956,25.520817,0
              89.864342,25.520771,0
              89.87903,25.526396,0
              89.89352,25.535507,0
              89.930707,25.540249,0
              89.94748,25.544944,0
              89.97113,25.550104,0
              89.978905,25.564422,0
              89.996505,25.562903,0
              90.009323,25.569411,0
              90.01922,25.583257,0
              90.007193,25.5979,0
              89.990779,25.600085,0
              89.981431,25.612582,0
              89.949062,25.632812,0
              89.942977,25.650236,0
              89.928163,25.665964,0
              89.916433,25.677106,0
              89.900226,25.694957,0
              89.896711,25.716511,0
              89.91993,25.711948,0
              89.93539,25.719153,0
              89.944532,25.732735,0
              89.956038,25.752066,0
              89.952802,25.774798,0
              89.94677,25.787706,0
              89.955903,25.796089,0
              89.975642,25.800699,0
              89.992649,25.806331,0
              89.998591,25.81449,0
              90.012631,25.819425,0
              90.021207,25.83919,0
              90.005872,25.847813,0
              90.032263,25.862534,0
              90.049081,25.863928,0
              90.059931,25.878231,0
              90.073917,25.887234,0
              90.086394,25.893471,0
              90.090466,25.904186,0
              90.106196,25.909152,0
              90.119706,25.92791,0
              90.12261,25.935642,0
              90.135859,25.939074,0
              90.151626,25.9481,0
              90.177064,25.957987,0
              90.179248,25.975326,0
              90.175617,25.97817,0
              90.185262,25.987304,0
              90.180075,26.002738,0
              90.170664,26.015436,0
              90.173378,26.02977,0
              90.15505,26.041973,0
            </coordinates>
          </LinearRing>
        </outerBoundaryIs>
      </Polygon>
    </Placemark>
    <Placemark>
      <name>Kokrajhar</name>
      <styleUrl>#poly-FFFFFF-2000-64-nodesc</styleUrl>
      <Polygon>
        <outerBoundaryIs>
          <LinearRing>
            <tessellate>1</tessellate>
            <coordinates>
              90.337685,26.812878,0
              90.30111,26.792788,0
              90.248615,26.802922,0
              90.230251,26.802256,0
              90.201433,26.779292,0
              90.188507,26.751353,0
              90.19559,26.719781,0
              90.135491,26.699017,0
              90.049539,26.677757,0
              90.008505,26.679492,0
              89.966375,26.671117,0
              89.898779,26.67162,0
              89.861745,26.689464,0
              89.858895,26.67637,0
              89.86197,26.651081,0
              89.870114,26.6119,0
              89.867471,26.579871,0
              89.861224,26.569125,0
              89.85921,26.551661,0
              89.857448,26.539598,0
              89.858806,26.528898,0
              89.846563,26.516339,0
              89.852594,26.506933,0
              89.850895,26.49408,0
              89.851758,26.483062,0
              89.859462,26.478421,0
              89.859165,26.457719,0
              89.85601,26.418113,0
              89.857772,26.392576,0
              89.847417,26.359609,0
              89.81947,26.340433,0
              89.813115,26.321792,0
              89.811345,26.311185,0
              89.811345,26.311177,0
              89.811354,26.311177,0
              89.842797,26.297355,0
              89.865467,26.284804,0
              89.890995,26.271121,0
              89.888271,26.244678,0
              89.886303,26.217421,0
              89.880613,26.177404,0
              89.875498,26.15196,0
              89.872738,26.132366,0
              89.874509,26.10872,0
              89.899121,26.082261,0
              89.923435,26.07831,0
              89.960227,26.082098,0
              89.98251,26.092062,0
              90.010519,26.098841,0
              90.045926,26.092031,0
              90.059427,26.106814,0
              90.067715,26.130452,0
              90.099239,26.152278,0
              90.118709,26.172019,0
              90.121342,26.199346,0
              90.12439,26.218994,0
              90.145918,26.227695,0
              90.148435,26.246537,0
              90.1291,26.255184,0
              90.102448,26.261824,0
              90.098142,26.282224,0
              90.145459,26.308241,0
              90.168821,26.301493,0
              90.189622,26.304948,0
              90.206916,26.321164,0
              90.215581,26.338209,0
              90.22501,26.329702,0
              90.227545,26.311263,0
              90.224813,26.306575,0
              90.217181,26.289181,0
              90.235078,26.283169,0
              90.236327,26.265922,0
              90.245829,26.24935,0
              90.266323,26.237666,0
              90.273263,26.233599,0
              90.268669,26.218258,0
              90.265811,26.198137,0
              90.294908,26.191915,0
              90.317119,26.192636,0
              90.335348,26.205009,0
              90.379178,26.226068,0
              90.401668,26.247754,0
              90.406504,26.267991,0
              90.420859,26.28984,0
              90.454666,26.296216,0
              90.454765,26.296216,0
              90.456572,26.300013,0
              90.45676,26.311534,0
              90.449515,26.311999,0
              90.444688,26.326681,0
              90.44183,26.343726,0
              90.438783,26.358485,0
              90.426333,26.384262,0
              90.403034,26.39896,0
              90.397632,26.444757,0
              90.388868,26.477956,0
              90.370216,26.497334,0
              90.362621,26.530665,0
              90.360247,26.577268,0
              90.35196,26.596939,0
              90.337434,26.635136,0
              90.34476,26.676904,0
              90.344517,26.722461,0
              90.342737,26.767987,0
              90.337686,26.812878,0
              90.337685,26.812878,0
            </coordinates>
          </LinearRing>
        </outerBoundaryIs>
      </Polygon>
    </Placemark>
    <Placemark>
      <name>West Karbi  Anglong</name>
      <styleUrl>#poly-FFFFFF-2000-64-nodesc</styleUrl>
      <Polygon>
        <outerBoundaryIs>
          <LinearRing>
            <tessellate>1</tessellate>
            <coordinates>
              92.522895,26.11333,0
              92.514176,26.109053,0
              92.503911,26.110393,0
              92.479695,26.108069,0
              92.470419,26.110448,0
              92.459317,26.102096,0
              92.449493,26.096052,0
              92.44116,26.086515,0
              92.431902,26.080053,0
              92.422275,26.08058,0
              92.406517,26.082579,0
              92.406571,26.091001,0
              92.409915,26.099911,0
              92.412324,26.102003,0
              92.391227,26.104195,0
              92.370804,26.095006,0
              92.358472,26.07786,0
              92.34311,26.070996,0
              92.332126,26.062899,0
              92.312818,26.050883,0
              92.309177,26.041175,0
              92.300764,26.040423,0
              92.235064,25.978751,0
              92.217419,25.965626,0
              92.199963,25.951742,0
              92.172412,25.938563,0
              92.162767,25.920015,0
              92.160457,25.900033,0
              92.168879,25.878331,0
              92.189536,25.883809,0
              92.206713,25.878734,0
              92.224394,25.870119,0
              92.20568,25.859977,0
              92.181554,25.841429,0
              92.179486,25.820099,0
              92.16461,25.803201,0
              92.152133,25.783429,0
              92.150255,25.756397,0
              92.155252,25.736283,0
              92.164196,25.715062,0
              92.154354,25.696638,0
              92.155783,25.679817,0
              92.163576,25.658712,0
              92.168772,25.64097,0
              92.197356,25.660239,0
              92.220305,25.682591,0
              92.235828,25.68153,0
              92.269617,25.684063,0
              92.301303,25.694275,0
              92.324638,25.69749,0
              92.352746,25.707655,0
              92.372944,25.720253,0
              92.383973,25.717015,0
              92.411452,25.714838,0
              92.420567,25.702364,0
              92.440953,25.693523,0
              92.430751,25.67747,0
              92.439515,25.661967,0
              92.461385,25.656969,0
              92.479327,25.639614,0
              92.502095,25.597652,0
              92.527552,25.592941,0
              92.552406,25.589757,0
              92.554985,25.568985,0
              92.563021,25.546331,0
              92.582374,25.534825,0
              92.603049,25.538722,0
              92.627759,25.546168,0
              92.650105,25.568985,0
              92.658923,25.547539,0
              92.658923,25.547531,0
              92.672272,25.550902,0
              92.680308,25.563848,0
              92.71451,25.570883,0
              92.749153,25.58118,0
              92.766807,25.596281,0
              92.765243,25.609204,0
              92.787598,25.636709,0
              92.785738,25.658371,0
              92.806574,25.674293,0
              92.820785,25.703828,0
              92.832722,25.717898,0
              92.885927,25.730488,0
              92.92733,25.752282,0
              92.928714,25.776487,0
              92.965047,25.787155,0
              92.968804,25.762796,0
              92.978449,25.752251,0
              92.993128,25.792509,0
              92.998899,25.764671,0
              93.022009,25.765973,0
              93.053029,25.755738,0
              93.061038,25.752445,0
              93.070378,25.749098,0
              93.070387,25.749106,0
              93.075726,25.755273,0
              93.059385,25.761719,0
              93.043061,25.774805,0
              93.021317,25.79698,0
              93.011897,25.809376,0
              93.005263,25.821408,0
              92.994998,25.831333,0
              92.984795,25.84693,0
              92.964741,25.84624,0
              92.944615,25.843226,0
              92.918943,25.839949,0
              92.902799,25.837934,0
              92.889577,25.835967,0
              92.884058,25.833479,0
              92.857846,25.83489,0
              92.844471,25.885521,0
              92.812498,25.894881,0
              92.79567,25.903396,0
              92.788533,25.932512,0
              92.772425,25.949131,0
              92.780965,25.972351,0
              92.751383,25.98842,0
              92.752165,25.999778,0
              92.754547,26.016149,0
              92.753126,26.027019,0
              92.717207,26.023649,0
              92.712056,26.004806,0
              92.713324,25.994827,0
              92.709171,25.986847,0
              92.697629,25.98763,0
              92.686591,25.990605,0
              92.678142,25.993115,0
              92.666438,25.993843,0
              92.656272,25.986119,0
              92.658681,25.97342,0
              92.649989,25.966323,0
              92.635768,25.960869,0
              92.625404,25.953408,0
              92.607453,25.944118,0
              92.595795,25.940422,0
              92.585476,25.933132,0
              92.572217,25.929893,0
              92.557071,25.933341,0
              92.552999,25.94294,0
              92.570276,25.968748,0
              92.570132,25.97937,0
              92.5921,25.989264,0
              92.584181,25.99568,0
              92.583561,26.009184,0
              92.59006,26.028468,0
              92.596334,26.041043,0
              92.587849,26.050325,0
              92.575435,26.061141,0
              92.576361,26.075079,0
              92.563902,26.079689,0
              92.549664,26.075761,0
              92.540388,26.066843,0
              92.531426,26.065046,0
              92.51965,26.068912,0
              92.521718,26.085151,0
              92.523291,26.096695,0
              92.525736,26.111021,0
              92.522895,26.11333,0
            </coordinates>
          </LinearRing>
        </outerBoundaryIs>
      </Polygon>
    </Placemark>
    <Placemark>
      <name>Kamrup  Metropolitan</name>
      <styleUrl>#poly-FFFFFF-2000-64-nodesc</styleUrl>
      <Polygon>
        <outerBoundaryIs>
          <LinearRing>
            <tessellate>1</tessellate>
            <coordinates>
              91.950838,26.219343,0
              91.929058,26.214439,0
              91.916114,26.210317,0
              91.904536,26.198339,0
              91.888491,26.18877,0
              91.872401,26.18251,0
              91.852761,26.18268,0
              91.831727,26.182092,0
              91.807673,26.177838,0
              91.787466,26.172151,0
              91.770935,26.166162,0
              91.749731,26.169137,0
              91.749452,26.169432,0
              91.738827,26.165085,0
              91.724418,26.151558,0
              91.712607,26.144608,0
              91.689128,26.142679,0
              91.6668,26.142245,0
              91.643501,26.150411,0
              91.640652,26.146274,0
              91.649766,26.135194,0
              91.631042,26.125912,0
              91.638494,26.108061,0
              91.635321,26.090846,0
              91.649452,26.07989,0
              91.661497,26.068625,0
              91.678009,26.06957,0
              91.686306,26.073003,0
              91.691996,26.061598,0
              91.704454,26.069594,0
              91.726881,26.072212,0
              91.745596,26.068377,0
              91.766477,26.067455,0
              91.771664,26.048194,0
              91.7717,26.048117,0
              91.772896,26.049387,0
              91.783359,26.050464,0
              91.79446,26.057771,0
              91.803287,26.06785,0
              91.815404,26.074614,0
              91.826227,26.081014,0
              91.875081,26.061242,0
              91.869957,26.0264,0
              91.876762,26.005372,0
              91.885948,25.995153,0
              91.905931,25.992155,0
              91.916564,25.985151,0
              91.918227,25.973033,0
              91.925508,25.965432,0
              91.933302,25.98013,0
              91.950488,25.982431,0
              91.978372,25.991938,0
              91.986839,26.003451,0
              92.000493,26.003745,0
              92.016116,26.004466,0
              92.03065,26.004729,0
              92.0439,25.999499,0
              92.066857,26.001622,0
              92.079828,26.007952,0
              92.102714,26.013748,0
              92.126148,26.010548,0
              92.137582,26.017141,0
              92.148503,26.025757,0
              92.160458,26.03658,0
              92.17742,26.043468,0
              92.169995,26.075017,0
              92.162651,26.112602,0
              92.164665,26.125285,0
              92.14782,26.125603,0
              92.129402,26.135481,0
              92.094058,26.136387,0
              92.081806,26.146359,0
              92.05279,26.165403,0
              92.040206,26.159739,0
              92.016358,26.165821,0
              91.955657,26.208179,0
              91.950839,26.219343,0
              91.950838,26.219343,0
            </coordinates>
          </LinearRing>
        </outerBoundaryIs>
      </Polygon>
    </Placemark>
    <Placemark>
      <name>Golaghat</name>
      <styleUrl>#poly-FFFFFF-2000-64-nodesc</styleUrl>
      <Polygon>
        <outerBoundaryIs>
          <LinearRing>
            <tessellate>1</tessellate>
            <coordinates>
              94.000227,26.786543,0
              93.979301,26.777804,0
              93.959507,26.76502,0
              93.949503,26.746162,0
              93.931184,26.73788,0
              93.905062,26.754227,0
              93.887732,26.774643,0
              93.866069,26.779508,0
              93.845727,26.764811,0
              93.823632,26.752259,0
              93.799542,26.746239,0
              93.755075,26.744488,0
              93.743164,26.749323,0
              93.711883,26.765485,0
              93.701106,26.755637,0
              93.686229,26.744264,0
              93.667955,26.7483,0
              93.647937,26.73788,0
              93.652431,26.711986,0
              93.665025,26.677788,0
              93.670139,26.663555,0
              93.65493,26.659898,0
              93.638714,26.656985,0
              93.604835,26.665368,0
              93.563226,26.674735,0
              93.559711,26.686349,0
              93.538273,26.697932,0
              93.523882,26.704339,0
              93.501113,26.708446,0
              93.469284,26.708298,0
              93.441634,26.695631,0
              93.418955,26.696088,0
              93.397229,26.700752,0
              93.367755,26.691315,0
              93.342065,26.675773,0
              93.334775,26.659038,0
              93.32015,26.655482,0
              93.305723,26.648811,0
              93.307359,26.642349,0
              93.315395,26.636445,0
              93.315512,26.632076,0
              93.318236,26.630038,0
              93.315917,26.626652,0
              93.308168,26.620245,0
              93.309543,26.61479,0
              93.318964,26.608786,0
              93.318065,26.601108,0
              93.313166,26.592345,0
              93.307934,26.588913,0
              93.289229,26.589284,0
              93.284986,26.587255,0
              93.292689,26.56952,0
              93.299,26.557983,0
              93.294748,26.545548,0
              93.292636,26.541992,0
              93.293121,26.539699,0
              93.30309,26.534368,0
              93.301157,26.532098,0
              93.298047,26.529464,0
              93.314793,26.533314,0
              93.350838,26.535732,0
              93.394928,26.532865,0
              93.407189,26.523041,0
              93.439072,26.530084,0
              93.457257,26.529588,0
              93.460259,26.526915,0
              93.481581,26.536576,0
              93.476079,26.542348,0
              93.489437,26.557325,0
              93.505599,26.552575,0
              93.534408,26.550685,0
              93.562849,26.560958,0
              93.590247,26.551878,0
              93.585995,26.526512,0
              93.609393,26.5302,0
              93.618786,26.522638,0
              93.626912,26.54616,0
              93.646984,26.553079,0
              93.67209,26.555705,0
              93.702562,26.558696,0
              93.727011,26.548353,0
              93.749313,26.535298,0
              93.738616,26.51472,0
              93.738823,26.497117,0
              93.745295,26.484124,0
              93.755317,26.471572,0
              93.767875,26.453868,0
              93.773403,26.433856,0
              93.786383,26.416253,0
              93.784612,26.397131,0
              93.783344,26.381992,0
              93.799911,26.36896,0
              93.780423,26.348375,0
              93.793178,26.338605,0
              93.809727,26.357238,0
              93.827812,26.376057,0
              93.85708,26.36394,0
              93.876469,26.352008,0
              93.880936,26.345345,0
              93.889736,26.326727,0
              93.88615,26.313246,0
              93.884603,26.301671,0
              93.890788,26.280558,0
              93.876199,26.271408,0
              93.879255,26.260886,0
              93.8745,26.24787,0
              93.870698,26.230151,0
              93.867722,26.221334,0
              93.85405,26.202956,0
              93.857026,26.192543,0
              93.845727,26.178303,0
              93.837331,26.163838,0
              93.826949,26.144181,0
              93.830293,26.120969,0
              93.829412,26.104257,0
              93.822634,26.095541,0
              93.822041,26.080378,0
              93.812441,26.055949,0
              93.799848,26.040314,0
              93.784099,26.019899,0
              93.787641,26.00297,0
              93.793322,25.996121,0
              93.791165,25.982485,0
              93.790302,25.967137,0
              93.802625,25.952509,0
              93.783569,25.949557,0
              93.77369,25.935363,0
              93.77369,25.935355,0
              93.784315,25.921324,0
              93.78907,25.907509,0
              93.790041,25.890394,0
              93.793376,25.867833,0
              93.785358,25.847813,0
              93.783048,25.832387,0
              93.778131,25.815311,0
              93.788855,25.787744,0
              93.809268,25.79154,0
              93.821987,25.815628,0
              93.846329,25.8321,0
              93.871129,25.82044,0
              93.888118,25.8257,0
              93.90135,25.841661,0
              93.918698,25.857722,0
              93.937664,25.869615,0
              93.963256,25.877394,0
              93.979723,25.892758,0
              93.968496,25.917752,0
              93.953772,25.940585,0
              93.957593,25.965982,0
              93.958815,25.983686,0
              93.970411,26.009532,0
              93.985377,26.032102,0
              93.984272,26.052199,0
              93.993314,26.069926,0
              93.989117,26.081013,0
              93.989881,26.095595,0
              94.003049,26.105698,0
              94.001233,26.124595,0
              94.00882,26.145274,0
              94.027328,26.159475,0
              94.037971,26.183424,0
              94.043814,26.203932,0
              94.061099,26.220327,0
              94.0754,26.234118,0
              94.084758,26.248823,0
              94.100857,26.270834,0
              94.11336,26.281511,0
              94.116983,26.287856,0
              94.136219,26.298502,0
              94.15034,26.296836,0
              94.173127,26.301547,0
              94.165387,26.310185,0
              94.165334,26.310154,0
              94.142592,26.311386,0
              94.131059,26.323255,0
              94.119329,26.352836,0
              94.116632,26.379365,0
              94.128479,26.403654,0
              94.102295,26.42806,0
              94.097369,26.446019,0
              94.10376,26.462243,0
              94.107472,26.480652,0
              94.113774,26.499626,0
              94.114403,26.511682,0
              94.100776,26.524791,0
              94.088686,26.533817,0
              94.076632,26.535374,0
              94.071409,26.54626,0
              94.081396,26.561027,0
              94.081863,26.571572,0
              94.088218,26.580986,0
              94.095436,26.594738,0
              94.084875,26.606274,0
              94.072443,26.615138,0
              94.063949,26.617439,0
              94.054097,26.619267,0
              94.049863,26.6271,0
              94.048937,26.638002,0
              94.042061,26.649995,0
              94.041881,26.664391,0
              94.044011,26.679677,0
              94.043229,26.688417,0
              94.032784,26.688215,0
              94.022123,26.697574,0
              94.000766,26.696939,0
              93.9978,26.714883,0
              93.977647,26.715588,0
              93.974339,26.728728,0
              93.977179,26.737917,0
              93.987022,26.767521,0
              94.008389,26.784412,0
              94.000227,26.786542,0
              94.000227,26.786543,0
            </coordinates>
          </LinearRing>
        </outerBoundaryIs>
      </Polygon>
    </Placemark>
    <Placemark>
      <name>Charaideo</name>
      <styleUrl>#poly-FFFFFF-2000-64-nodesc</styleUrl>
      <Polygon>
        <outerBoundaryIs>
          <LinearRing>
            <tessellate>1</tessellate>
            <coordinates>
              94.96595,27.168029,0
              94.943919,27.150171,0
              94.885851,27.099756,0
              94.853887,27.06111,0
              94.839091,27.037371,0
              94.8391,27.037309,0
              94.813203,27.007805,0
              94.817769,26.952153,0
              94.77456,26.881175,0
              94.835864,26.817643,0
              94.847711,26.824244,0
              94.859999,26.84497,0
              94.866219,26.856266,0
              94.877904,26.868306,0
              94.9055,26.884049,0
              94.920898,26.892278,0
              94.9287,26.884538,0
              94.939882,26.881291,0
              94.958031,26.8836,0
              94.965869,26.872095,0
              94.977465,26.865571,0
              94.988638,26.861,0
              94.995946,26.866299,0
              95.018292,26.867826,0
              95.033573,26.879664,0
              95.056081,26.885607,0
              95.073564,26.892107,0
              95.09218,26.899398,0
              95.109421,26.912801,0
              95.113421,26.924601,0
              95.138796,26.938307,0
              95.149924,26.945203,0
              95.191911,26.9824,0
              95.196639,26.982284,0
              95.20703,26.973482,0
              95.221979,26.98116,0
              95.227543,26.984407,0
              95.239678,26.974699,0
              95.256172,26.975962,0
              95.263372,26.980138,0
              95.274968,26.995788,0
              95.299247,27.01508,0
              95.316802,27.026756,0
              95.345063,27.04198,0
              95.369629,27.049968,0
              95.364829,27.07893,0
              95.344928,27.10865,0
              95.323409,27.125308,0
              95.292307,27.130964,0
              95.264002,27.129507,0
              95.254087,27.120768,0
              95.238338,27.125021,0
              95.234941,27.109084,0
              95.21734,27.102034,0
              95.197646,27.098973,0
              95.180675,27.09575,0
              95.176954,27.079898,0
              95.170293,27.080301,0
              95.160109,27.06558,0
              95.146886,27.065317,0
              95.134059,27.075389,0
              95.125933,27.074281,0
              95.113915,27.071306,0
              95.104306,27.075195,0
              95.074014,27.077837,0
              95.054868,27.081742,0
              95.043614,27.09465,0
              95.023344,27.085593,0
              94.994643,27.088405,0
              94.977896,27.093224,0
              94.981761,27.109781,0
              94.97315,27.131909,0
              94.96595,27.168029,0
            </coordinates>
          </LinearRing>
        </outerBoundaryIs>
      </Polygon>
    </Placemark>
  </Document>
</kml>
